:1000000000E90120F10A00004BBB0100DD0A0000FD
:10001000DD0A0000DD0A0000DD0A0000000000002B
:10002000000000000000000000000000B50B000010
:10003000DD0A000000000000550B0000DD0A000092
:10004000810D0000810D0000810D0000810D000078
:10005000810D0000810D0000810D0000810D000068
:10006000810D0000810D0000810D0000810D000058
:10007000810D0000810D0000810D0000810D000048
:10008000810D0000810D0000810D0000810D000038
:10009000810D0000810D0000810D0000810D000028
:1000A000810D0000810D0000810D0000810D000018
:1000B000810D0000810D0000810D0000810D000008
:1000C000810D0000810D0000810D0000810D0000F8
:1000D000810D0000810D0000810D0000810D0000E8
:1000E000810D0000810D0000810D0000810D0000D8
:1000F000810D0000810D0000810D0000810D0000C8
:100100007BB972B90029BEBF00204FF0004106E064
:1001100008BF00281CBF6FF000414FF0FF3000F017
:1001200057B8ADF1080C6DE904CE002909DB002BAE
:100130001ADB00F057F8DDF804E0DDE9022304B033
:100140007047404261EB4101002B1BDB00F04AF895
:10015000DDF804E0DDE9022304B0404261EB410137
:10016000524263EB43037047524263EB430300F098
:1001700039F8DDF804E0DDE9022304B0404261EB28
:1001800041017047524263EB430300F02BF8DDF866
:1001900004E0DDE9022304B0524263EB43037047FD
:1001A00053B94AB9002908BF00281CBF4FF0FF31DE
:1001B0004FF0FF3000F00CB8ADF1080C6DE904CE43
:1001C00000F010F8DDF804E0DDE9022304B0704728
:1001D000704700BF034613F8012B002AFBD1181A01
:1001E000013870472DE9F04786468C460846089E40
:1001F000154674461946002B40F0C2808542B2FA7B
:1002000082F245D94AB1C2F1200300FA02FC2EFA6B
:1002100003F3954043EA0C0C94404FEA154EA8B204
:10022000BCFBFEF8230C0EFB18CC08FB00F943EADC
:100230000C43994528D9EB1808F1FF3704D29945AA
:1002400002D9A8F102072B44A3EB0903A4B2B3FB24
:10025000FEFC0EFB1C330CFB00F044EA0344A042FE
:1002600014D92C190CF1FF3304D2A04202D9ACF1FD
:1002700002032C44241A43EA07401EB1D440002351
:1002800034607360BDE8F0874746DDE76346F1E719
:1002900092BB431B01214FEA154EAFB2B3FBFEFCEC
:1002A000200C0EFB1C330CFB07F840EA0343984577
:1002B00062D9EB180CF1FF3004D2984502D9ACF1A9
:1002C00002002B44A3EB0803A4B2B3FBFEFC0EFB1D
:1002D0001C330CFB07F744EA0344A7424ED92C1900
:1002E0000CF1FF3304D2A74202D9ACF102032C4433
:1002F000E41B43EA0040C0E7C2F1200320FA03F107
:10030000954090402EFA03F303434FEA154EAFB2E7
:10031000B1FBFEFC0EFB1C10190C0CFB07F841EAAC
:100320000041884504FA02F422D969180CF1FF3023
:1003300004D2884502D9ACF102002944A1EB08019E
:100340009BB2B1FBFEFC0EFB1C110CFB07F743EA52
:1003500001439F420ED9EB180CF1FF3104D29F42AA
:1003600002D9ACF102012B44DB1B41EA004192E7C8
:100370006046E3E76146F7E76046A3E76346B7E711
:10038000834206D916B9002108467BE7C6E900E09A
:10039000F9E7B3FA83F78FB9834201D3724508D8DE
:1003A000BEEB020460EB030301209C461EB9002152
:1003B00068E73846FAE7C6E9004CF8E7C7F1200CD1
:1003C000BB4022FA0CF41C432EFA0CF120FA0CF379
:1003D000B84001434FEA14490EFA07F5B3FBF9F8A8
:1003E0001FFA84FE09FB18300B0C08FB0EFA43EAD7
:1003F00000439A4502FA07F240D9E31808F1FF30AA
:1004000004D29A4502D9A8F102002344A3EB0A03BF
:1004100089B2B3FBF9F809FB183308FB0EFE41EA79
:1004200003418E452CD9611808F1FF3304D28E4563
:1004300002D9A8F10203214443EA0040A0FB02983C
:10044000A1EB0E014145CE46434602D306D14D45B0
:1004500004D2B9EB020E68EB04030138002EA6D0DB
:10046000B5EB0E0261EB030101FA0CFC22FA07F373
:100470004CEA0303F940C6E9003198E74046C5E776
:100480004346D9E737B5274D284633F03EFB40B900
:1004900025481BF081F900214FF4004033F094FC13
:1004A000F9E707F01FF804464FF47F002CF010FA2C
:1004B000C0F307238DF80130C0F307438DF80230F5
:1004C0008DF8000000220099204620F033F92046E4
:1004D00014F006FF1549044630F0E5FE2CF02EFA24
:1004E000C0F307238DF80530C0F307438DF80630BD
:1004F0008DF8040001990022204620F031F92046B1
:100500001EF0DFFD0EF04EFFAB685B680BB12846B6
:1005100098470EF047FF00214FF4A47033F054FCCD
:10052000F7E700BF08420300DC590300EF5903005E
:10053000014B1B68184700BF00000020014B1860EA
:10054000704700BF0000002030B585B004460D465E
:1005500010220021684633F001FD02238DF802309D
:100560002A46044B0193214668461AF0B1FC05B0B7
:1005700030BD00BF3105000080B505460E46174668
:1005800098461AF03BF9034633F054FDDFF8189013
:10059000044649F80030424630463946A84754F8E8
:1005A000090000F0C1FA00BF080000002DE9F04783
:1005B000058B04462807904611D4022905F007054B
:1005C00040F0CC8020461BF0F4F878B10138218B44
:1005D000042811D8DFE800F0C2106D8595000129CC
:1005E0000CBF45F0100545F02005258388F31188E0
:1005F000BFF36F8FBDE8F08701F0070AAA4500F04E
:10060000A5800027B9463E46A368002B00F0BC80B9
:1006100041F00801218388F31188BFF36F8FA1682F
:10062000002900F0BA800D68002900F0B680D1F8EA
:100630000480334652462046C047002D76D02B68B2
:1006400029461D46F0E701F007035A1F012A1BD86F
:10065000002221F00701062B276889B2C4E9002295
:1006600009D13B4603E0628B013262831B68002B99
:10067000F9D141F00201218320461BF09AF80028AD
:100680007AD041F0200176E0042B0AD121F0070155
:1006900089B2218320461BF08CF810B141F0200173
:1006A0002183218B01F0070AAA454FD00027B946C4
:1006B000AAE7236921F0070141F00601062DD3F8CE
:1006C000009021832DD1B9F1000F3FD041F00801F6
:1006D000218388F31188BFF36F8F3A492046C847BA
:1006E00029E021F00701236941F0040189B2042DBA
:1006F000D3F804902183E6D000273E464FF0040A49
:1007000082E721F00701236941F0050189B2052D37
:10071000D3F808902183D6D000273E464FF0050A33
:1007200072E700273E464FF0060A6DE72B4687E743
:10073000B9F1000FD1D1EFF31188202383F3128890
:10074000BFF36F8F238B23F008032383258BEA06E7
:100750002ED525F01003238305F007056669218B4C
:10076000002EBFF670AF00232768C4E9003321F0E4
:10077000070141F001012183218B01F0070AAA45FD
:100780004FF000097FF440AF002F9CD041F00801EA
:10079000218388F31188BFF36F8F002FC8D03D6885
:1007A00039463346524620461BF02FF82F46F4E7D1
:1007B000AB067FF51BAF25F02003238305F007056B
:1007C00000E700BF37B80100014B0360002070470D
:1007D0004845030030BFFFF7FDBF00BF2DE9F041E2
:1007E0000B4EDFF8308006EB0807CC1B054632467F
:1007F0000949204633F08AFBA01942460021083CF3
:1008000033F0ACFB2C6707F10800BDE8F08100BFB6
:10081000000000000400000004450300054B5A6975
:100820009B689A421FBF044A536843F08053536049
:10083000704700BF80CA012000ED00E070B5264B74
:1008400015469A6A12F0100F9A6A14BF11241024E8
:1008500012F0080F9A6A18BF1224920706460AD5AA
:10086000586B9A6A140634D519B19A6A22F080023C
:100870009A62132401E06FF01500174B9A6A12F088
:10088000010F9A6A18BF142412F0200F9A6A18BF39
:100890001524D20602D49B6A9B070AD50E4B5B68CF
:1008A000190506D5314600F025FA10B180F3098804
:1008B0000224094B9A6A920642BF5A6A22F40052F5
:1008C0005A629A6A42F0FF029A6200232B70204615
:1008D00070BD6FF01500CCE700ED00E0134B9A6A95
:1008E00012F0007F9A6A14BF1E201D2012F0807F34
:1008F0009A6A18BF1F2012F4002F9A6A18BF21208D
:1009000012F4802F9A6A18BF222012F4003F9A6ACC
:1009100018BF232012F4803F9A6A6FEA02426FEAFE
:1009200012429A6218BF2420704700BF00ED00E019
:1009300010B5194B0246986A9C6A10F4805F14BF88
:100940001720162014F4006F9C6A18BF1820A40505
:1009500009D5986B986A000404D51AB19A6A22F4F2
:1009600000429A6219200C4B9A6A12F4806F9A6ABC
:1009700018BF1A20D2050CD49B6A13F4005F18BF6D
:100980001C20054A936A43F47F43936200230B7053
:1009900010BD1B20F5E700BF00ED00E0F0B5484BAF
:1009A0005B688BB00446C3F30803002585F3118808
:1009B000BFF36F8F02F07F40B0F17F4F11D102F093
:1009C0000C0008280DD010074CBF0C460125002252
:1009D000033B8DF80720032B05D8DFE803F02463E1
:1009E00067602C46F3E700239DF80720CAB902AEE2
:1009F00004F1200720686168324603C20834BC4213
:100A00001646F7D1099A002D54D0C2F3080121B936
:100A10006FEA52226FEA4222099202A918461BF09D
:100A20008AF80BB0F0BD264BDA6A9107DBD4DA6A9C
:100A3000002AD8DBDA6A5200D5D55A69A16942F496
:100A400080725A61BFF34F8FBFF36F8F5A6931F8CD
:100A5000021C22F480725A61BFF34F8FBFF36F8F75
:100A60004DF6027291420AD09A6AD2B24AB10DF1A1
:100A7000070201212046FFF7E1FE0346B4E72368A1
:100A8000B2E79A6A12F47F4F05D00DF107010120F9
:100A9000FFF74EFFF1E79B6AB3F5803FA3D3FFF763
:100AA0001DFFEAE70DF107020021E3E70DF1070161
:100AB0000020EDE722F4FF7222F00102ACE700BF54
:100AC00000ED00E0044B5A6942F010025A615A6985
:100AD00022F008025A61704700ED00E0EFF3088051
:100AE000EFF3098101B57246FFF758FF01BD00BF62
:100AF0000B4880F3088802F09BF8202080F31188CF
:100B000008484FF40461401880F30988EFF314801B
:100B10000221084380F31488BFF36F8F00F0B2F80E
:100B200000E9012040CF0120084B9B6883420BD194
:100B3000EFF3058343B1064B5A6842F080525A6086
:100B40005A6A22F400425A6219F05EBE80CA01203D
:100B500000ED00E014498A684FF030001044EFF3D4
:100B6000098C80E8F01F202080F31288BFF36F8F7C
:100B70000E4F4FF000664A698A603E60106F0C4C61
:100B80002060506F0023536780F3118804B510462E
:100B900000F014F9BDE8044002F1300090E8F01FC5
:100BA0008CF309887047000080CA012004ED00E042
:100BB000784600201EF0040F0CBFEFF30880EFF31F
:100BC0000980816911F8021C0229FFD001B5724623
:100BD0001AF0B7FF01BD00BF40B2002807DB044A8E
:100BE0004109012300F01F00834042F82130704783
:100BF00000E100E040B200280CDB4309064900F0A8
:100C00001F0020330122824041F82320BFF34F8F81
:100C1000BFF36F8F704700BF00E100E0054B420952
:100C200000F01F0053F82220012303FA00F01040C7
:100C3000704700BF00E100E040B20028A8BF00F10B
:100C4000604001F10101B8BF064B4FEA4111ACBF52
:100C500000F5614000F00F00C9B2B4BF195480F82C
:100C60000013704714ED00E0044B054A23F07F03A6
:100C70009360BFF34F8FBFF36F8F7047000000008A
:100C800000ED00E008B5FFF7EFFF0B4AD2F888301F
:100C900023F47003C2F88830EFF3148323F00403C5
:100CA00083F31488BFF36F8F18F044FE19F0E0FE51
:100CB00000F05AF818F082FE00ED00E042F8203C07
:100CC000009B42F81C3C0A49019B42F8183C029BDD
:100CD00042F8143C21F001014FF0807342F8043CCB
:100CE00042F8081C0023203A02654367704700BFA2
:100CF00079050000094A0346906870B113F1160F98
:100D0000006E05D0A0F140029A4205D8834203D27A
:100D1000814228BF002070470020704780CA012010
:100D200008B515460B4A0C4B9060026F1A600E46D0
:100D300000F044F82C4686F309880020034B9847BE
:100D40002046002100220023014C204761BB010006
:100D50007905000080CA012078460020014B10224E
:100D60001A61704700ED00E0044800232021C218FA
:100D70000133302B82F80013F9D1704700E100E015
:100D800008B5EFF30583064A103B02EBC30152F8A6
:100D9000330049688847BDE80840FFF73FBD00BF02
:100DA00088420300024B034A0348012100F076B851
:100DB000000004200000002060450300026E054B87
:100DC000403A1A60044A4021C3E901121846012141
:100DD00000F06EB87C46002000000B15084AC2F8EF
:100DE00098000B6823F01F03034343F01003C2F87D
:100DF0009C308B6843F00103C2F8A030704700BFFD
:100E000000ED00E02DE9F043DFF8608085B00E468C
:100E10001F4604464FF00009B14523DA6068D8B197
:100E20003FB1411E08421BD11F2819D9236819421E
:100E300016D1236801931AF0B6FEA3680343039307
:100E4000D8F89050C5F30725D0B2013DA84207D885
:100E500001A9FFF7C3FF421C09F101090C34DBE7CC
:100E60006FF01502104605B0BDE8F08300ED00E01C
:100E7000044B0522C3F89420BFF34F8FBFF36F8F4D
:100E8000704700BF00ED00E0BFF35F8F024B002210
:100E9000C3F89420704700BF00ED00E010B5034C8C
:100EA00001232278FFF7AEFF207010BDBCCA0120DD
:100EB00008B50B4A00231278FFF7A4FF10F1160FB4
:100EC00007D0084A0021D2F89030C3F30723984294
:100ED00000DB08BDC2F89800C2F8A0100130F2E7AC
:100EE000BCCA012000ED00E02DE9F043534B544C07
:100EF000D3F890302568C3F307239D4285B000F2F4
:100F00009A80FFF7C1FF00200C2685421AD14D4C74
:100F10004D4F25706846FFF757FCDFF82081DFF85A
:100F20002C9106460025AE4213D123784349002078
:100F3000D1F89020C2F30722934276DBFFF798FFA7
:100F4000002042E0616806FB0011FFF747FF013017
:100F5000DBE7009800EB05114FEA051CCB683B402E
:100F6000B3F5000F48D00AD8B3F5001F30D0B3F561
:100F7000800F36D0B3F5801F10D00135D3E7B3F121
:100F8000807F42D0B3F1007FF7D150F80C308868F1
:100F90004A681AF008FE40F4802009E050F80C304E
:100FA00088684A681AF0FFFD40F0885040F430200D
:100FB000CDE901230390D8F890302078C3F30723BC
:100FC000013B98422AD96FF0150005B0BDE8F083C7
:100FD00050F80C3088684A681AF0E5FD40EA0900CC
:100FE000E6E750F80C3088684A681AF0DCFD40F0FB
:100FF000C06040F40030DBE750F80C3088684A6885
:101000001AF0D1FD40F08270D2E750F80C308868B9
:101010004A681AF0C8FD40F08870C9E701A9FFF7D7
:10102000DDFE237801332370A7E7C1F89830C1F8BB
:10103000A00001337CE74FF0FF30C6E700ED00E091
:101040006C450300BCCA01200000F0FF000008113D
:1010500008B5024B1B689847002008BD8846002051
:10106000034B044A1860937843F00203937070476F
:10107000884600200400002008B50649064821F0F3
:101080000701C1F1005202F580221AF046FB002050
:1010900008BD00BF4F7002208C4600200E4A01237D
:1010A000C2F840354FF080424FF08051C2F8783599
:1010B000D1F83001082808D1D1F83411052904D815
:1010C0000648415C09B1C2F838364FF0804301222E
:1010D000C3F880250020704700E00140355A030026
:1010E00020B1034B800143F001031847704700BF54
:1010F000404503007FB50D4D0D4E4FF0FF324FF0D0
:10110000FF3301A9284618F019FD0028F5D1094C34
:10111000B442F2D2236813B1019A934203D1D4E9C5
:10112000013101A898470C34F2E700BFB801002054
:1011300004450300F8440300F0B585B0DDE90C5424
:1011400017461E46019023469DF828008DF808009A
:101150002C432A468DF80910ADF80A7003960AD080
:10116000094932F067FFD1F88040084909588C429C
:1011700004BF00221346064801A918F087FC00EAC4
:10118000E07005B0F0BD00BF204500200800000061
:10119000B8010020084B70B5C31A0D4607499B10D3
:1011A00004465943064840221AF01BFD2B460146CF
:1011B0002046BDE870401847AC460020B76DDBB64E
:1011C000E840030073B50C4C0C4A4023041B009309
:1011D0000D460B460A49A4106143064609481AF019
:1011E0002CFD011E05DA30462B4602B0BDE87040EA
:1011F000184702B070BD00BFAC460020A5BC01007E
:10120000B76DDBB6E840030010B5EFF3118420237F
:1012100083F31288BFF36F8F074A136823F002012C
:10122000DB07116002D401201BF017FB84F3118847
:10123000BFF36F8F10BD00BFFC460020002270B5C9
:10124000012104461046FFF7F7FC0F4801F07AFE33
:101250000E4B984215D101F085FE26690C493046A7
:101260001AF0F6FA00280BDB0125356424690849D9
:1012700004F11C001AF0ECFA002801DBE564002000
:1012800070BD6FF00400FBE78D1300000000AD0B94
:101290008C4503001FB500220123CDE90223094A32
:1012A000CDF800D06B46CDF804D01AF0F4FC00283D
:1012B00005DB4FF480420023684618F09DFD05B021
:1012C0005DF804FBC3BC010030B4104B0C2202FBE0
:1012D000003301460020D3E90E529863EFF31180EA
:1012E000202484F31288BFF36F8F1C6C04F0C004B9
:1012F00044F002041C6480F31188BFF36F8F1DB1AA
:101300002B46034830BC184730BC7047AC46002021
:10131000E840030010B4EFF31182202383F3128816
:10132000BFF36F8F1748016841F002040460C807DB
:1013300007D482F31188BFF36F8F012010BC01F036
:1013400023BE4FF08041D1F80C04D1F80C14C9072A
:10135000EFD5EFF3118083F31288BFF36F8F0A4943
:101360000B6C03F0C00343F002030B6480F311889D
:10137000BFF36F8F82F31188BFF36F8F002010BC13
:10138000FFF7A2BFFC460020AC46002010B10128A8
:1013900004D07047034B1B6C5B0701D1FFF794BF70
:1013A000704700BFAC4600202DE9F0413849BFF33B
:1013B0005B8F0746012251E8003F41E800200028EA
:1013C000F9D1BFF35B8F33B9324933484B60CB60FF
:1013D0008A601AF050FA7B1E012B2BD8012F07D1FF
:1013E0004FF08043D3F81C3403F00303012B21D0CA
:1013F00032F066FC0546F8B9284B1B78E3B14FF094
:1014000080430222C3F808230646DFF894804FF099
:101410008044D4F81824D4F81834D20315D503F036
:101420000303012B01D0012F0FD155B386F311888F
:10143000BFF36F8FBDE8F081EFF31186202383F3B4
:101440001288BFF36F8F0125DFE7ADB130461AF088
:101450009BFBD4F81835002BDBD1D4F80421002AEB
:10146000D7D0C4F80431D4F804310123C4F81835B6
:10147000C8F88031A360CCE70021212032F0A4FC21
:10148000E7E74FF080430222C3F80423D2E700BF0E
:10149000A846002098460020C8460020D2CA012055
:1014A00000E100E008B5074832F02FFB38B10648EC
:1014B000FFF7D6FD0448FFF741F8002008BD6FF0A4
:1014C0001200FBE768410300CD1400000A2838B57C
:1014D000074D044604D1AB680D215B682846984748
:1014E000AB6803485B68E1B29847204638BD00BF4F
:1014F00068410300EFF31182202383F31288BFF3C6
:101500006F8F0A4BD3F8001161B10021D3F80805A1
:10151000C3F80011D3F80031C0B282F31188BFF3D1
:101520006F8F70476FF00A00F7E700BF00D00040F0
:10153000F0B5034610469C7893F803C0EFF3118290
:10154000202585F31288BFF36F8F1F7893F801E091
:10155000E41B04EA0C04A04288BFA0B23E180CEAC7
:1015600006063D461E7082F31188BFF36F8F0A187E
:101570008A4216D177450CD1EFF31182202181F3F5
:101580001288BFF36F8F1978597082F31188BFF3F7
:101590006F8F1B79241AA34222BF064B01221A60C7
:1015A000F0BD5E190135767901F8016B05EA0C058D
:1015B000DEE700BF00D00040DB432DE9F04713F029
:1015C00001050E46144604D02248FFF7B1FFBDE8DE
:1015D000F0879AB3EFF31188202383F31288BFF3C7
:1015E0006F8F0D20FFF71AFB07460D20FFF702FB58
:1015F00088F31188BFF36F8FDFF85CA0DFF85C80A1
:10160000CAF80051DAF800314FF400590123CAF842
:1016100000302546C8F88091DAF8003183B1FFF731
:1016200069FF031EC8F88091F6DB013DADB273552A
:10163000002DF1D117B10D20FFF7CEFA2046C6E7F5
:10164000EFF31180202383F31288BFF36F8F1AF01A
:101650009BFAE1E72047002000D0004000E100E0D5
:101660002DE9F041124F0D46144607F1350814B923
:101670002046BDE8F0814FF0FF334FF0FF3238468F
:1016800018F0BAFB224629464046FFF751FF0646AE
:10169000384618F07DFB3EB94FF0FF324FF0FF3374
:1016A000044818F0A9FBE6E7A41BA4B23544DEE722
:1016B000004700201047002038B5184C0122114681
:1016C000204632F07AFA0122002104F1100032F0B3
:1016D00074FA40F2074323874FF0706323620C23B0
:1016E00084F8243000250E4B84F83550E586D3F875
:1016F000042522F00102C3F804250121C3F800519A
:10170000D3F80021C3F804132A4619600D20FFF70F
:1017100093FA0D20FFF760FA284638BD00470020F5
:1017200000D0004010B5FFF7E5FE002820DB174B86
:1017300093F8222093F8214093F82310141B31EAE8
:101740000404C0B20DD193F8372093F8364093F8D3
:101750003810141B31EA04040BD10D4B01225A60DE
:101760000EE09C180132114084F8250083F8221005
:1017700010BD9C180132114084F83A0083F83710EC
:101780000448BDE8104018F003BB00BF004700202C
:1017900000D0004010470020F0B516464268107B8C
:1017A00001F01F0444EA4014106987B0002872D089
:1017B000B6F5001F02F1100506D1214628461BF0A0
:1017C000DDF8002007B0F0BD01A80027B6F5800FB6
:1017D0000197476039D1B3F1007F14BF052304237B
:1017E0008DF804300023CDE904030393936823FAB2
:1017F00001F111F001010DF103073ED1B6F1A07F17
:101800003BD104F01F03620903F5E07328D0012ADD
:1018100047D1254A52F82330DB072ED43A462146D9
:10182000284601F099FE214B98421CD0029703AA4A
:101830002146284601F052FD1D4B98422ED101222F
:101840002146284601F0ECFEBBE7B3F1C06F05D09E
:10185000B3F1007F14BF01230223C1E70323BFE7D5
:101860004FF0A042D6E73946284601F0D3FE104B90
:101870009842DBD06FF00B00A4E73A462146284699
:1018800001F06AFE0A4B9842D1D19DF80310284618
:1018900001F0BAFECBE76FF0850093E76FF015001B
:1018A00090E751F82330FFDE000300500400AD0B39
:1018B0000000AD0B420970B5034602D0012A17D0D3
:1018C00070BD0D4E326951680029F9D003F01F0335
:1018D00001250C689D400029F2D08A682A4002D078
:1018E0004B68304698472CB1236821461C46F2E7E6
:1018F000024EE7E72346F8E72841030008410300CA
:1019000038B545682B69B3B11035284601F072FE31
:10191000044680B90146284601F038FE084B98423B
:101920000BD108492246284601F010FE2246052127
:101930000620FFF781F9002038BD6FF00400FBE7B7
:101940000000AD0BB51800002DE9F043466840F2E9
:101950000635D006337B87B002EA050554BFC2F3D3
:101960004010032001F01F07B5F5837F144647EAB6
:1019700043178DF8030045D00DD8062D16D005D895
:10198000A5B1022D40D06FF0150038E0B5F5807F8D
:10199000F9D101250AE040F20222954236D0B5F590
:1019A000407F35D0B5F5007FEDD10225012322031C
:1019B00003FA01F12ED57368C3F80815326992BB9A
:1019C00007F01F037F092BD0012F79D13F4A02EB8B
:1019D000830284F48033D2F80017C3F30043C4F3C6
:1019E000404444EA430421F4E16144EA800421F0E4
:1019F000070144EA05230B43C2F80037002007B073
:101A0000BDE8F0830725D1E70425CFE70525CDE71D
:101A10000325CBE7630344BF7368C3F80C15CDE718
:101A20004FF0A042D3E710360DF10202394630469E
:101A300001F092FD14F4403F80460CD13946304607
:101A40001AF09AFF224B9845D8D19DF802103046E3
:101A500001F0DAFDD2E701AB4FF0000903AA3946E5
:101A60003046CDE90439CDE90199CDF80C9001F06B
:101A700035FC174B9842C1D114F4003315D09DF8B2
:101A800003308DF80E3084F48034C4F300444B46A8
:101A900003AA394630468DF80C508DF80D4001F000
:101AA000D7FC0B4B9842A9D1CCE7CDE9043303AA6C
:101AB0000DF1030339463046039301F00FFCF0E7C4
:101AC00003F5E07352F82330FFDE00BF000300503F
:101AD0000000AD0B02780B69012A08D0022A08D059
:101AE0004AB9064A5A6203F1140018F051B9044A7F
:101AF000F8E7044AF6E7044AF4E700BF0000AD0B3C
:101B00000100AE0B0200AE0B0100AD0B2DE9F04F52
:101B1000D0F81090D0F8048085B005460C461746E2
:101B2000029309F1040A4FF0FF324FF0FF335046A1
:101B300018F062F909F1140B00230022584618F03E
:101B40005BF9404602F0F2FC7B1E00260393B7428D
:101B500001D8002322E0039B217AB34283BF237D77
:101B600083F00403C3F3800300230193029B0093DB
:101B7000D4E90023284600F04DF8034670B94FF42D
:101B800080420023584618F037F998B1404602F0D9
:101B9000DDFC284600F02CF86FF004034046029369
:101BA00002F0D4FC504618F0F3F8029B184605B03A
:101BB000BDE8F08FD9F82430034A934204F10C04B5
:101BC000EAD10136C3E700BF0000AD0B08B50346FC
:101BD0004068826900F1080102F064FC034B9842FE
:101BE00014BF6FF00F00002008BD00BF0000AD0B58
:101BF00008B543681B68D3F80805D3F80C1502F044
:101C0000ABFD034B984214BF6FF00F00002008BDDE
:101C10000000AD0B2DE9F04186B00C4647689DF8F9
:101C200034801546002112220DF106001E4632F0C6
:101C300095F9BDF830208DF8052004F0010314F06B
:101C400008028DF804300296049519D1A10704D436
:101C5000B8F1000F12D19BB9202201A9384602F039
:101C600091FC0A4B98420ED00B3398420CBF6FF098
:101C70000F006FF0040006B0BDE8F0814022ECE7F1
:101C80006FF08500F7E70020F5E700BF0000AD0B1F
:101C9000F7B5446805690646E06831F036FF00286C
:101CA00048D02846254940F8046B31F0D1FF6069DF
:101CB00000282ED0217E638BD0F810C0D0F808E029
:101CC000DCF80060DA0754BF43F4D01383F4B01398
:101CD000012723F480128F40DB074CBF3E43BE43F5
:101CE000CCF80060DEF800309847002820DB0021A7
:101CF000A42032F069F8237E6069012199400369CC
:101D00001B68194283680CBF1B69DB689847002871
:101D10000EDB18350A490022284632F0E3F84FF46A
:101D2000A47200232846CDE9002319F07BF8002097
:101D300003B0F0BD6FF01200FAE700BF99C10100D7
:101D40005BC101002DE9F74F4568EC681834804607
:101D5000002701944FF0010B6B68BB4204DC2B7D24
:101D6000002B69D1002048E00C23D5F808A003FB24
:101D700007F60AEB06095AF8060031F0C6FE0028FD
:101D80006DD0B9F806305AF8060099F8041043F4FB
:101D90008032D0F810C0D0F8089013F0010FDCF8B2
:101DA00000300BFA01FE14BF4EEA030323EA0E03D0
:101DB000CCF80030D9F800309847F0B944F8188CC6
:101DC0002969204631F070FF2B7D13B1013748346B
:101DD000C2E7D5F80890234A09EB060AA4F11401DA
:101DE0009AF804300BFA03F344E9042359F8060087
:101DF0008368DB6923B96FF0570003B0BDE8F08F4B
:101E0000012298470028F8DB9AF8041059F80600D8
:101E10001AF02FFA04F8080C59F806009AF8041082
:101E200083689E69002EE6D04FF0C0634FF0A07229
:101E3000B0470028CADAE0E72D684FF4004440F2CA
:101E4000E73000214FF47A720023E5FB0401FEF72E
:101E5000A7F902460B46019818F0BAF982E76FF02D
:101E60001200CAE79BC201007FB50346044653F83F
:101E7000185D6968CA689B1A114ADB1053438A6867
:101E8000D618D05831791AF0F4F9031E15DB14F97D
:101E9000082C9A4211D004F8083C4FF0FF304FF064
:101EA000FF313289003BCDE902014FF00101009181
:101EB00018BF01232846FFF73FF904B070BD00BFEB
:101EC000ACAAAAAA036803F01F025B09026004D04F
:101ED000012B034818BF002070474FF0A040704707
:101EE000000300502DE9F04FDFF89491DFF894A142
:101EF00085B01546834600EB810140F2FF18594535
:101F000003D1002005B0BDE8F08FDBF800305E049F
:101F1000C3F3C322C3F3080400F1AC801B0E19F80D
:101F20000270444508BF4FF0FF34222B00F2A58019
:101F3000DFE803F012191F22252B22A3A3A3A33B42
:101F400068A3A3A3A3A3A3A3A3A36B818487A3A331
:101F5000A38A9194979A9D00C5F80C45601C5ED1A8
:101F60000BF1040BCBE7C5F81445621CF8D0002632
:101F70005FE0C5F80845F1E7C5F81045F5E7631CD3
:101F8000C5F80845ECD0002604E0661CC5F80C45F1
:101F9000E6D0012603A80394FFF794FF039B0122D8
:101FA00002FA03F3C0F80C3508E0C5F80845002F25
:101FB000DBD1631CD4D0002632460627DBF8003084
:101FC000019303F40040002818BF002203A80092E8
:101FD00018BF01260394FFF775FF039C019B009A2D
:101FE00000EB8400C3F3412CD0F800473B0243EAE6
:101FF0008C03134304EA0A04234343EA4603C0F86C
:102000000037ADE7C5F80C45D1E7C5F86045601C61
:10201000DBF80030A4D0C3F30043002BB9D003A8F1
:102020000394FFF74FFF039B012606FA03F3C0F862
:1020300008353246C2E7C5F86445E8E7C5F86845A3
:10204000E5E7C5F86C45E2E7C5F82445621C87D092
:1020500000220126B2E7C5F828457FE7C5F83045DC
:10206000F4E7C5F83445F1E7C5F83845EEE7C5F8BB
:102070003C4573E76FF0150044E76FF0850041E7DA
:10208000D05A0300F0F8FCFF036803F01F025B095D
:10209000026004D0012B034818BF002070474FF0A6
:1020A000A04070470003005073B504460022012190
:1020B0001C20FEF7C1FD60682369244A00F1080175
:1020C00001F088FC224B98423CD16568AE6B01AAB6
:1020D000002130461AF026F9002805DB019B326802
:1020E00019791868FFF7FEFE002631462B6801F5C6
:1020F000AC7253F82230002B0EDB01A80193FFF7DE
:10210000C3FF019AD0F80435D34013F001031CBF7C
:1021100001238B403343DEB201310429E6D1002391
:1021200001206268916A00FA03F232420CBF012278
:102130000022D20321F813200133042BF1D1002017
:1021400002B070BD6FF00F00FAE700BF4BC3010093
:102150000000AD0B2DE9F041044647680D4631F013
:10216000AFFD4FF0200888B9264B1B7873B1642669
:1021700060681AF0A3F9F0B901201AF060FB013E83
:10218000F6D10021212031F01FFEF0E7EFF3118698
:10219000314688F31288BFF36F8F60681AF08EF9AA
:1021A000A8B986F31188BFF36F8FEFE786F3118824
:1021B000BFF36F8FE5E7EFF31186314688F312889E
:1021C000BFF36F8F60681AF079F90028EED0BB6911
:1021D0001D706368BA691B680020C3F8442501229A
:1021E000C3F84825C3F82001D3F82041C3F85801AB
:1021F000D3F858019A6081F31188BFF36F8FBDE85F
:10220000F08100BFD2CA0120F7B5054600220121A6
:102210000220FEF711FD0220FEF7DEFC6A6811685D
:102220001369C1F82435137D507D927D0343134318
:10223000C1F86C356E68D6E9004313F0010348D04D
:102240002F6907F108001AF006FB304B98425AD16B
:10225000387A04F10C0204F590711AF0F2FA387A27
:10226000012707FA00F000F005FE0823C4F8003546
:10227000B369C4F844350023C4F84835A760D4F8DE
:102280005831002BFBD00021C4F800156B68DC68C6
:1022900001AA20461AF046F8002805DB019B2268B7
:1022A00019791868FFF71EFE6A6813680821C3F8D9
:1022B0000015117A51B9D269C3F834250122C3F847
:1022C0003825C3F81011D3F810111A60002003B09C
:1022D000F0BD0822C4F80025B269C4F84425C4F84A
:1022E00048350123A360D4F82031002BFBD0002314
:1022F000C4F82031D4F820310123E3604FF4807317
:10230000C4F80433BBE76FF00400E0E70000AD0B56
:102310002DE9FF410569D0F804802B6D0646A86CB5
:10232000002835D1002B53D0B8F838406A6CEF6CD8
:102330009C4228BF1C46EB6C53B1296D41B107F09C
:102340006041B1F1005F03D0082C6F6E28BF0824F4
:1023500000926A6CAC651AB1AA6C002A18BF2246BA
:10236000CDE901271BB12B6D002B18BF234600229E
:1023700069464046039301F043FE184B984229D02A
:102380006FF00401304604B0BDE8F0411AF0B4B972
:10239000696CEF6CB8F838400A46ABB1834228BF8D
:1023A00003469C4228BF1C460029C4D001F060436C
:1023B000B3F1005FBFD0082C28BF08242246286E46
:1023C00031F0A4FD2A6EB6E7844228BF0446EBE74D
:1023D0001946D7E704B0BDE8F08100BF0000AD0B9F
:1023E0002DE9F04F8FB004690193436802938B8805
:1023F00007469804884691462ED44FF0FF324FF09E
:10240000FF3304F1100017F0F7FCC4F80480D7F88C
:1024100004B0D7F810A0DBF8083003939AF85D30C9
:1024200023B1DAF80030984500F0B580B8F804E040
:102430001EF4006F17D06FF08505236813B19B88D9
:102440009B0405D40023636004F1100017F0A0FC86
:1024500028460FB0BDE8F08FA369002BCDD163688B
:102460009942CAD1D3E71EF0090F02D06FF01505CB
:10247000E3E7CEF34513082BF8D1D8F800C0984B0A
:102480009C45F3D90BF10C060FCE04AD0FC50FCE52
:102490000FC5039B634528BF63469C4696E803002F
:1024A000904B9C4585E8030017D28F4B9C4514D276
:1024B0008E4B9C4511D28E4B9C454CD88D4B9C45E8
:1024C0004BD88D4B9C454AD88C4B9C4549D88C4960
:1024D0008C4B8D4A8C4588BF13461EF0020F099322
:1024E0000EF004033FD0002B14BF032302238DF80A
:1024F0002830CEF300138DF82930DBF80030D3F804
:102500000835591C12D01EF0020F03F01F00CEF345
:1025100040014FEA53134FF001022BD13BB39342DA
:1025200040F0D680794B8240C3F80C259AF85D3094
:102530002BB1584601F016FD00238AF85D303B466A
:10254000734A04A9584601F0D9FC724B98421DD039
:102550006FF0040571E7704BBFE7704BBDE7704B40
:10256000BBE7704BB9E7003B18BF0123BFE74FF053
:10257000A043D8E73BB1012B40F0AD80634B8240D4
:10258000C3F80825D2E74FF0A043F8E701238AF803
:102590005D30CAF80080012384F85C30029B196C1E
:1025A0004A1C03D003F144001AF010F9B9F1000FEE
:1025B00068D1C4F834900023A36304F1480204F105
:1025C000380104F1340019F0AFFF019B6064002B67
:1025D00060D1E3630023236404F1500204F140015D
:1025E00004F13C0019F0A0FF00252A46E064012117
:1025F0002046256319F0E0FF3846FFF789FEA06BFF
:102600002A462B4683424DD10023256C1946A94208
:102610004FD19A42264638BF1A464FF4FA5303FB6D
:1026200002F556F8203B4FF000081B68B5FBF3F5A8
:102630004FF4004CC835414640F2E7304FF47A720F
:102640000023E5FB0C01FDF7ABFD02460B463046CF
:1026500017F0D2FB024618B9256B15F1740F2FD174
:102660000298C4F8588001F07DFC84F85D806FF01A
:10267000730138461AF040F8304617F0E3FB6FF06C
:102680007305DAE6D9F800306363002B93D0D9F8EC
:10269000043091E7019B1B68E363002B9AD0019BF8
:1026A0005B6898E7616B01EBC301013349680A4439
:1026B000A8E7E06B00EBC100013140680344A6E7E6
:1026C000002D3FF4BAAE0146386919F075FFB4E643
:1026D000C1F80C15FFDE0023C3F80835FAE700BF88
:1026E00047E801000048E8010024F40000127A00E5
:1026F000FF083D007F841E003F420F001FA107001E
:102700008FD0030048E8010090D003000003005080
:102710001BC701000000AD0B00093D0080841E00B6
:1027200040420F0020A1070000F01F0240090DD019
:1027300001280ED10A4B03EB82030A4AD3F80007A3
:10274000024042EA8102C3F8002770474FF0A043DD
:10275000F1E702F5E072002353F82230FFDE00BFFC
:1027600000030050F0F8FCFFF0B587B001238DF8AE
:10277000023002238DF804306B4403930F4601AB03
:102780000DF103010024049305460291059400F025
:1027900041FF0C4B984206460FD103AA3946284602
:1027A00000F09CFDB0420BD09DF80310284600F0CD
:1027B0002BFF6FF0040007B0F0BD6FF01200FAE7D6
:1027C0002046F8E70000AD0B70B5012383400E4AA8
:1027D000BFF35B8FDC4352E8001F01EA040542E8C7
:1027E0000056002EF7D1BFF35B8F4FF4803282404A
:1027F0000648C0F80823BFF35F8FBFF36F8F0B420B
:1028000014BF0120002070BD74470020001001405B
:1028100070B40E49D1E90034D01AC31844F1000451
:1028200022F07F46C1E90034A6F50013B3F5400F4E
:1028300009D2074B1B681A0A1B069C19054B42F16B
:102840000005C3E9004570BC18F0ECB91004002085
:10285000784700201804002011B3BFF35B8F0123D9
:10286000104A834052E800CF4CEA030C42E800C112
:102870000029F7D1BFF35B8F0B4A4FF480338340BD
:10288000C2F80433094BBFF35B8F1B68BFF35B8F48
:10289000C340DB0742BF064B4FF40032C3F80021B0
:1028A000704700BF744700200010014070470020AF
:1028B00000E100E00D4B1868010A0006BFF35F8FCE
:1028C0000B4BD3F80435181841F10001B3F5801F04
:1028D0000AD2084BD3E90023904271EB030303D2E1
:1028E00010F1807041F10001704700BF784700206F
:1028F00000100140180400202DE9F04F85B0164665
:102900001F469DF840A00446FFF75EFF0190FFF7C9
:10291000D1FFB04271EB070354D23E4B301A67EB44
:102920000101984271F100014FD23B4B03EB0413BC
:10293000D3E902239F4208BF96425ED037494FF445
:10294000803804F1500508FA04F8AD00C1F8488356
:102950002046ADB219F062FF26F07F4B05F18045AD
:1029600004F5A87305F58835DC464FF0030902939A
:10297000029A2CF07F4341F82230C1F84483D1F809
:102980000435274A6FF00200C01A604420F07F40EF
:10299000904232D9286868B1D1F804350393A3EB8B
:1029A0000B0020F07F40B0F5000F26D9204619F02B
:1029B00035FF039BBAF1000F07D109EB030C09F1B6
:1029C0000109D5E7BAF1000F09D06FF015052046CF
:1029D0000199FFF741FF284605B0BDE8F08F0123BC
:1029E000104ABFF35B8FA34052E8000F184342E840
:1029F00000010029F8D1BFF35B8F07490E9823012E
:102A000001EB0412C8500F9B5360C2E90267002516
:102A1000DDE700BF0100800000040020001001403D
:102A2000FDFF7F00704700207FB51C4C1C4BC4F895
:102A30000833C4F848331B4B00254FF0FF304FF0EC
:102A4000FF31C4F80855C3E902014FF48033C4F8DC
:102A50000433154B02264FF400320121C4F80463FD
:102A60001120C3F880212A46FEF7E6F81120FEF770
:102A7000B3F80E4A0123A360236013600C4B0D4A88
:102A80000093CDE9015500232846FFF735FF304676
:102A9000FEF78AFC284604B070BD00BF001001405C
:102AA00003000F000004002000E100E07447002054
:102AB00011280000FFFF7F002DE9F7432F4CD4F8C9
:102AC000043399070BD5D4F8043143B12C4A0023C1
:102AD000C4F80431D4F80431136801331360D4F816
:102AE0000433DA0329D5BFF35B8F264B53E8002F5D
:102AF00022F0010143E800100028F7D1BFF35B8FFB
:102B0000D30702D4D4F84031BBB10025C4F84051FA
:102B1000D4F84031FFF7CEFEEFF31182202383F388
:102B20001288BFF36F8F184BD3E90267B042B941E7
:102B300006D282F31188BFF36F8F03B0BDE8F08334
:102B40004FF0FF384FF0FF39C3E90289D3E9001095
:102B50001D604FF48033C4F84833C4F84051D4F8B2
:102B6000403182F31188BFF36F8F0029E5D00090C8
:102B700032463B4628468847DFE700BF0010014049
:102B800078470020704700200004002030B5431C27
:102B9000124C85B005D08442A8BF0446012CB8BFB2
:102BA0000124FFF787FE0E4B0C4DD3E90013401AAA
:102BB000B0F5000F10D22218AA4228BF2A46521898
:102BC0004FF0000007490091CDE9010043F10003F7
:102BD000FFF792FE05B030BD2A46F0E7FFFF7F0009
:102BE000100400201128000008B5FFF763FE024B17
:102BF0001B68C01A08BD00BF100400204FF08053AE
:102C0000D3F83021082A06D1D3F83431052B02D865
:102C1000024AD05C70470020704700BF065B03008B
:102C2000024AD2F80034002BFBD0704700E001408C
:102C300010B54FF08053D3F83021082A4ED14FF011
:102C400080420021C2F80C11C2F81011C2F83815E8
:102C500002F54042D3F80414C2F82015D3F8081442
:102C6000C2F82415D3F80C14C2F82815D3F81014A0
:102C7000C2F82C15D3F81414C2F83015D3F8181470
:102C8000C2F83415D3F81C14C2F84015D3F8201438
:102C9000C2F84415D3F82414C2F84815D3F8281400
:102CA000C2F84C15D3F82C14C2F85015D3F83014D0
:102CB000C2F85415D3F83414C2F86015D3F8381498
:102CC000C2F86415D3F83C14C2F86815D3F8401460
:102CD000C2F86C15D3F84434C2F87035FFF78EFF94
:102CE00018B13A4B3A4AC3F88C26FFF787FF18B160
:102CF000384BFB22C3F81825FFF780FF70B14FF067
:102D000080414FF08053D1F8E42ED3F8583222F0AE
:102D10000F0203F00F031343C1F8E43EFFF76EFF09
:102D200020B12D4B4FF40072C3F840264FF0805372
:102D3000D3F83031082B1AD14FF08043D3F8002458
:102D4000D20744BF6FF00102C3F800244FF0805354
:102D5000D3F83431052B02D8204AD35C3BB14FF075
:102D60001023D3F808224FF08043C3F858254FF0C2
:102D70001023D3F80022002A03DBD3F80432002BFF
:102D800022DA174901234FF01020C1F8043512242C
:102D9000FFF746FFC0F80042FFF742FFC0F80442C9
:102DA000FFF73EFF0023C1F80435FFF739FFBFF3FB
:102DB0004F8F0C490C4BCA6802F4E0621343CB609E
:102DC000BFF34F8F00BFFDE710BD00BF00500040B4
:102DD0004881030000F0004000900240005B0300C7
:102DE00000E0014000ED00E00400FA0530B50468A1
:102DF000CCB1BFF35B8FB4FA84F3C3F11F03DBB232
:102E000001229A4024EA020250E8005FA54204D160
:102E100040E8002CBCF1000FF6D1BFF35B8FE6D188
:102E200002480B7030BD0248FCE700BF0000AD0B4C
:102E30000200AD0B10B50368CB40DB0714D40123AF
:102E40008B400268BFF35B8F43EA020150E8004FFA
:102E5000944204D140E8001CBCF1000FF6D1BFF34E
:102E60005B8FEED1014810BD0148FCE70000AD0BBF
:102E70000400AD0B014BC3F80405704700F001409E
:102E8000F7B50546F8B101281BD104224FF4807331
:102E900001464FF0804003440244C0F80813002666
:102EA000012111601E608D421B688DF8071008BF5C
:102EB0000DF1070642F210744FF0804745B1012D25
:102EC00028D003B0F0BD0C224FF482730221E0E75A
:102ED000D7F8183403F480333EB9002BF1D0012029
:102EE00019F0ADFC013CF3D1EBE7D7F8182402F060
:102EF00003023260002BE4D09DF80700012803D1C3
:102F000019F09DFC013CD9D1012DDAD10C4B0022E6
:102F10005A71D6E7D7F80C3403F480333EB9002B4E
:102F2000F4D0012019F08BFC013CF3D1EEE7D7F887
:102F30000C2402F001023270002BDDD1E6E700BF65
:102F40007C470020044B1A7922B9012218609A802C
:102F500002487047024870477C4700200000AD0BD4
:102F60000C00AD0B08B5074B1B682BB10020FDF71B
:102F700055FE08B9FDF730FE4FF080430022C3F83C
:102F8000182508BD7C47002010B510B1012843D09A
:102F900010BD4FF08043D3F81814D3F81824C80399
:102FA00021D502F00303012B04D013B10020FFF759
:102FB00067FF00234FF080420220C2F81835082234
:102FC0004FF4827303F180430021196002F18042C3
:102FD0001C6801241460154A12680AB34FF080433C
:102FE000C3F80403D4E7D3F81424D107E1D5D3F808
:102FF0001C249207DAD40D4A12681AB10222C3F8CF
:103000000423C5E7D3F80421002AFBD00022C3F82B
:103010000421D3F80431BBE700224FF48073D1E7D9
:103020001A68002AFCD019601B68B1E77C470020B1
:10303000F8B54FF080431C4ED3F804430125002718
:1030400004B9F8BDB4FA84F0C0F11F00830003F5A1
:1030500080739BB203F1804305FA00F2196892B2C3
:1030600024EA02040029EBD01F601B684FF0804364
:10307000012AC3F8082305D0022A08D03368C0B259
:103080009847DDE77379002BDAD17271F6E7D3F850
:103090001814D3F818148907F0D1C3F81855C3F8D9
:1030A00004239D60CCE700BF7C470020036803F049
:1030B0001F025B09026004D0012B034818BF0020E7
:1030C00070474FF0A040704700030050034A430987
:1030D00000F01F00D35C1844C0B270470C5B0300C3
:1030E00070B50546FFF7F2FF0C4C08300E4634F879
:1030F0001030DA0508D5C3F3432304EBC302284696
:1031000054F8333052689847A3682BB1E2683146CF
:103110002846BDE87040184770BD00BFA4000020DD
:1031200008B5FFF7D3FF034B083033F81000400B0E
:1031300008BD00BFA400002008B5FFF7C7FF034B80
:10314000083033F81000C0F3400008BDA400002090
:1031500008B5FFF7BBFF034B083033F81000C0F38E
:10316000401008BDA4000020034611F0010010B576
:10317000CCB20DD1A207C4F3400012D5094AD2F84F
:1031800020055860C2F82005003818BF012008E06B
:103190004FF0A041D1F820251A60C1F82025002A5F
:1031A000E8D010BD0003005010B5FFF78FFF124AA2
:1031B000083032F81030D9051CD5C3F3432123F46D
:1031C000F85322F8103002F10E04002034F8023FC8
:1031D00013F4807F03D0C3F3432399420AD0013014
:1031E0003028F3D1002342F831300448BDE81040C4
:1031F000FFF720BE10BD00BFA40000201C0100206E
:10320000F0B5054600200446012607468C420BD146
:10321000114BD3F87C2132B10022C3F87C21D3F8C2
:103220007C3140F00040F0BDE3B29B0003F58072BA
:103230009B0806FA03F31D420BD002F1804202F50F
:10324000C042D2F800C0BCF1000F02D01760126873
:1032500018430134DAE700BF00600040F7B50646C6
:103260000846FFF733FF194F00F108050C4637F801
:103270001530DB0727D5304619F05AFB2046FFF7FB
:1032800067FF40B12046FFF74BFF316800F5A270A1
:10329000002341F820302046FFF786FF002301A8D5
:1032A00027F815300194FFF701FF019B00EB830025
:1032B000074BD0F80027134043F00203C0F8003753
:1032C000044803B0F0BD0448FBE700BFA4000020A1
:1032D000F0F8FCFF0000AD0B0400AD0B2DE9FF4141
:1032E000164680460846FFF7F1FE0D463168044653
:1032F00009B32846FFF720FF18B12846FFF728FF3B
:1033000010BB0023CDE900338DF80E308DF80F305F
:103310000DF10F020B4628460DF10E0119F09FFA30
:10332000474A04F1080132F8113023F0020343F058
:10333000010322F81130736863B328461F78596877
:10334000FFF7FAFE10B1D1B13E4826E03C4A04F145
:10335000080032F8103023F02003DB04DB0C22F8E5
:10336000103061B1032FEFD87168496891F800C03F
:10337000D8F80010A7B90CF5A27C41F82C70304A9F
:1033800004F1080132F8113023F01C0343EA8703EB
:1033900022F81130B3684BBB2B4804B0BDE8F08174
:1033A00001EB8C0143EA4C33D1F810E52EF0030E0B
:1033B000C1F810E5D8F8001001EB8C0E43F02003A3
:1033C000DEF8101522F8103021F44F3121F440714D
:1033D000CEF810152902DEF8108501F47C5141EA7F
:1033E000074141EA0801CEF81015C8E7D3E90067A4
:1033F0002846FFF7D9FE002ECED0114DD5E9002387
:10340000964203D19F4201D1002209E00F480DF1FD
:103410000F01FFF7EBFC0C4B9842BED19DF80F203B
:1034200045F8326005EBC20308345F6035F81430AC
:1034300043EA422343F4807325F81430ACE700BF1D
:10344000A40000200400AD0B0000AD0B1C01002007
:103450002DE9F0430C4685B08046204611461E46B5
:10346000FFF734FE054629B32046FFF765FE18B97D
:103470002046FFF76DFE18BB314F05F1080937F8FC
:10348000193013F01C0F02D04B78012B18D00123F8
:103490008DF80F300023CDE900134A1C8B1C204609
:1034A0000DF10F0119F0DBF937F8193043F0030380
:1034B00027F81930002E41D02046FFF73DFE18B9FD
:1034C000204805B0BDE8F08396F800C0D8F8003079
:1034D0001B4F0CF5A272002143F8221005F10802DF
:1034E00037F8121021F02001C904C90C27F8121076
:1034F00075781DB3D8F80000B67800EB8C002D0469
:10350000D0F8103523F4991323F4F853C0F810358C
:10351000230203F47C5305F440353605D0F810E55A
:103520002B4306F4801641EA4C31334341F020012D
:1035300043EA0E0327F81210C0F810350248C0E71E
:10354000A40000200400AD0B0000AD0B014BC3E94B
:1035500002127047A400002010B508461446FFF779
:10356000F7FD50B10846FFF7B1FD054B083033F8C1
:10357000103004485B0B237010BD0348FCE700BF0C
:10358000A40000200000AD0B0400AD0B70B5164D7B
:1035900095F8804006462CBB2146602205F11000BC
:1035A00030F0DCFC30682E6F21468E420ED10023B5
:1035B000C0F87C31D0F87C3140F30730FDF70CFBCC
:1035C00001230A4885F88030AB6770BDCBB29B0001
:1035D00003F580727C2B08BF845001F1010108BF04
:1035E0008358E2E70248F0E7A40000200000AD0B9A
:1035F0000C00AD0B034B93F88000003818BF01207E
:10360000704700BFA40000200148FFF713BC00BFB3
:10361000180100200148FFF7E9BB00BF1801002096
:1036200073B503681646D3F80423002AA8BF4FF0E9
:1036300000420546A8BFC3F8042308460C46FFF71E
:1036400087FD00B30846FFF777FD0146D8B920464D
:10365000FFF766FD04B2A40004F5807203462868F3
:103660008150296882582144D1F8102542F0010286
:10367000C1F810252EB12968012202FA03F3C1F81E
:10368000043302B070BD2046FFF720FD0F4B083019
:1036900033F81030C3F38203042B12D0052B12D061
:1036A00001A80194FFF702FD019AD0F81035D3402C
:1036B00003F00103991C204602B0BDE8704019F0E8
:1036C00017B90321F7E70221F5E700BFA4000020A6
:1036D0002DE9F04F694BDFF8A891D3F80403D9F82E
:1036E0007010C0B289B040F00040FFF789FD051EA0
:1036F0002EDACA4600235AF87C1F06A8CDE9063305
:10370000FFF732FD5F4B01930DF118084FF0000BEE
:10371000019A12F8013B0192DA0803F007031AF844
:10372000022022FA03F3DA071BD408F10408BBF1E4
:10373000000F13D000214FF00040FFF761FDD9F8D2
:103740007C1006A8FFF710FD0028DBD125F000450E
:103750000124002D79D109B0BDE8F08F4FF0010BA5
:10376000D6E7494B5B440293D8F800100029DCD01F
:10377000029B91FAA1F11C78B1FA81F141EA44145B
:103780002046FFF7A3FC0830059439F81070C808EC
:10379000BB0818F80020039301F00701012303FA86
:1037A00001F122EA010208F8002005A8FFF77EFCDB
:1037B000059A039B02F5E072C7F3820650F82220B7
:1037C0005B073746C2F3014224D520463946D6B2BC
:1037D000FFF786FC05A80594FFF768FC059B03F539
:1037E000E07350F82330C3F301439E4207D1002118
:1037F000204619F07DF83146204619F079F805A8E1
:103800000594FFF753FC059B012202FA03F3C0F86D
:103810002035A9E7022A0CD10321204619F068F8C7
:1038200006F00503012BEAD139462046FFF758FC84
:10383000E5E702212046039219F05AF8032EF3D04F
:10384000039A032ADBD1022EEDE795FAA5F3B3FA2A
:1038500083F304FA03F29B0003F1804303F5C043B2
:1038600025EA0205D3F81005D3F81015C0F305209A
:10387000C1F30141FFF734FC6BE700BF006000407B
:10388000A40000201C5B03001C5B030001460148F0
:10389000FFF7ACBA28010020036803F01F025B09A0
:1038A000026004D0012B034818BF002070474FF07E
:1038B000A04070470003005070B505790A4C1423EE
:1038C0006B43E618E35833B90068022119F090F809
:1038D00008B101233372142303FB0544207A023814
:1038E00018BF012070BD00BF844700202DE9F347B9
:1038F0000B7F04466BBBDFF8D8900D1F01F110065B
:1039000001F10C08012755F804AFBAF1FF3F1CD0B4
:103910003378CDF804A001A8002B50D0FFF7BCFFEE
:10392000019B07FA03F3C0F8083501A8CDF804A0FD
:10393000FFF7B2FF019B00EB8300D0F8003703EAEA
:10394000090343F00303C0F80037A84506F1010658
:10395000D9D191F81DC00D8B4F7D8E7D8A7EC87E9A
:103960002368BCF1000F0BD1D1E9008ED1E902C16F
:10397000C3F86085C3F864E5C3F868C5C3F86C157F
:1039800042EA0022C3F80C75C3F80465C3F8085571
:10399000C3F8102520680023C0F81031D0F810219A
:1039A000C0F80831D0F80821C0F80C31D0F80C313B
:1039B00040F3073002B0BDE8F047FDF70DB9FFF75F
:1039C0006BFF019B07FA03F3C0F80C35ADE700BFAE
:1039D000F0F8FCFF2DE9F04190F804800D4C14261E
:1039E00006FB08F6A71997F808C0BCF1000F0ED126
:1039F000A2517B6019B10B7F3B74FFF777FF142353
:103A000003FB0844044801232372BDE8F081034806
:103A1000FBE700BF844700200000AD0B0C00AD0B9E
:103A200070B40C460179266815461A461A4B01EB0C
:103A3000810103EB81010368C3F82065A688C3F800
:103A40002465A668C3F82865E668C3F82C65036892
:103A50002668C3F84065A688C3F84465A668C3F81D
:103A60004865E468C3F84C45046805F0010303EBBE
:103A70005505C4F81455D4070CD412F0020403D031
:103A8000002B14BF082404240568C5F8004270BC4C
:103A900018F079BF1024F7E78447002038B5036891
:103AA00005790022C3F800220368012204465A6007
:103AB00071B12046FFF700FF0028FAD023680022EA
:103AC000C3F80025054B142202FB053301221A72AC
:103AD0002046BDE83840FFF7EFBE00BF8447002016
:103AE00010B5B2211A4818F083FFC106044608D564
:103AF000184BDA68520704D51A6812B159680120C8
:103B00009047A00608D5134BDA68110704D51A6848
:103B100012B1596802209047220608D50D4BD8688B
:103B200010F0100003D11A680AB159689047A30732
:103B30000DD5074B0022C3F80025064B01221A724F
:103B40001A6822B1BDE8104059680320104710BD23
:103B500000C0014084470020036803F01F025B0996
:103B6000026004D0012B034818BF002070474FF0BB
:103B7000A040704700030050012370B504460D4675
:103B80004361642600220221204618F072FF20B90A
:103B9000012018F054FE013EF4D100236B774FF062
:103BA0008051D1E94C1208291AD1052A18D80E499A
:103BB0008A5CAAB14FF0FF32D4F80805D4F80C158E
:103BC000C4F80035C4F80825C4F80C250922C4F847
:103BD0000025C4F80035C4F80805C4F80C1570BDFC
:103BE0000023C4F80035FAE71E5B03000F4B984230
:103BF00019D00DD80E4B984215D007D80D4B9842CE
:103C000011D00D4BC31A5842584170470B4BF9E77E
:103C10000B4B984207D004D80A4B984203D00A4B6A
:103C2000F0E70A4BEEE70120704700BF80841E00DA
:103C300020A1070048E8010090D0030040420F0097
:103C40000024F40000093D0000127A000048E80159
:103C500073B51646421C1C460546069B18D0012922
:103C600002D1BBB118F043FF01A80195FFF774FF23
:103C7000019B00EB83002402D0F80027074B44EAA5
:103C800086040C4313401C4344EA4101C0F800176A
:103C900002B070BD18F038FFE6E700BFF0F8FCFF97
:103CA0002DE9F04F91F8213090F804A085B0074637
:103CB0000C46002B00F0B48091F8223003934FF0B3
:103CC00001086569784B9D4200F0C48000F2B48021
:103CD000764B9D4200F0C18000F2A680744B9D425D
:103CE00000F0BE80734B9D420CBF4FF080654FF0DB
:103CF0008045DFF8C49194F82300242202FB0A9344
:103D0000997F60F3000199773B79217C02FB039353
:103D10009A7F61F341029A7794F82360002E32D1A2
:103D20006269664B9A420CBF4FF0030B4FF0000BD9
:103D3000237E012B94BF00230123009320685B4660
:103D400032460121FFF784FF009660685B463246E9
:103D50000121FFF77DFF0096A27EA0685B463146F9
:103D6000FFF776FF237C83F001030093E0685B4656
:103D700032460121FFF76CFF01210091E0695B46AB
:103D80003246FFF765FF2423B8F1000F71D003FB23
:103D90000A934FF0FF321A62A07C217E627EE668B1
:103DA00094F8108094F824E094F820C03B68BEF1A9
:103DB000000F13D1D4E900BAD4F808E0E469C3F8DD
:103DC00008B5C3F80CA5C3F810E5C3F86C45039C0F
:103DD000C3F81465C3F86885C3F86445003A18BF92
:103DE00001220229C3F8C005C3F8245553D0032982
:103DF00054D0012901D142F00202C3F85425C3F87E
:103E000060C53B792422534359F80330002B48D036
:103E1000386840F3073005B0BDE8F04FFCF7DCBE72
:103E20009846022303934CE7254B9D420CBF4FF06D
:103E300080554FF080455CE7224B9D4213D01F4BCD
:103E40009D4213D0204B9D420CBF4FF000454FF0D8
:103E500080454EE74FF000554BE74FF0006548E7CF
:103E60004FF0007545E74FF0206542E74FF0A05551
:103E70003FE703FB0A9AE268CAF82020227C9AF8FE
:103E80001E3062F341038AF81E30A07C217E627EE0
:103E90004FF0FF3686E742F00402AEE742F006023A
:103EA000ABE705B0BDE8F08F80841E0020A10700BD
:103EB00048E8010090D003009C4700200048E8013A
:103EC00040420F000024F40000127A00431C07B5A2
:103ED0000ED0019001A8FFF73FFE019B00EB83008D
:103EE000054BD0F80027134043F00203C0F8003719
:103EF00003B05DF804FB00BFF0F8FCFF2DE9F843C8
:103F00000746144C97F80480242505FB08F504EBBC
:103F100005091E4699F81C30C3B999B14869FFF7E5
:103F200065FEA8B138466251C9F80460FFF7B8FED3
:103F3000242303FB084400236377074801232377E6
:103F4000BDE8F8836251C9F80460F1E70348F7E778
:103F50000348F5E79C4700200000AD0B0C00AD0BBB
:103F60000400AD0B2DE9F041044606790068214DAF
:103F700040F30730FCF73EFE24237343EB5853B164
:103F800023681D4AC3F8082306EBC601206805EB29
:103F90008101FFF7F1FD2421236801FB0651D3F8CD
:103FA0000805D3F80C75D3F810858B7FDB0714D484
:103FB000FFF78CFF4046FFF789FF3846FFF786FF83
:103FC000086AFFF783FF2368D3F86C05D3F814154C
:103FD000FFF77CFF0846FFF779FF2368074A934203
:103FE00004BF01225A60242303FB065500232B77CC
:103FF000BDE8F0819C4700205201080000F002401B
:104000002DE9F0430779DFF8AC8124237B43164682
:1040100008EB03020D46517F85B08146002940F030
:10402000C68058F8033023B116F0140F04BF0123E3
:10403000537795E80F00242404FB078404F10C0C4B
:104040008CE80F00206A431C04D0A37F99071AD57F
:1040500018F04DFD2968D9F8004021B101F0604306
:10406000B3F1005F06D1AB6883B103F06043B3F1F5
:10407000005F0BD0242303FB078300224E485A77AE
:1040800005B0BDE8F08318F03FFDE3E74B4B9C42E1
:1040900024D14FF080436A68D3F8000E484B186073
:1040A000E2B1484821F4FF5323F01F0383426ED846
:1040B0005018DFF814C1C3F34F3101228A400021A8
:1040C00003F50053984241EA02014FEA420201D946
:1040D0006345F5D34FF08043C3F8001E16F001038B
:1040E00018BF0123C4F8503516F0020318BF01238E
:1040F000C4F8403595E80F00EC468CE80F00039BB0
:10410000C4F84405C4F84815C4F83425C4F8383553
:104110000023C4F81831D4F8183116F008054FF010
:104120000703C4F800350FD124237B4358F803203C
:104130000123236142B9D4F81831002BFBD0624629
:104140004021204618F095FC24237B4358F8033087
:104150001BBB1A4B9C4201BF194B1A684FF080439E
:10416000C3F8002E242303FB0783186A421C04D0E3
:104170009B7F9B070ED518F0C7FC35B907EBC70727
:1041800008EB87012046FFF7F7FC104878E74FF46B
:1041900080719FE718F0ABFCEFE716F0040F4FF0CB
:1041A000400314BFC4F80833C4F80433EDE70848EB
:1041B00066E700BF9C4700200A00AD0B00F00240FC
:1041C00098470020FFFF0020002001200000AD0BD9
:1041D0000B00AD0B10B5134A1348402118F049FCF1
:1041E000F8B1124B124C1A684FF08043C3F8002EFE
:1041F000206A421C04D0A37F9B070FD518F084FCD3
:10420000637F1BB10A490848FFF7B6FC00232372FD
:104210000848D4E90031BDE81040184718F067FCA1
:10422000EEE710BDA847002000F0024098470020AC
:104230009C470020A447002030B500F01F0440092F
:1042400011D0012812D10C4800EB84001B02D0F8D9
:1042500000570A4C43EA82022C4042EA41012143C2
:10426000C0F8001730BD4FF0A040EDE704F5E07452
:10427000002353F82430FFDE00030050F0F8FCFF69
:10428000CB7B10B433B9D1E900420368C3F80845C9
:10429000C3F80C2503688A68C3F8242503793C22F7
:1042A0005343054AD3582BB1006810BC40F3073084
:1042B000FCF792BC10BC7047C047002013B53B4BC5
:1042C00001930023C0F80431D0F80421C0F8243150
:1042D000D0F82421C0F81C31D0F81C21C0F80831D6
:1042E000D0F80821C0F800324B6381F82F30012349
:1042F000036291F82D209A4218BF83604B6B8A6A43
:10430000934204460ED24A6AD35CC0F81C350B684F
:1043100003B340F286238B608B682548C4F80433CE
:1043200002B010BD91F82C3013B10123C361EEE748
:104330000B6A13F0400F4FF0010316BFC3614361D6
:1043400081F82D30E3E7204618F0EBFB28B1019B04
:10435000013B0193019B002BF5DC91F82F305BB9F9
:104360001348019B002BDBDC0023C4F80035052338
:104370001048C4F80035D3E7D4F8C434C4F8C434C2
:104380008BB10D4A0B4813F0010F18BF104613F004
:10439000020F02F1010218BF104613F0040F074B81
:1043A00018BF1846DDE70348DBE700BFA086010021
:1043B0000000AD0B0100AD0B0000AE0B0200AE0B18
:1043C00013B5334B01930023C0F80431D0F8042116
:1043D000C0F82431D0F82421C0F81C31D0F81C21B9
:1043E000C0F80831D0F808214B6381F82F308B6A70
:1043F000012B044617D10B6A5B0614D40223C4F8C0
:1044000000320123236291F82D20022A18BF236075
:104410000B688BB140F286238B608B681D48C4F813
:10442000043302B010BD0123E9E7204618F079FB00
:1044300028B1019B013B0193019B002BF5DC91F816
:104440002F305BB91348019B002BEADC0023C4F832
:10445000003505231048C4F80035E2E7D4F8C43429
:10446000C4F8C4348BB10D4A0B4813F0010F18BFC8
:10447000104613F0020F02F1010218BF104613F0AC
:10448000040F074B18BF1846DDE70348DBE700BF02
:10449000A08601000000AD0B0100AD0B0000AE0BCB
:1044A0000200AE0B2DE9F84390F804901C4E07462D
:1044B0003C2000FB09F035180C4695F82E1061BB26
:1044C000A96032506B6085F82D1085F8311085F8A1
:1044D0003010CCB1637B85F8383094F80E8085F8C5
:1044E0003980B8F1000F0BD1206806230322414622
:1044F000FFF7A2FE6068062303224146FFF79CFEF9
:1045000021463846FFF7BCFE3C2303FB09660548FD
:10451000012386F82E30BDE8F8830348FBE700BF8F
:10452000C04700200000AD0B0C00AD0B0368027902
:104530000521C3F80015044B3C2101FB0233022284
:1045400083F82E20704700BFC047002003680B4A45
:104550000179C3F80823D3F8002222F00302C3F83C
:1045600000220022C3F80025054B3C2000FB01334C
:10457000012183F82E1083F8302070478642040012
:10458000C04700202DE9F047314F0479D0F8009062
:104590003C2303FB04730D4693F82D30012B944606
:1045A00004D10B78012B06D12A4811E0022B02D14D
:1045B0000B78012BF8D13C26274BC9F8083306FBB2
:1045C000047696F830302BB1B3682448C9F8043328
:1045D000BDE8F0878CF00403C3F3800386F8303025
:1045E000C6F820C0A846B8E80F0006F10C0EAEE8E9
:1045F0000F00D8F80030CEF800306B68B362EB687B
:1046000073626B78C9F888352B78C4EB041A012BD8
:1046100007EB8A0A17D09BB9CCF3401C3C2303FB61
:1046200004735146484683F82CC0FFF747FE3C23ED
:104630005C433A193B59002BCAD182F83030C7E7A6
:104640004FF0010CEAE751464846FFF7B9FEEEE7A6
:10465000C04700200500AD0B864204000B00AD0BE7
:10466000F0B5324C324887B0214618F05AFA00288B
:1046700059D194F82F70FFB9227B931E012B1BD8C0
:10468000606AA369984217D1E36963626369A362B0
:10469000236A274884F82D70C3F34013032A84F853
:1046A0002C3004D107B0BDE8F040FFF707BE07B0DB
:1046B000BDE8F040FFF784BE1E4E0FCE01AD0FC522
:1046C00033682B6047B31A4AD2F8C434C2F8C434F2
:1046D00013F0020106D001238DF80030002384F886
:1046E000303007E013F0040209D002238DF80030C7
:1046F00084F83010D4E900316846984713E013F08D
:10470000010305D003238DF8003084F83020F1E751
:1047100004228DF80020E2E7236A8DF800705B0721
:1047200084F83070E6D507B0F0BD00BFC047002068
:1047300000300040CC470020036803F01F025B09F3
:10474000026004D0012B034818BF002070474FF0CF
:10475000A040704700030050F7B5064618F079FAFC
:10476000084618F076FA01A80196FFF7E5FF019BCD
:104770002E4D00EB83000C46D0F80037019440F238
:104780000D612B400B43C0F8003701A8FFF7D4FFA1
:10479000019B00EB83000127D0F800372B400B432F
:1047A000C0F80037042018F04AF8092501A8019440
:1047B000FFF7C2FF019AD0F81035D340DB0715D4BC
:1047C00001A80196FFF7B8FF019B07FA03F3C0F8B1
:1047D0000C35042018F033F8304618F03AFA013D51
:1047E000042018F02CF815F0FF05DFD101A8019482
:1047F000FFF7A2FF019A01239340C0F80C35042073
:1048000018F01DF8204618F024FA042018F017F8C4
:1048100001A80194FFF790FF019AD0F810350448E1
:10482000D34003F00103C01A03B0F0BDF0F8FCFF61
:104830000100AD0B0148202128F065BC3048002064
:10484000014B186C704700BFFC47002010B50446B0
:10485000064A074918F026FA63692BB120B92046A9
:104860000121BDE81040184710BD00BF63D202000F
:1048700057D2020010B50749074A044618F012FA49
:104880006369014623B118B92046BDE810401847B6
:1048900010BD00BF5DD202006BD2020010B5014610
:1048A000044800F009F8044608B119F033F920462D
:1048B00010BD00BFC84703002C4A70B506460D4620
:1048C00020B1036A1A4212D0C3F30F100BF0A2F802
:1048D000044648B1C0E900657DBB02F0F9FC06461C
:1048E00038B920460BF0A8F80024204670BD0068B7
:1048F000E6E7D0F8BC0208B9C6F8D852D6F8D81204
:10490000013189000BF0A2F80028EAD0D6F8D8329D
:10491000C6F8BC025A1C0025C6F8D82240F823402D
:10492000C4E90555284602F0E3FC0138E061284659
:1049300002F0EEFC01382062D7E7AB6813B92846D5
:1049400019F098F8AA68138E01331386AE68318E79
:10495000306889000BF07AF83060AA68138E12680C
:1049600003F18043013B42F82340BEE7F0FF0F0014
:1049700030B589B0002864D00023CDE904329DF819
:104980001C300391CDE9010023F0070301A88DF845
:104990001C300AF013FA06F0B1FC30B19DF81C305F
:1049A00013F0020446D1D80745D4019B9D6805B198
:1049B0000835012201A9284628F05DF9012804469E
:1049C00039D19DF81C0010F0020033D101A919F073
:1049D00002FE012804462ED19DF81C2012F002028E
:1049E00028D101A9284628F046F90128044622D1F9
:1049F0009DF81C3099071DD401981BF00FFF044649
:104A0000C0B19DF81C305A0714D4039B2B3B012BDB
:104A10000ED901984FF4804118F0EAFD50B1039B84
:104A2000163B1E2B04D8084A22FA03F3DB0701D4F5
:104A30000194B0E7012401A80AF0C8F9204609B0A2
:104A400030BD0124FAE700BFF19F78588268531EF9
:104A5000032B05D9192A05D8034BD340DB0701D511
:104A600028F0A5B90020704700DF3B0337B50B499C
:104A7000054618F0C3FD044610B1002003B030BD58
:104A800028461BF0CBFE0028F7D0162221461BF04B
:104A90006FF980B2003818BF0120EFE7010006006F
:104AA00007B5064B0022CDE9002334216A46FFF703
:104AB0005FFF009803B05DF804FB00BF010000E059
:104AC00007B5064A0023CDE9002334216A46FFF7E3
:104AD0004FFF019803B05DF804FB00BF010000E048
:104AE0002DE9F04F87B08146FFF7C0FF054600284B
:104AF00040F0188148461BF091FE08222946824664
:104B000048461BF035F9092205900446834629469C
:104B100048461BF02DF9064605900090BAF1000FAB
:104B200007D102462146484607B0BDE8F04F1AF0CB
:104B300085B9504619F0A6FF8046504619F0B2FFDD
:104B400004F0C043B3F1005F07461FD124F0C04416
:104B50006FF060439C4219D00122294650461BF059
:104B600007F96FF040439842059000F09480B4F14B
:104B7000805FA2BFC4F17F6404F57F2404F6FF7454
:104B800004FB08F44FF0640B94FBFBFB06F0C043FE
:104B9000B3F1005F1DD126F0C0446FF060439C422A
:104BA00017D00222002150461BF0E2F86FF040437C
:104BB0009842059071D0B4F1805F05DBC4F17F6449
:104BC00004F57F2404F6FF747C43642394FBF3F321
:104BD00000936C22002148461BF0CAF86D22002188
:104BE00005900390064648461BF0C2F809F11404EC
:104BF000CDE901000590204627F077FD05462046C7
:104C000027F078FD039B044603F0C040B0F1005F3D
:104C1000DDE9011212D123F0C0436FF060408342FE
:104C20000CD0B3F1805FA2BFC3F17F6303F57F2394
:104C300003F6FF736B43642693FBF6F602F0C04362
:104C4000B3F1005F12D122F0C0426FF060439A428C
:104C50000CD0B2F1805FA2BFC2F17F6202F57F2269
:104C600002F6FF726243642392FBF3F15E44DDF8C7
:104C700000B00A228B44484600211BF079F80590C9
:104C800010F0FF000BD1504619F007FD012825D187
:104C9000A8EB050521E0AB4678E7002494E702384D
:104CA00007281BD801A353F820F000BFCD4C00000B
:104CB000914C0000F34C0000E34C0000F94C000064
:104CC000054D0000FF4C0000154D000005EBD575AB
:104CD00008EBD8786D10C5EB68052E445A4631466E
:104CE00021E705EBD57508EBD8786D10C5EB6805A5
:104CF0002E443C1BA344F1E7A8EB0505F8E7A8EB1D
:104D000005052E4404EBD47407EBD7776410C4EB8D
:104D10006704EFE705EBD57508EBD8786D10C5EBA8
:104D20006805EEE707B0BDE8F08F00BF2DE9F04F52
:104D300090F82B3003F00C030C2B91B0044603D1F8
:104D4000002011B0BDE8F08F1BF068FD064600287A
:104D5000F6D094F82B1004F1140311F0080101931C
:104D600063D0184627F0C1FC94F82B1011F0040111
:104D7000074600F0AF81019827F0BCFC054601987A
:104D800027F0B3FC874200F08A8220461AF03FF8F1
:104D900063690893A3690993E3690A930CA9236AD9
:104DA0000B93304619F08EFE00220CA908A827F0BC
:104DB000FAF9804610B930461AF057FEA3691D442F
:104DC000013D2562204619F068FC01280BBFE3690C
:104DD0006369DB1BFF180BBF013307F1FF3763610A
:104DE000E76108AA31212046FFF7C2FD22462A21A9
:104DF0003046FFF7BDFD20461AF009F894F82A3036
:104E0000019843F0020384F82A3000220CA927F00D
:104E1000CAF9B8F1000F00D110B130461AF025FEE2
:104E2000204619F0B0FB01208BE7012220461AF042
:104E30009FFF00F0C043B3F1005F80460C90054631
:104E4000304605D128F0C0476FF060439F4234D10F
:104E500019F018FE6FF040439845029040F0A4808E
:104E600020461AF00BFAA36803900BB100221A62D5
:104E7000204619F003FD8046204619F017FC8246B3
:104E80002046FFF70DFE0AEB000520461BF0FCFC58
:104E90000490204619F001FC0128DFF830924544C7
:104EA0004FF0000B75D0049AA3685A4540F0A080DB
:104EB000864A914574D0C8448EE019F0E3FD6FF046
:104EC000404845450290CBD096F82B1011F00801D0
:104ED00040F0DD80012230461AF04AFF40450C9038
:104EE00040F0D580204619F0E1FB0546204619F038
:104EF000C5FC054458E01B68754953F82B703846CB
:104F000018F07CFB002842D13846FFF7AFFD014680
:104F100060B90A2238461AF02BFF0C90C0B208285C
:104F200009D840F24913C340DA0704D5E3697A6926
:104F30009B1A013317E00822002138461AF018FFA7
:104F40000C90002844D1069007F1140027F0CDFB07
:104F5000069908EB00031A22384605931AF008FF59
:104F6000059B0C9003441A220021384605931AF041
:104F7000FFFE059B0C901844484508DB1A220021CF
:104F800038461AF0F5FE059B0C9003EB00090BF177
:104F9000010B049AA3685A45ADD14C4A914519D1E9
:104FA00013B1039A52421A620422002120461AF0D9
:104FB000DFFE052207460C90002120461AF0D8FE9D
:104FC000029B0C900246394628461AF00FF8CBE6B1
:104FD0003E4BC8E70AEB0908A26812B1039B5B428B
:104FE00013623A4B9845DFD04545B8BF4546DBE7ED
:104FF0001B68374953F82B70384618F0FFFA002821
:1050000040D13846FFF732FD014658B90A223846EA
:105010001AF0AEFE0C90C0B2072808D89323C34004
:10502000DB0704D5FB6962699B1A013316E008228D
:10503000002138461AF09CFE0C9030BB069007F118
:10504000140027F052FB06990AEB00031B22384696
:1050500005931AF08DFE059B0C9003441B22002142
:10506000384605931AF084FE059B0C901844484579
:1050700008DB1B22002138461AF07AFE059B0C90B3
:1050800003EB00090BF1010B0DE7104BE6E7B7F15D
:10509000805FA4BFC7F17F6707F57F27029BA8BF8A
:1050A00007F6FF771A22002120465F43642397FB0F
:1050B000F3F71AF05DFE1B2205460C9000212046F6
:1050C0001AF056FE0C9028443D1A6DE7010000E0EE
:1050D00001000400022220461AF04AFE00F0C043FC
:1050E000B3F1005F81460C900546304605D129F0AA
:1050F000C0486FF06043984549D119F0D3FC6FF078
:105100004043994582462ED120461AF0BCF8A36848
:1051100004900BB100225A62204619F095FB0290D0
:10512000204619F077FB03902046FFF7C9FC029B4D
:10513000DFF878911D18039B20461D441BF0A4FB4B
:105140004FF0000B0590059AA3685A453BD113B167
:10515000049A52425A62554B994504D0039B4B44E2
:105160009D42B8BF1D460622002120461AF000FECF
:10517000072280460C90002120461AF0F9FD534684
:1051800002460C904146284619F030FFF6E519F02A
:1051900089FC6FF040494D458246B5D096F82B10FA
:1051A00011F004015CD1022230461AF0E1FD4845BD
:1051B0000C9055D1204619F047FB0546204619F0C2
:1051C00029FB0544CFE71B68394953F82B8040463B
:1051D00018F014FA00283ED14046FFF747FC01467C
:1051E00048B906900A2240461AF0C2FD0C90C0B29F
:1051F0000328069905D8D8F82030A2699B1A0133F4
:1052000015E0092240461AF0B3FD0C9030BB079020
:1052100008F1140027F06EFA029B07990344182244
:10522000404606931AF0A4FD069B0C9003441922F5
:105230000021404606931AF09BFD069B0C901844F3
:10524000484508DB1922002140461AF091FD069BD3
:105250000C9003EB00090BF1010B74E7134BE6E72D
:10526000B8F1805FA2BFC8F17F6808F57F2808F613
:10527000FF780AFB08F36422002193FBF2F8204632
:1052800018221AF075FD192205460C9000212046BF
:105290001AF06EFD0C902844A8EB000563E7019816
:1052A00027F028FA85427FF470AD49E5010000E05F
:1052B0000100040038B50D4D95F8603063B9012345
:1052C00085F860301BF0A2FA044694F82A3013F0F7
:1052D000040202D185F8602038BD6FF3820384F8A0
:1052E0002A30204619F0BCFEEFE700BFFC47002043
:1052F0002DE9F04F85B00E46DDF83890074693460D
:105300009846FFF7D7FF1EB938461BF087FA0646C6
:1053100038461BF083FA824619F0C8F901905046CE
:1053200019F092FA0290304619F0C0F9054630465D
:1053300019F08AFA0446BBF1000F10D1304619F07B
:10534000ACF9012874D1304619F09CFB834607F173
:10535000140027F0CAF9ABEB000B5D4468E00BF1D9
:10536000FF3BBBF1140F2DD801A353F82BF000BF66
:10537000315400001154000047530000075500004D
:105380001F5500005955000081550000A15500002F
:10539000CB530000C9550000D55500000156000050
:1053A00019560000255600005156000069560000AD
:1053B00077560000A3560000C3560000CF560000E9
:1053C000E95600000024002532E0304619F05AFB6F
:1053D00007F1140B0390584627F087F9039B00EB65
:1053E000D07003EBD3734010C0EB6300054430462C
:1053F00019F058FB0390584627F07CF9039B00EB0B
:10540000D07003EBD3734010C0EB630004440FE093
:10541000304619F037FB834607F1140027F065F991
:1054200000EBD0700BEBDB7B4010C0EB6B00054456
:1054300008F0C043B3F1005F18D128F0C04B6FF003
:1054400060439B4512D006F1140027F04EF9BBF1E2
:10545000805FA2BFCBF17F6B0BF57F2B0BF6FF7B41
:1054600000FB0BFB4FF064089BFBF8F809F0C0430E
:10547000B3F1005F18D129F0C04B6FF060439B453A
:1054800012D006F1140027F035F9BBF1805FA2BFFE
:10549000CBF17F6B0BF57F2B0BF6FF7B00FB0BFB40
:1054A0004FF064099BFBF9F9504619F0F6F8012812
:1054B0007369DAF8142040F0248143445046A3EB8A
:1054C000020800F0C9F9019B8044A8EB0308B36906
:1054D0009944DAF818305046A9EB030919F0D8FEC0
:1054E000029B8144002238460121A9EB03091BF0ED
:1054F0001AF945444C4422462946384605B0BDE8D1
:10550000F04F19F003BA304619F0CCFA834607F190
:10551000140027F0EFF8ABEB000B5C4488E7304653
:1055200019F0B0FA07F1140B0390584627F0DDF894
:10553000039B00EBD07003EBD3734010C0EB630010
:105540000544304619F0AEFA0390584627F0D2F8D9
:10555000039B1B1A1C446BE7304619F093FA07F1C2
:10556000140383461846039327F0BFF8ABEB000BF8
:10557000304619F097FA039B5D4483461846C8E706
:10558000304619F08FFA834607F1140027F0B2F87D
:1055900000EBD0700BEBDB7B4010C0EB6B0035E712
:1055A000304619F06FFA07F1140383461846039347
:1055B00027F09BF8ABEB000B304619F073FA039B16
:1055C0005D4483461846E1E707F1140027F092F89E
:1055D0004442F8E606F1140027F087F807F11404B6
:1055E0000546204627F081F805EBD57300EBD07512
:1055F0006D10C5EB6305204627F07CF8444217E7A1
:1056000006F1140027F071F807F11404054620464E
:1056100027F06BF82D1AEEE706F1140027F06AF870
:105620000446D0E606F11404204627F05EF805464D
:1056300007F1140027F059F805EBD57300EBD0758E
:105640006D10C5EB6305204627F054F80446EFE6DD
:1056500006F11404204627F048F8054607F1140027
:1056600027F043F82D1AEEE707F1140027F03DF874
:1056700045420024DCE607F1140B584627F035F8C4
:10568000454206F1140027F035F80446584627F045
:1056900031F804EBD47300EBD0746410C4EB6304F2
:1056A000C6E607F1140B584627F01FF8454206F1ED
:1056B000140027F01FF80446584627F01BF8241A58
:1056C000B6E606F1140027F010F80546D1E706F11A
:1056D0001404204627F009F80546204627F00AF86A
:1056E000044607F11400D2E706F11404204626F020
:1056F000FCFF0546204626F0FDFF044607F1140096
:10570000DBE798445046A8EB020800F04DF8DAE6D3
:105710002DE9F34704461BF0B7F8214EDFF88480EB
:1057200007460025BD4224D1204619F015FD8046CC
:10573000204619F0F7FC1A4B9E4218BF236A074611
:1057400018BF1B1A204618BFF61AFFF7B9F905460D
:10575000204619F094F9A0EB0800C01B2D1A204632
:1057600019F091FD281AB042B8BF304602B0BDE82A
:10577000F087A3681B6853F825A04146504617F0F0
:105780003DFF014650B919225046DAF820901AF030
:10579000EFFA81444E450190B8BF4E460135C1E74E
:1057A000010000E0010004002DE9F74F002105464B
:1057B00019F08CFC012806D0A86808B1006A4042A4
:1057C00003B0BDE8F08F284619F0E0FC804628467B
:1057D00019F08EFC074628461BF056F86FF060441F
:1057E00081460026B1451BD16FF060439C4216BF35
:1057F0006E69174EF619284618BF361BFFF750F989
:105800000446284619F038F9A0EB0800C01B241AFA
:10581000284619F033FD2044B042B8BF3046CFE7E8
:10582000AB680C491B6853F826A0504617F0E6FEFB
:10583000014658B91A225046DAF814B01AF098FA0C
:10584000ABEB000B5C450190A8BF5C460136C9E795
:10585000010000E0010004002DE9F34700210546A6
:1058600019F034FC012805D1A86800B1006A02B023
:10587000BDE8F08728461BF007F8204EDFF880804F
:1058800007460024A74222D1284619F07FFC07468C
:10589000284619F02DFC194B9E4218BFEB69804633
:1058A00018BFDB1B284618BFF61AFFF7F9F80446A5
:1058B000284619F0E1F8C01BA0EB0800241A28467E
:1058C00019F0DCFC201AB042B8BF3046CFE7AB6815
:1058D0001B6853F824A04146504617F08FFE01463E
:1058E00050B91B225046DAF81C901AF041FA814454
:1058F0004E450190B8BF4E460134C3E7010000E0B9
:105900000100040038B50D460C49044609F080F842
:1059100058B1C06A404228600949204609F078F829
:1059200038B1C06A4042686038BD204619F0A6FC14
:10593000F1E7204619F0A7FCF5E700BFF1F20100FE
:10594000DBF20100F0B51F4651EA020399B00446AC
:105950000D4616465FD0002F5FD000F065FC07466D
:10596000684609F017F82146684626F0A8FA394932
:10597000684626F0B9FA35B3384601F0B9FC4FF461
:10598000C872C821401026F056FA0146684626F033
:105990009AFA204619F072FC2A1A4142684626F00B
:1059A00097FA2D49684626F08CFA2C49684626F06D
:1059B00095FA6A460C212046FEF7DAFF01282AD123
:1059C000684609F033F936B3384601F0A1FC4FF4CC
:1059D000C872C821401026F02EFA0146684626F00B
:1059E00072FA204619F04FFC321A4142684626F0FE
:1059F0006FFA1B49684626F064FA1849684626F093
:105A00006DFA6A460C212046FEF7B2FF012802D14A
:105A1000684609F00BF919B0F0BD114908F0D4FF40
:105A20000D49204608F0D0FF3A460C212046FEF7EB
:105A30009FFF0128EFD132462946204619F02AFC63
:105A40000128E8D13A460E21204619B0BDE8F040C1
:105A5000FEF78EBFDDF00100F1F2010079BE020019
:105A6000DBF2010070B504460D460749164608F002
:105A7000ABFF204619F002FC3346411B00222046B2
:105A8000BDE8704019F03FBCF1F2010070B504466A
:105A90000D460749164608F097FF204619F0F3FB1C
:105AA0003346421B00212046BDE8704019F02BBC54
:105AB000DBF201002DE9F04F89B0804608460291E3
:105AC000914603931AF0AAFE1021064617F090FDA6
:105AD000002800F00681304619F0BAFB01903046EC
:105AE00019F0C5FB8246002800F09E80029B03F15E
:105AF0001407304619F030FB0446304619F012FB0B
:105B0000B5697B68F968D9F804202544ED1A336A31
:105B10001B1A5B1AD11A83463046CDE90623AD1A0B
:105B2000059118F0ACFF002DDDE90512079B0490EC
:105B3000C0F28580002979DB0025BAF1020F00F060
:105B40008980BAF1030F00F08A80BAF1010F03D106
:105B5000B5697B682544ED1A304619F081FB824611
:105B600010B1029B03F11408304619F0C1FA074640
:105B7000304619F00BFB7469D8F80030D9F80020D2
:105B8000D8F808103C44E41AF3691B1A5B1AA41AEB
:105B90008346A2EB03017ED4002974DB0024304647
:105BA00018F06AFFBAF1020F7FD0BAF1030F00F0CC
:105BB0008280BAF1010F04D17469D8F800303C44F6
:105BC000E41A4949304608F0FFFE4849304608F0DB
:105BD000FBFE019BD807019B58BF24EAE474990798
:105BE000019B58BF04EAE4745A07019BD9F80420CA
:105BF00058BF25EAE5751B07039B58BF05EAE57505
:105C0000002B6CD0D9F800302344C9F800302B4663
:105C10001344C9F80430039B2A462146304609B094
:105C2000BDE8F04FFFF78EBE474662E7002D83D0F8
:105C3000304619F028FBA842BFF67FAF7CE7002969
:105C40007FF77AAF30469D1AFFF762FDC5427FF5B8
:105C500074AF71E7356AFB68A5EB0B057BE7049B26
:105C6000B2691B1BA3EB0B0303EBD373144438463D
:105C700004EB630426F03EFD7D6800EBD07005EB7D
:105C80006005651B68E7002C88D03046FFF78CFD67
:105C9000A04284DA82E7002980DD30469C1AFFF7B3
:105CA000DBFDC4427FF57BAF78E7F469D8F80830B4
:105CB000A4EB0B0484E77369C01BA0EB0B0000EBA3
:105CC000D0701F4407EB6007404626F00EFDD8F861
:105CD000004000EBD07004EB60043C1B71E7039BB9
:105CE00096E709B0BDE8F08FDBF20100F1F20100A8
:105CF00010B50549044608F067FE20460349BDE893
:105D0000104008F061BE00BFDBF20100F1F20100BB
:105D1000F8B5044615461E4601F47F0719F030FF1A
:105D2000012828D0892D10D8154B5B5DDA0716D4D1
:105D300077B96B1E012B0BD822684AB1012D0CBF1D
:105D40009369D369CBB1336015E00E4B1B6B0BB974
:105D50000020F8BD2B4413F88A3CDB07F8D507B9BF
:105D60006468002CF4D0218D33462A46204619F071
:105D700007FF0128F4D10120EBE71268DDE700BF3F
:105D8000658D0300FC4700202DE9F84F07462548A4
:105D9000DFF890B00D469046994627F05FFA04462A
:105DA0000CB9BDE8F88F4C45FBD02146584627F08A
:105DB0005CFA2368BB4282461CD1A368AB4202D086
:105DC000B5F5702F16D12379434502D0B8F1FF0FF6
:105DD00010D100267B8DC3F305139E420CD3002106
:105DE000204608F0F1FD0F48214627F0F4F920463F
:105DF00009F022FE5446D3E7FA6802EBC603F0002E
:105E0000D97989070BD5B5F5702F04D05B68C3F33A
:105E100017039D4203D12179105827F04FFD013619
:105E2000D8E700BF144800200148142127F06BB9BF
:105E300014480020014B83F824007047FC470020E1
:105E40002DE9F3475E4B93F8243004460E46154681
:105E5000002B00F0838018F0DAFF284609F01CF9C7
:105E600000F0040A284609F017F900F00208284655
:105E700009F012F900F00109284609F00DF906F4BD
:105E80007F0600F01007BAF1000F53D0B6F5702F5F
:105E90003FD056B302220021204619F069FF6FF06F
:105EA0004047B842019007D001220021204619F056
:105EB0005FFFB842019007D1002232212046FEF751
:105EC00057FD204618F066FDFF2D3ED1204618F004
:105ED0005AFB204618F09BFFB6F5803F3ED0204687
:105EE00002B0BDE8F04719F0B8BE32463221204674
:105EF000FEF73EFD204618F04DFDFF2D3BD120461C
:105F00001AF08CFC98B9002FE0D020461AF0A3F8C4
:105F1000DCE7002232212046FEF72AFD204618F059
:105F200039FDFF2D204627D11AF078FCE8B118F092
:105F300031FD25E0B6F5702F13D0002EC4D1FF2D12
:105F4000DDD00FB320461AF086F8B8F1000F28D143
:105F5000204618F05CFFB9F1000F2CD102B0BDE86B
:105F6000F087FF2D0FD12046DEE7002FAED0204670
:105F70001AF071F8A8E720461AF050FC0028D6D194
:105F8000002FA1D0F3E747B9B8F1000F09D120469F
:105F900002B0BDE8F04718F03ABF20461AF05BF8AF
:105FA000F2E7204618F0EFFA204618F030FFB9F17A
:105FB000000FD3D090E7BAF1000F8DD1CEE700BF2C
:105FC000FC470020014A00211AF0AAB8FFFF0F0089
:105FD0002DE9F0410468274825682779254E27F0E8
:105FE0003AF9014619B96A8DC2F305123DE0A142A2
:105FF0000BD00A6823689A4207D18A68A3689A423C
:1060000003D10A7923799A4231D0304627F029F911
:106010000146E7E7EB6803EBC103CE00D8798007C0
:1060200022D55B68A068C3F3170383421CD12146C5
:10603000104827F0D0F8204609F0FEFCEC683946FD
:10604000A05927F03BFCEB68985904EB060827F0B1
:10605000D6FC60B1D8F80420A159284622F07F422E
:10606000BDE8F0411AF05CB801318A42D2D8BDE8EF
:10607000F08100BF1448002070B50D4B93F8243018
:10608000064623B1002001F029F9044670B970BD1D
:10609000D4F8BC32304653F825101AF020F90135F7
:1060A000D4F8D832AB42F3D82046ECE70025F7E726
:1060B000FC4700202DE9F04399469BB090F82A3028
:1060C000229D028543F0080380F82A3016462A7A7A
:1060D00004460F4619F04CFEA4F8289000902A7A46
:1060E0003946204619F044FE94F82A3001906FF3A7
:1060F000C30384F82A30009B8342804678D02685EB
:106100002A7A3946204619F033FE39460090A4F821
:106110002890204619F0BEFD009A297A006827F0E1
:1061200008FC2A7A69682046FFF78AFE2B7A0C2B36
:1061300020D1DDF8009047F6FF73994501D09845CE
:1061400018D1204618F098FC00EBD070461020467D
:1061500018F095FC47F6FF7200EBD07391454FEABB
:10616000630353D19E424BDA731CC845009301D19F
:10617000731C0193284826F0CEFF064600283CD029
:10618000009BC360019B046003612B7A03718760ED
:1061900002A808F0FFFB314602A825F090FE02A8F5
:1061A0001E4925F08EFE02A81D4925F099FE02A881
:1061B0001C4925F097FEFF2202A8002125F088FE49
:1061C000298802A825F07FFE698802A825F07DFEB7
:1061D000E96802A825F082FE02A8002125F08EFEC3
:1061E00002A8296925F091FE02A808F01FFD04E02D
:1061F000014626F05AFB002881D01BB0BDE8F08391
:106200005A1CC8450092B5D10133B2E79045B1D1CF
:106210009E42ADDBF8E700BF14480020C90402002D
:106220007F040200D15F000010B54368044613B13B
:106230001AF0ECFA04460B4827F00DF888B1D0F8B4
:10624000D822002306E0D0F8BC1251F82310A14256
:1062500007D001339A42F6D10146024827F001F8EF
:10626000ECE710BD00480020F8B590F82B3013F093
:10627000100204460DD143F0100380F82B30292181
:10628000FEF776FB30B994F82B3060F3041384F8F2
:106290002B30F8BDA06810B1083026F066FD002153
:1062A00020461AF0BEFA064698BB204617F0B4F90D
:1062B0000746304605F018F8054670BB414D2146AB
:1062C000284608F019FD0128F9D0204617F0FFFBF9
:1062D00065682046002D58D1FFF7A6FFD0F8D822D8
:1062E000D0F8BC1206462B46934240D1D6F8D812BD
:1062F000D6F8BC0201398B423FD3C6F8D8128900C8
:1063000009F0A4FBC6F8BC022046BDE8F84009F03D
:1063100093BB3046FFF7A8FFC1E7284624F063FE91
:1063200000F0FD03012B14D1AB6E9C4205D0EB6E47
:106330009C4202D02B6F9C4203D1214628461AF082
:1063400056FA6B6F9C42AB6F08BF6E679C4208BFEA
:10635000AE67D5F8B8309F4207D104F0D5FF84422C
:1063600003D1214628461AF042FA2846A2E751F8FE
:1063700023008442BAD00133B6E7013350F823201A
:1063800000EB830040F8042CB0E71AF095FA63683C
:106390009A68138E80B2013B984209DB13866368CA
:1063A0009D68298E2868890009F050FB2860ABE7BA
:1063B0001368013053F8202003EB800343F8042CCA
:1063C000E5E700BF470902007FB5D0F8B0520446A8
:1063D0006B6C002B4ED120461AF001FE18B12D4BEC
:1063E00018691AF05DFB01236363E26BD10746D5A0
:1063F000E26B920743D5A363E36AA66B4BB32B68AA
:1064000021691D69D4F8103362690B440093D4F8F4
:10641000143313440193D4F818330B440293D4F883
:106420001C333D21134420466A4603931AF0E0FDD5
:10643000684625F0D8FD0146284624F069FC2A4626
:1064400069462046E36A98476A463E2120461AF08C
:10645000CFFD20461AF0C3FD50B194F83D30012B1A
:1064600000D12EB1D4E90723A16A914209D1A362D8
:1064700004B070BD01F0E6FC01F07EFCA8E700234B
:10648000B9E7994204D1636A002B08BF1346EEE7CF
:10649000A262EDE7FC4700202DE9F04F0C46B3B0B7
:1064A00005460121204617F0A3F80746002840D1F1
:1064B00001466322204619F05BFC5FFA80F8B8F1D0
:1064C000020F179035D995F83C3002936222AB6BDE
:1064D00003933946204695F8386019F049FC179027
:1064E000C0B2FC289EBF7043001285F83800D5F872
:1064F0003920002120461AF087F8C0F3072385F8D9
:10650000390085F83A30C0F30743C0F3076085F8D7
:106510003C0085F83B30204618F056F8814658B9C3
:10652000214628461AF032FB039BAB63029B85F899
:106530003C3033B0BDE8F08F204618F020F80BAFA8
:1065400006463946204618F055FA32463146384656
:1065500025F053FDB9F1020F40F02E8197E80F00AE
:1065600013AE86E80F000DF13C0A002231462046AA
:1065700018F058FB324605F11801504625F057FD3A
:106580000028D6D09AE80F0017AE86E80F004A46DA
:106590003146204618F046FB3A463146304625F053
:1065A00046FD0028C5D096E80F0007AF87E80F002A
:1065B00005221146384625F020FD384626F09AF887
:1065C0008346384626F096F80190079B1393099B63
:1065D0001593089B149316930A9A169B9A42A3DD6F
:1065E000149B013B5B449342D4BF16931692002147
:1065F0007522204619F0BCFB13AE81461790002887
:1066000040F0078104F11401304625F0B7FD002861
:1066100000F0FF8017AA1A2120468DF85C9018968A
:10662000FEF7A6F99DF85C30002B40F0F2801221B5
:10663000324628461AF097FF214682461AF0A6FAFB
:1066400071220021204619F093FB722217900490CA
:1066500000210746204619F08BFB049B179003F09E
:10666000C041B1F1005F024606461BD123F0C04392
:106670006FF060418B4215D0B3F1805FA2BFC3F1D0
:106680007F6303F57F2303F6FF73CDE9043004F144
:10669000140026F02AF8049B059A03FB00F76423F4
:1066A00097FBF3F702F0C043B3F1005F19D122F07A
:1066B000C0436FF06042934213D0B3F1805FA2BF3A
:1066C000C3F17F6303F57F2303F6FF7304F1140026
:1066D000049326F00FF8049B03FB00F6642396FB5B
:1066E000F3F617A801F070FC63691F44DAF8043070
:1066F000FF1AA36928971E44DAF808308DF8AC8099
:10670000F61A702200212046299619F031FB00224A
:106710000F900346B3F5616F00F38680002A08BF2F
:10672000034623930022002BC0F2828002B1239300
:106730006E220021204619F01BFB6F220F9024903F
:106740000021204619F014FB73220F9025900021A0
:10675000204619F00DFB74220F9026900021204650
:1067600019F006FB69220F9027900021204619F0AE
:10677000FFFA9DF8AD300F9060F303038DF8AD3054
:106780002D4B1B6993F83E209DF8AD30CDF8C49099
:1067900062F304138DF8AD300BAB0FCB2DAE86E852
:1067A0000F0013AA17A92846CDF878A001F09AFC8B
:1067B000169B013314930FE7B9F1010F7FF4B9AEC3
:1067C0000DF15C093A4605F11801484625F02FFC09
:1067D00000283FF4AEAE99E80F0007AE86E80F0040
:1067E000304625F087FF304625F084FF304625F0FF
:1067F0007CFF114B1B69064693F8400026F047F8D2
:106800004FF4C04393FBF6F393FBF0FB9B0801931B
:10681000DBE6149B019A013B13440A9A9A42D4BFC7
:1068200016921693102103E7A3F56163012271E725
:1068300003F56163012276E7FC4700202DE9F84368
:1068400005460E4629B9294B186900F0B7FD0646E2
:10685000D0B1304619F0E2FF044680B1002119F0B2
:1068600007FFC0F3072385F8390085F83A30C0F3F5
:106870000743C0F3076085F83B3085F83C0031469C
:106880002846FFF709FE0CB9BDE8F883204619F049
:10689000FBFF00278046B946474514D12A461F21F1
:1068A0002046FEF765F82A4620212046FEF760F8CC
:1068B0002A4621212046FEF75BF8204619F0AEFF5C
:1068C00026460446DFE7A3681B6853F82710B9F192
:1068D000000F06D1731AD3F1000949EB0309013700
:1068E000DAE72846FFF7D8FDF9E700BFFC470020AC
:1068F0002DE9FF41474E05461AF0DEFD30691AF0DA
:106900006EFB10B930691AF0CBF8336993F8400088
:1069100008F02AFA05F1180878B198E80F006C46DB
:1069200084E80F00D5E9011220464942524225F081
:1069300071FB286821461AF091FC306900F03EFD99
:10694000014640461AF0DEF83369D3F8D0420746D4
:10695000A4B9002835D1306900F058FD0146284619
:10696000FFF76CFF336993F8DC22D0072FD4D3F8FC
:10697000D042A4B93369D3F8C87226E02146404614
:106980001AF0C0F83369044687B90028E3D093F8B9
:10699000DC22D1071CD4D3F8D032002BEAD0214618
:1069A0002846FFF74BFF002FE4D00EE093F8DC22DF
:1069B000D2070FD4D3F8D0323BB1002808BF1C4611
:1069C000EDE793F8DC32DB0704D439460DE0002410
:1069D000D3F8C87239462846FFF730FF3369D3F839
:1069E000D01229B1002C18BF21462846FFF726FFF8
:1069F000306900F0F7FC01462846FFF71FFF3069B9
:106A000000F0FAFC0146284604B0BDE8F041FFF76B
:106A100015BF00BFFC4700202DE9F04FDFF8C8810B
:106A2000D8F81030D3F8B0529B6A2E460F4646F87D
:106A3000183B04460FC886E80F0094E80F0005F1E4
:106A4000280686E80F00D8F810302F6493F83D70C0
:106A50008BB037B994E80F002E1D86E80F00002197
:106A60001EE0013F012F1ED80023C5E90133D8F8ED
:106A7000100000F0EFFC18B3D8F8100000F058FC3C
:106A80000138E860D8F8100000F05AFC013828619D
:106A9000D8F8103093F83F309B07E0D42B68198961
:106AA00028461AF017F8204625F024FE2B7D073BD8
:106AB000032B10D82846FFF71BFF4B4B1D6944E002
:106AC000D8F8100000F014FC0138E860D8F8100085
:106AD00000F01EFCDAE7D8F810302A68DB8FD768A0
:106AE0002046C3F34703B7FBF3F725F07CFA814652
:106AF000287D25F0CCFE7E1E09FB0066204625F091
:106B0000F9FDB6FBF7F6012E8146D3D05823734327
:106B10001846049308F076FF0746A0B1B9FBF6F3D8
:106B20004FF0000A0393731E80468146D3460593B7
:106B30005E4513D1049D2C4E3D4445453CD138461D
:106B400008F07AFFB9E7D8F8105094E80F0005F57F
:106B5000447585E80F000BB0BDE8F08F62680399BB
:106B6000531E0B44534400935244A368216806A863
:106B700025F029FA059B2A7D5B4504BFE36809934C
:106B8000484606AB00211AF0BCFC2B1D0FCB09F1C7
:106B9000040C8CE80F002B68C9F800304846FFF75A
:106BA000A7FE039B0BF1010B09F158099A44BFE7BB
:106BB00001F048F901F0E0F8D8F84430002BF7D1A3
:106BC0003069D0F8B0322BB1DA6C42450AD1D8F82E
:106BD0004C20DA64D0F8B8320BB14146984708F13E
:106BE0005808AAE71346EEE7FC470020014B186956
:106BF000704700BFFC4700202DE9F04FB64C99B01C
:106C0000002843D0C368236127F0B7FA2069002821
:106C100000F06F82836A002B00F06B821A69002AF1
:106C200000F06782DB68002B00F0638200223921CC
:106C30001AF0DEF92369D3F8C802FEF73BFB23699B
:106C4000D3F8D00208B1FEF735FB2369D3F8CC02A4
:106C5000FEF730FB2369D3F8C402FEF72BFB236950
:106C6000D3F8C002FEF726FB2369D3F8C822002A16
:106C700040F0FE80C3F8642203F0DCF920690022B2
:106C80003A2119B0BDE8F04F1AF0B2B900F020FB7C
:106C90002061BBE7304490F84452002D00F0A580FD
:106CA00001362069D0F864329E42F3D390F83D302B
:106CB000012B46D11AF093F9002842D0206900F543
:106CC0001B7026F008FB00283BD1206919F0E8FE74
:106CD0002069D0F828A0C769056ABA4540F0CC8081
:106CE0002F46456A002D08BF3D4600F001FB00908D
:106CF000206900F00DFB40220190002108A82DF032
:106D00002DF94FF0000B2369D3F864221FFA8BF89A
:106D1000424503F51B7000F2B9800023CDE904332E
:106D2000009B013B0693019B013B079326F093FADE
:106D30000646002840F0EC80206900F51B7026F024
:106D4000D6FA2069D0F864629EB3013E00F5117353
:106D5000002E80F2F880002600223B211AF048F92C
:106D6000236993F83C206FF3000283F83C2093F8EA
:106D70003C206FF3410283F83C2093F83F2042F01F
:106D8000040283F83F204FF000080DF11009256937
:106D9000D5F864329845C0F2DC8000223C212846B8
:106DA0001AF026F9236993F83F206FF3820283F8E3
:106DB0003F202069D0F86432002B3FF45DAF1AF019
:106DC0000EF9002840F0768120694FF4007200210E
:106DD000443027F038FC20692022002100F5117092
:106DE00027F031FC2369002244E74FEA061A0AF132
:106DF00044092069D0F864329D42BFF451AF431971
:106E000093F84432002B31D1AE422FD04FEA051B0C
:106E10000BF1440B00EB0B01484425F0AFF928B30C
:106E2000216908A801EB0B02494425F022F908A8C2
:106E300025F0D9F800902069484425F0D4F8074699
:106E40002069584425F0CFF8009B0744BB420DD27F
:106E50002369089903EB0A022B4451640999916450
:106E60000A99D1640B99116583F844820135C0E712
:106E700000264FF0010814E7AA457FF436AF436AB5
:106E80003D46002B3FF431AF1F462EE7434493F8B5
:106E9000443213B10BF1010B35E726F0DCF94FEA70
:106EA000081808F1440306460393206900F51B7097
:106EB000002EEFD0314626F0D4F92269039B0290D0
:106EC0001A44314608A825F0AAF9B0F1FF3F8046E0
:106ED0001CD04FF000090CE0FC47002026F036F9EA
:106EE00008AB03EB091384460FCB8CE80F0009F1C4
:106EF000010920694FFA89F3984500F51B70314666
:106F0000ECDC26F068F9304608F096FD029ECCE7EE
:106F100004AA3146304625F08AF868B133462A463D
:106F2000314650461AF0EFF9BD4205D033462A46A5
:106F3000314638461AF0E7F92069314600F51B70F2
:106F400026F08FF9F4E69A5D002A3FF405AF013E82
:106F5000FEE605EB080393F8443213B108F101088B
:106F600015E7B04502BF95F83C3043F0010385F8C2
:106F70003C3095F83C306FF3410385F83C3005EB2D
:106F8000081344330FCB89E80F0095F83D70002FAC
:106F90007FD1484625F0A9FB8346484625F0AAFB49
:106FA0002369009393F8405082462946584600F0E2
:106FB0008DFC072D009B2CD0083DEDB2022D02D890
:106FC0004D4A32F8157030BB0027049B0893069B8E
:106FD0000A930025059B2946079A07EB030B0BF143
:106FE000FF3A92453ADD8A42B8D0216909930B9263
:106FF00091F83C3043F0020381F83C3008A8294660
:10700000FFF70AFD08A825F075FB2069FFF7DCF9FA
:10701000A4E70827D7E79B6ADD680023ED1BCDE9CD
:107020000933B5FBF0F55545A8BF554608932F46E3
:1070300008AA35212069BA46013F0B9719F0D8FFFD
:1070400008A825F057FB854202DA002FF0DCBBE7E9
:10705000BAF1000FB8DD0B9F0137B6E708BF226910
:107060000993CDF82CA004BF92F83C3043F0020302
:10707000294608BF82F83C3008A8FFF7CDFC08A8D5
:1070800025F038FB05442069FFF79EF951465B4621
:10709000A2E7013F012F3FF661AF95F83C3005EBC9
:1070A000081043F0020385F83C3000214430FFF71C
:1070B000B3FCAAE7236993F83D30012B7FF484AE3B
:1070C000002510E0431993F844325BB900F51B70BA
:1070D00026F065F8236903EB0513443306460FCB0E
:1070E00086E80F0001352069D0F86432AB42E9D858
:1070F0006AE619B0BDE8F08F80570300F0B5064688
:1071000085B06E480D4626F006F80446002857D094
:107110004FF44972002127F096FA4FF0FF33C4E98B
:1071200002330023C4E904338223A361E38F23F4F1
:10713000FF7323F0010343F00303E3871223C4E941
:10714000006584F84030582008F05CFCC4F8B002B8
:10715000B0B31AF0CBF9D4F8B4321BB1D4F8B012F2
:1071600020469847D4F8B02200235360D4F8B022C8
:107170009360D4F8B032013EDE60D4F8B032504EA5
:10718000013D1D61D4F8B03294F840201A750123F6
:10719000C4F868320AF0AEFF1021C4F80C0304F5FD
:1071A0001B7025F0B0FF47487569746122462121A4
:1071B00008F0C2F8C4F8080330B9204608F03CFCD7
:1071C0000024204605B0F0BD09F04AFB0746002820
:1071D00070D1052007F086FEC0F30723C0F30742F5
:1071E0008DF8080038468DF809308DF80A2007F030
:1071F00079FEC0F30723C0F307428DF80C008DF829
:107200000D308DF80E20304B0093DDE902123B4625
:10721000204609F02FFBC4F804030020FDF73EFBD5
:10722000C4F8CC020020FDF739FBC4F8C8020020E6
:10723000FDF734FBC4F8C4020020FDF72FFBC4F8AF
:10724000C002D4F8CC02FEF7BDFED4F8C402FEF7AB
:10725000B9FED4F8C002FEF7B5FED4F8C40202218C
:1072600016F072F9D4F8C002022116F06DF9D4F8C4
:10727000CC02002117F0A4FFD4F8C402002117F0BB
:107280009FFFD4F8C002002117F09AFFD4F8C8027B
:1072900017F0BDFD002D08BF25460C497561002380
:1072A000382204F53A7025F045FDD4F8080326F09D
:1072B0006FFF86E70AF014FFADE700BF004800202B
:1072C000FC470020F96B0000EC470300FF0E0200B2
:1072D000014B5869704700BFFC4700200146034836
:1072E00009B925F0B8BF25F0BCBF00BF0048002099
:1072F00010B9064B586940B190F8003303F005030C
:10730000012B01D14068704700687047FC4700209E
:1073100010B9064B586940B190F8003303F00503EB
:10732000012B01D10068704740687047FC4700207E
:1073300010B9024B586900B100687047FC47002043
:1073400010B9024B586900B140687047FC470020F3
:1073500010B9034B586908B18069704782207047A3
:10736000FC47002010B9064B586940B190F83F30F7
:107370008162C0E907126FF3410380F83F30704724
:10738000FC47002010B9034B586908B180F83D1044
:10739000704700BFFC47002010B9024B586900B18C
:1073A000C1627047FC47002010B9034B586908B10F
:1073B00090F84000704700BFFC47002010B9034B15
:1073C000586908B1D0F8C802704700BFFC470020D8
:1073D00010B9034B586908B1D0F8D002704700BF0C
:1073E000FC47002010B9034B586908B1D0F8C4021B
:1073F000704700BFFC47002010B9034B586908B123
:10740000D0F8C002704700BFFC47002010B9034B02
:10741000586908B1D0F8CC02704700BFFC47002083
:1074200010B90B4B586988B1D0F8B03280F84010D1
:107430001975C36903B15970036A03B15970436A7E
:1074400003B159700022372119F0D2BD704700BF37
:10745000FC47002010B9044B586918B190F800039C
:10746000C0F3C000704700BFFC47002008B9024BC2
:107470005869D0F804037047FC47002010B9074B47
:10748000586948B1D0F8683200290CBF4FF0FF327C
:1074900001221344C0F86832704700BFFC47002047
:1074A00010B9054B586928B1D0F868020028D4BF3C
:1074B00000200120704700BFFC47002010B9034B9B
:1074C000586908B1C0F8E412704700BFFC470020BB
:1074D00010B9034B586908B1D0F8E402704700BFF7
:1074E000FC470020014B5869FFF768BFFC470020AC
:1074F0002DE9F04F85B09846DDE90E43164608F5B4
:10750000B472A2429DF84070119D81468A460AD10C
:10751000A9EB06032B60AAEB06036B6006EB0903DD
:10752000AB60564469E1B8F5B47FC8BFA8F5B4783C
:10753000B4F5B47FC8BFA4F5B474A6EB030B1FB1B8
:1075400003EBD3735B105F1C5A2398FBF3F2D2B2A8
:10755000042A94FBF3F3DBB229D1042B5FD1A045BD
:10756000D6DC08F15A0000B207F07AFC0BFB00F001
:1075700009EBE030C01B28600FFA88F007F070FCC0
:1075800070430AEBE030C01B686004F15A0000B29F
:1075900007F066FC704309EBE0303844A86020B285
:1075A00007F05EFC0BFB00F00AEBE03034E0042B4C
:1075B00067D1032AD3D0022AAAD108F15A0000B217
:1075C00007F04EFC704309EBE030C01BAAEB06034A
:1075D000DB1B286004F15A006B6000B207F040FC2E
:1075E000704309EBE030384424B2A860204607F02D
:1075F00037FC0FFA88F80BFB00F6404607F030FC2A
:107600000BFB00F08642CCBF2046404607F028FC2A
:107610000BFB00F0C01350443844E8606BE0032BD0
:107620009DD0002B7FF474AF04F15A0212B21046C1
:10763000039207F015FC08F15A031BB2029018469A
:10764000019307F00DFC0299019B8142B6BF039A9A
:107650001846104607F004FC0BFB00F009EBE03085
:10766000C01B28600FFA88F007F0FAFB70430AEBA2
:10767000E030B144C01B09EB07036860AB6020B287
:10768000EBE09A4240F08680A04500F38380032A15
:1076900031D801A353F822F0A9760000FD7600004E
:1076A00045770000637500000FFA88F007F0D8FBFB
:1076B0000BFB00F00AEBE030C01B686008F15A00D9
:1076C00000B207F0CDFB704309EBE0303844A8600E
:1076D00020B207F0C5FB70430AEBE0303844E860A5
:1076E00004F15A0000B207F0BBFB0BFB00F009EB02
:1076F000E030C01B286005B0BDE8F08F0FFA88F0BD
:1077000007F0AEFB70430AEBE0303844E86008F164
:107710005A0000B207F0A4FB0BFB00F009EBE030CD
:107720003844A86020B207F09BFB0BFB00F00AEB8B
:10773000E030C01B686004F15A0000B207F090FB13
:107740007043D4E708F15A0000B207F089FB704398
:1077500009EBE030C01B28600FFA88F007F080FBCF
:107760000BFB00F00AEBE0303844E86020B207F091
:1077700077FB70430AEBE030C01B686004F15A00ED
:1077800000B207F06DFB0BFB00F009EBE030384472
:10779000A860B0E79ABB012B7FF4BAAE04F15A009F
:1077A00000B207F05DFB704309EBE030C01B24B270
:1077B0002860204607F054FB0FFA88F30290184621
:1077C000019307F04DFB029A019B8242B4BF204611
:1077D000184607F045FB0BFB00F00AEBE030C01B3E
:1077E000686008F15A0000B207F03AFB704309EBF9
:1077F000E03038445644A8603E44EE607BE7012AFE
:107800002FD1022B7FF484AEA9EB0603DB1B2B6088
:1078100020B207F025FB70430AEBE03008F15A0371
:107820001BB2C01B68601846029307F019FB5A345C
:1078300024B20190204607F013FB019A8242CABF8E
:10784000029B2046184607F00BFB0BFB00F009EBF0
:10785000E0303844A8600FFA88F007F001FB70436D
:10786000A2E6022A01D1032BA6E6032A7FF450AE3A
:10787000D7E600BF10B518220446002126F0E3FE2B
:10788000054B2360054B6360054BA3600023C4E9EF
:107890000333044B636110BDEF100200EB100200D4
:1078A000CF100200D910020010B5074C2046FFF798
:1078B000E1FF04F11800FFF7DDFF04F13000BDE83F
:1078C0001040FFF7D7BF00BFC44800200A4601465A
:1078D000014819F00FBC00BFC448002038B50D4660
:1078E00014461BB91146FFF7F1FF0346142C05FBA4
:1078F00003F003D15B0805FB030038BD073CE4B28D
:10790000032CFAD81ABF034B1B5D4FF48063184455
:10791000F3E700BF2E5B03000A460146014819F059
:10792000F1BB00BFC44800202DE9F047DDF82880F6
:10793000DDE908578A4691461E46044610B90020E4
:10794000BDE8F0871C22002126F07DFE25B93146D6
:107950005046FFF7BBFF054609FB05F34345EED84C
:1079600066702368A4F804A003F47F4343F019036E
:107970002360074BA4F80690C4E904772581A3612E
:10798000C4F80C8031463846FFF7C6FF0120D7E720
:10799000C448002007B5009313460A460146034831
:1079A00019F0CFFB03B05DF804FB00BFC448002012
:1079B00070B50D460446A8B101694078072813D078
:1079C000A0F10803DBB2022B10D8094E36F81330B1
:1079D000248902FB0433CC1825B107F0BBF96843B6
:1079E00004EBD004204670BD0823F1E70023EFE745
:1079F000865703002DE9F047036904460D4613B985
:107A00000020BDE8F08743888688B0F806809B0692
:107A1000F6D521B941783046FFF758FF054623894E
:107A2000AB422DD0607807F095F970430730B5EB85
:107A3000D00F4FEAD009E3D32B4662784146304657
:107A4000FFF74CFFE3688342DAD36378072B19D042
:107A5000083BDBB2022B17D8194A32F813302789BA
:107A60002669AF421DD208F1FF3202FB073705FB42
:107A7000023337444FF0000A1E44C24506D3258125
:107A80000120BEE70823EAE70023E8E7394630464D
:107A90004A4626F000FE2389761BFF1A0AF1010AE6
:107AA000EBE71E44B24600274745E8D23146504630
:107AB0004A4626F0F0FD2389AA441E440137F3E725
:107AC000865703002DE9F74F0446002875D04088FB
:107AD00010F0010571D110F0200014D06378DA1F86
:107AE000D2B2032A17D818BF354B256914BF9B564D
:107AF0004FF4807305EB8306AE4207D1638843F0F1
:107B000001036380012003B0BDE8F08F284624F014
:107B100019FF0435F0E7102B14D1B4F80680B4F83F
:107B20000490B4F808A027694545E7D2002602E092
:107B300024F008FF01364E4507EB8600F8D3574482
:107B40000135F1E7142B1DD1B4F80890B4F806A064
:107B50002769B4F804B04FEA590309FB0A78554580
:107B6000CCD2002606E018F80610019324F001FF9D
:107B7000019B01365E4507EB4600F4D34F44984421
:107B80000135ECE7132BB9D1B4F80690B4F804A092
:107B9000B4F808B027694D45B0D23E464FF0000812
:107BA00006E0B178304624F0E4FE033608F101081F
:107BB000D045F6D35F440135EDE70020A3E700BFD1
:107BC0002B5B030008B507F025FF0649D1F82421F7
:107BD0000260D1F82821C1F824010132C1F828211E
:107BE000826008BDFC470020F8B5531EDBB20A2BAB
:107BF000174698BF174A064694BFD05C00206030F5
:107C00000D4607F007FF044600F1080C95E80F0049
:107C10008CE80F0095E80F0004F1180C8CE80F00B9
:107C2000A66406F118030FCB04F1380585E80F00B0
:107C300004F160036365012327712365736C13B935
:107C400074642046F8BD1A461B68002BFBD11460F3
:107C5000F7E700BF315B03002DE9F84300234D6CCB
:107C600007460C469846F5B9A26C002A6FD094F8E6
:107C7000501000296BD0636C002B6CD1536C73B126
:107C80001A79072A61D11A6D002A5ED15A6DD2691C
:107C9000A2425AD101221A65364BC3F83021002680
:107CA0003046BDE8F8832A6DD5F80090032A4AD102
:107CB0002B79072B29D16B6DDE6933689BB1301DA1
:107CC00024F018FD33682B4A1B894343D2F82C015A
:107CD000834294BFC01A0020C2F82C01306819F00A
:107CE000ACFA0023336087B1D7F8B03223B1DA6C35
:107CF000964223D1F26CDA64D7F8B83213B1314628
:107D000038469847304607F097FE284619F065FD3B
:107D1000064640B190F85C30DB0704D5C06907F037
:107D20008BFE0023F361284607F086FEB8F1000FB2
:107D300006D0C8F8009001234D4694E71346D5E7D6
:107D4000C4F84490F7E7A846F6E71B6897E713B92D
:107D5000636C002BA3D0074BD3F824510026002DD1
:107D60009ED0EB6828462146984701302D6818BF01
:107D70000126F4E7FC4700202DE9F0410020FFF741
:107D8000ADFA0E4F044600264FF001080CB9BDE8CD
:107D9000F081D4F8B0523DB90EB9C7F83081204611
:107DA000FFF79CFA0446F1E729462046FFF754FF07
:107DB000ED6C002818BF0646EDE700BFFC47002029
:107DC000F8B54E6D1E4D306195F838710C4647BBC5
:107DD000306870B14FF4002115F00AFC48B101235E
:107DE00085F83831306822462221FCF7C1FD85F83C
:107DF00038714FF4C843A4F85830D5F824512DB940
:107E000094F858304BB903232365F8BD2B6913B19F
:107E10002146284698472D68F1E7BDE8F840FFF76E
:107E2000ABBF4FF4C843A1F85830D5F82451002D0A
:107E3000EBD02B6913B12146284698472D68F6E709
:107E4000FC470020044BD3F83021002AFBD000224D
:107E5000C3F83021704700BFFC470020024B0122CD
:107E6000C3F83021704700BFFC47002010B4084C15
:107E7000D4F82841012C07D1406C18B1036D012BB7
:107E800018BF002010BC704710BC19F0CCBA00BF5E
:107E9000FC4700202DE9F0410568044615B128692A
:107EA000BDE8F081071D384624F01FFC0646384621
:107EB00024F020FC217D07463046FFF707FD227D98
:107EC00007FB00F82B4639463046FFF763FD20607C
:107ED0000028E5D0084AD2F82C314344C2F82C31AE
:107EE000207D06F041FF18B12068294619F0B6F947
:107EF00023681869D4E700BFFC4700202DE9F04F44
:107F00001C4699B0CB6CADF814301B0C8DF81630B4
:107F1000136B06931546BDF81C30526BDDF8889044
:107F200062F30803ADF81C30EB6A8246884683B1E1
:107F30001CB12268234B9A420BD1239B249CCDE990
:107F400000932A4605AB41465046A04719B0BDE80C
:107F5000F08F239B0FCB08AF87E80F00D9E9001201
:107F600038465242494224F055F804B90CAC154B3E
:107F7000C4E90033C4E9023310AE0DF1500B2246C0
:107F80003946284619F05EFF039094E80F0086E812
:107F90000F00D9E90012304624F03CF8039B012B76
:107FA000D4D123993246584624F041F80028E6D02F
:107FB000CDE9006BDDF890C005AB2A46414650463E
:107FC000E047DCE7010000E010B56C220021044628
:107FD00026F039FB24F0B2FCC0F3072384F84D30BF
:107FE0004FF48073C4E90D33B4F8503084F84C007A
:107FF00043F4875343F01F03A4F85030044B236627
:10800000C0F307406C2384F84E00636110BD00BFCD
:10801000010000E02DE9F04FA9B00E46069015468C
:1080200005939BB3C969002215A800F099FE0128A9
:108030002CD106F1580A5046B78CB6F8269024F099
:1080400054FB0028ACBF9AE80F0095E80F0009AC7C
:1080500084E80F003946204623F0BBFF49462046FE
:1080600023F0BCFF1E4BDDF824A00FCB0DF134082C
:1080700088E80F0007EB0A030DF1440B0793EB6848
:108080000A9A9A421BDD15A819F0EAFE29B0BDE84C
:10809000F08F2A462146584623F0C9FF48B1059B78
:1080A00006980094CDE901B315AA43463146FFF77F
:1080B00025FF099B3B4409930B9B3B440B93AB6807
:1080C000099A9A42E5DD0A9BCDF824A04B440A9315
:1080D0000C9B4B440C93079B013B0B93CFE700BFDA
:1080E000104503002DE9FF474B6B002B80460D46E2
:1080F00014463EDD8B6B002B3BDD21460722FFF74C
:1081000073FD466D074629466C22304626F0CBF9B2
:1081100000233B65204624F0E8FA8146204624F0FF
:10812000E9FA05F1440302932B8F0193AB8E009380
:1081300007F1180A2B6B02464946504619F03CFAE3
:10814000D4E90012504623F065FF326E0A4B9A4282
:1081500002BF94E80F00583686E80F00EB69012251
:108160003946404683F8502004B0BDE8F047FFF799
:1081700027BE04B0BDE8F087010000E02DE9F04F14
:10818000CB69C3B007460D461446002B4AD091F880
:108190005030022B46D94B6B002B43DD8B6B002BF1
:1081A00040DD6C2227A826F07EF92E982FA919F021
:1081B00031FE012836D1624B3F9A9A4202BF94E8C1
:1081C0000F003DAE86E80F00BDF8BE305B062CD434
:1081D000062221463846FFF707FD6C2227A90646EE
:1081E000406D26F060F9204624F07FFA8046204654
:1081F00024F080FA05F1440302932B8F0193AB8E98
:10820000009306F1180902462B6B4146484619F0C7
:10821000D3F9D4E90012484623F0FCFE3146384633
:10822000FFF7CEFD43B0BDE8F08F2E99002214A8D1
:1082300000F096FD0128F5D1149B002BF2D01B69AC
:10824000002BEFD03B1D0FCB0DF1100C8CE80F0075
:10825000804694E80F0008AE86E80F002B68D7F838
:1082600008A014330FCB0DF1300989E80F00BB6C67
:10827000E3B14A463146304623F0D9FE0028D1D03A
:10828000CAF10002C8F10001304623F0C3FE96E8AF
:108290000F0007F1180484E80F000096149B324683
:1082A0001C6914A927AB3846A047BBE79CE80F0020
:1082B0000DF1400888E80F0032464146404623F061
:1082C000B6FE0028AED0204624F00FFA05F1440B8C
:1082D0008246204624F00EFACDF808B02B8F019389
:1082E000AB8E00932B6B02465146304619F064F971
:1082F000D4E90012304623F08DFE204624F0F5F933
:108300008246204624F0F6F9CDF808B02B8F019371
:10831000AB8E009302462B6B5146404619F04CF948
:10832000D4E90012404623F075FE4A4641464046D5
:1083300023F07DFE00283FF475AFCDF80080ADE757
:10834000010000E010B56C220446002126F07BF904
:10835000FF2384F8583024F0F1FAC0F3072384F89F
:108360002D304FF0FF336365154B84F82C00A3626A
:10837000C0F307404FF6FF73C4E9113384F82E00B1
:1083800024F0DCFAC0F3072384F84C00C0F3074064
:1083900084F84D3084F84E00052006F0A3FDC0F3AC
:1083A000072384F85030002384F84F0084F85A30B3
:1083B000C0F307406C2384F85100636110BD00BF17
:1083C000EC4703002DE9F0478EB00C46169906469F
:1083D000084691469A4619F0C4F98046002841D1D2
:1083E00006AD03460A465046294622F049FDBDF82F
:1083F0002070002F36D0BDF81E309BB3D9F8001086
:10840000BDF922200A441344013B0493DAE9031323
:10841000C91AD9F8043002921944BDF92430C91B95
:10842000C91A03910F44D4E90912013F059702AF1D
:1084300052424942384606F1380923F0EBFD4246E4
:108440004946384623F071FF18B9069B6BB9237172
:1084500041E0E0680028F8D04246494623F065FF35
:108460000028F2D00EB0BDE8F0879DF82830013B1F
:10847000172B4FF000011FD80091BDF82030BDF838
:108480001E20E06A18F0B6FE0146A8B9E06A08B1FD
:1084900018F0D3FEBDF82020BDF81E1014481F327E
:1084A00000235211009352010E2318F04AFEBDF82A
:1084B0002030C3800146E0629DF8283023711A2BDA
:1084C00009D1E3690B93284622F0AAFC206008B189
:1084D0009DF8280020710023A760256121463046C1
:1084E000179C1A46A047284622F0C1FCBAE700BFF5
:1084F000DC4800202DE9F04FC1B09046456D8F6AF1
:1085000004900C4600F1380241461CA80C9323F05D
:108510008EFD002800F0038194F859300A9394F8F6
:108520005B301A0700F1FE80404624F0DEF8099027
:10853000384622F026FD236BD8E90012C318814685
:108540001AA80B9324F0E5F8A36BE16B15931B9B22
:10855000226E0B441B93002A40F0FF800025636DC0
:10856000059394F85B30E0690599DB0802934FF0BE
:10857000000A099BCDF804A00093636B3A46284497
:1085800006F0A2FD4619049A1B9BD26B4B44934202
:10859000C0F203810A9B022B40F02C8194F85B30DF
:1085A000E069DB080093636B3A46711B284425F0B1
:1085B00049FD8146404624F098F81A9BA0EB09003B
:1085C00000EBD07003EB60031A93636C0693A36C0B
:1085D0000793DDE9063228A8934288BFCDE9062338
:1085E00019F001F994F858308DF8B73020AB2B937F
:1085F000E36AADF8B4301B0C8DF8B630236C3093C1
:10860000A36E2F9394F86430B4F865208DF8BB30D6
:1086100034A894F86730ADF8B8208DF8BA3019F066
:1086200092F994F858308DF8F03097F91630002B05
:1086300008BF0123089324F081F9C0F30722C0F397
:1086400007438DF859208DF85A30C1B2D2B2DBB24F
:108650004FF0000B8DF858000E9112921093CDF848
:1086600044B0059B002B56D0E3695A195B5D139209
:10867000002B50D01A9B159AD3180F931A930023EE
:1086800017939946731B14931799059B994203D22C
:10869000149B9942C0F0C680059BAD1B5B190593E6
:1086A00000F0178294F85B30E0690599DB080293CB
:1086B00000230193099B0093636B3A46304406F014
:1086C00003FD06EB0009D8F800301A930A9B022B31
:1086D00040F0018294F85B30E069DB080093636B43
:1086E0003A46A9EB0601304425F0ACFC054640466D
:1086F00023F0FBFF1A9B401B00EBD07003EB6003E1
:108700001A931B9B0B9A1344049A1B93526C93422B
:10871000354640F3FB813398002840F0F98141B0A1
:10872000BDE8F08F286838B14FF4002114F060FFE5
:1087300010B9236A0993FBE694F85B30DB080293D7
:108740006FF060430193236B0093636BA26AE1694E
:1087500034A825F0B4FC349BECE700297FF4FEAE8E
:10876000D8F804100029BFF6F9AE93685B1A0B998C
:10877000002BB8BF5B42C1F50071B3EB410FC4BF22
:108780004FF0FF331360236E1D68002DFFF6E6AE39
:108790005A681B9B13441B93E1E694F85B30E06935
:1087A0000599DB08CDE901A3099B0093636B3A4669
:1087B000304406F089FC1B9B0B9A1344226E1B93DA
:1087C000304482B113F5806F0DDB1368002B0ADA99
:1087D0001660D8F804101B9B226E5B1A5360236E40
:1087E000D8F804209A60E3699B5D3546002B96D04B
:1087F0000646C8E60A9B032B7FF4E7AE94F85B308D
:10880000E069DB080093636B3A46711B284425F04E
:1088100019FC8146404623F068FF1A9BA0EB090033
:108820000344D1E6069A4FF6FF739A421DD0079A89
:108830009A421AD0B44BE0691B6829449847824693
:1088400017AB139819AA18A925F0EBFB94F85B3025
:108850005B066ED5189A232A15D1B9F1000F07D1FE
:10886000179B11934FF001090EE74FF0000AE7E75D
:10887000B9F1010F00F00C81B9F1020F00F01E8177
:108880004FF0000B55E0B9F1010FF9D1202A179BE9
:1088900040F01781119A9B1A072B40F0EF80139B31
:1088A00011990622591824A825F0FDFD00239DF8F2
:1088B00090008DF8963018F07EFF01469DF89100EB
:1088C00018F079FF00EB0110C3B29DF892000D93F0
:1088D00018F071FF01469DF8930018F06CFF00EB53
:1088E0000110C1B29DF8940018F065FF81469DF813
:1088F000950018F060FF00EB0910C2B20D9823F04C
:10890000F7FFC0F30722C0F307438DF859208DF815
:108910005A30C1B2D2B2DBB28DF858000E91129229
:108920001093BBF1000F00F0CF804FF0000B4FF021
:10893000020994F85B30580604D5B9F1020F08BF5C
:10894000AAF1070ADDE91812384622F0E7FA1B9B64
:108950000B991A9A0D9059180139209223910244CB
:10896000179914982193013A814222924DD394F899
:108970005B10C9071CD50F9924912692FA680498B8
:10898000DDF830C013443A699B1A97F915209B1AF9
:10899000089A25931344013BA28D279394F82E3017
:1089A000ADF8F1208DF8F33034AA24AB0021E04774
:1089B00094F85B309B0728D50F9B24930D9A1A9B44
:1089C0000498DDF830C01344013B2693D7E9033205
:1089D0009B1A5B00032293FBF2F31B9A134497F953
:1089E000162002EBD27203EB6203089A259313441C
:1089F000013BA28D279394F82E30ADF8F1208DF82D
:108A0000F33034AA24AB0021E047069A4FF6FF73F7
:108A10009A4241D0079A9A423ED0069B53453BD892
:108A20005245134638D9E36CADF8B4301B0C8DF8C1
:108A3000B630B4F84F30ADF8F13094F851308DF8CD
:108A4000F3300498DDF830C020AB34AA0021E047B1
:108A50000C9B0193189B009304983B461AAA28A9E3
:108A6000FFF7B0FC0D9B002B3FF40EAE636BDDF8FF
:108A700034A09A441A9B53441A9305E694F82E3076
:108A8000109394F82C300E9394F82D30129348E7FD
:108A90004FF0000BD9464CE7B9F1020F09BF0E9B0E
:108AA000E36A8DF8B430129B0BBF8DF8B530ADF88A
:108AB000B430109B1B0C8DF8B630C9E74FF000099D
:108AC000E2E54FF0000BDFE54FF0010B4FF002093C
:108AD000DAE5B146F7E50A9B032B7FF412AE94F872
:108AE0005B30E069DB080093636B3A46A9EB060153
:108AF000304425F0A7FA0546404623F0F6FD1A9BC0
:108B0000401B0344FCE500BFAC4D03004E46A8E506
:108B100018F093FB03E600BF38B57022002104462D
:108B200025F091FD23F0FCFEC0F3072384F821001B
:108B3000C0F3074084F8223084F8230023F0F0FECD
:108B4000C0F3072384F82400C0F3074084F82530DD
:108B500084F8260023F0F2FEC0F30723FF2584F8F3
:108B6000290084F82A30C0F30740022384F82E300D
:108B700084F82B0084F82D5023F0E0FEC0F3072387
:108B800084F83E00C0F3074084F83F3084F840008A
:108B900023F0D4FEC0F3072384F85A300E4B6363EE
:108BA000B4F8483084F8590023F4FF5323F01F032E
:108BB0006FEA1333C0F307406FEA033384F85B00B6
:108BC00084F8205084F83B5084F8585084F86C5056
:108BD000A4F8483038BD00BFEC4703002DE9F04F42
:108BE00006460D4687B00C220021284625F02BFDB5
:108BF00096F81080D6F80C90B8F1000F18D1D9F87B
:108C00001030002B44D005F043FE07464948DFF8FA
:108C100024B124F020FB06F1140A0446002C3CD1B8
:108C2000B8F1010F34D106F1140024F0C9F82FE097
:108C300005F02EFE074600B3B8F1010FE6D1DFF8CC
:108C4000F8B08DF80480DBF82001CDF80090002208
:108C5000694622F095FE824690B122F0DCFE00F1DA
:108C60000802034607CA85E807005C69DBF82001B3
:108C70000022514622F093FE0BE0B8F1010FC5D15E
:108C80000222494606F1140024F0CBF90028BDD099
:108C90000024204607B0BDE8F08F2368002B3FD0AA
:108CA0006368002B3CD000221146504624F080F926
:108CB00023682A46314620469847012830D12B891F
:108CC0000BB3B8F1010FE4D1504624F079F8002F2E
:108CD000DFD0012348468DF8043025F02FFD0090A9
:108CE00095E80700144D059402AB83E80700694638
:108CF000D5F82001002222F06EFE0146B0B900989E
:108D000006F09AFEC4E76878AE88142802D176008F
:108D10002E81D6E706F01EF846430736F608F7E739
:108D20002146584624F09DFA044677E7D5F82001FD
:108D300000229FE70C490020FC47002038B505467B
:108D40000C4606481C2124F0DEF9284605F03CFDBF
:108D50002046BDE8384005F06DBD00BF0C4900203D
:108D600070B50E4686B0154600214C22044625F00B
:108D70006AFC16B9002006B070BDE660304618F0F7
:108D80000EFC207405F04EFD002835D0214BD3F8A1
:108D90001C012064E5B1AB78D3B104F12001204679
:108DA000FFF71CFF034620600028E3D028686060BE
:108DB0002A7922725A682146184690470128DAD14A
:108DC000E06AB8B1237AABB1002118F0A3F911E041
:108DD000237C8DF808300022E3680193694622F075
:108DE000CFFD064640B122F016FEC368E362036978
:108DF000236066640120BEE704F120012046FFF7EE
:108E0000EDFE034620600028B4D0002DCED1656071
:108E10002572CFE7FC47002010B5054824F07BF908
:108E2000044618B11C22002125F00DFC204610BD7F
:108E30000C4900202DE9F0411F460D4B0646904697
:108E4000D3F81C01002222F0C6FD054668B122F0CD
:108E5000E2FD037AC0F80C80012B044603D1406880
:108E600025F06CFC6060C4E904672846BDE8F08129
:108E7000FC47002073B506460D46002941D0037912
:108E8000CBB92C467379002B3CD06078A0F10B0352
:108E9000032B37D905F068FFA0B30121204618F055
:108EA000A2FA78BB2021204618F09DFA10B3204684
:108EB000FEF708FE26E049781429E2D0A888FEF7DC
:108EC00005FD2B8983420446DBD001462846FEF788
:108ED00091FD0128D5D000946B78EA88A9880B48C9
:108EE00018F02FF9044660B100232A46194618F0FD
:108EF0000AFAC7E72146054818F061F90446002838
:108F0000D6D10024204602B070BD00BFF448002036
:108F10002DE9F0410B7D022B96B007460C4617D980
:108F20008B690BB10B7F9BB101AD216807F1380252
:108F3000284623F07CF858B1BE6C3368307DB3F816
:108F4000088000F047FB034628B121463846984781
:108F500016B0BDE8F0816768002F40F08880284691
:108F600023F0C3FB0690284623F0C4FB237D8DF835
:108F70002F30E37D8DF82E30A369B4F81520ADF8BD
:108F80002C20CDE907080A971BB1227F012A08BFD0
:108F90000023099395E80F000CAF87E80F00D6E98E
:108FA000011238465242494223F034F8D6E90132E0
:108FB00002998A1A01993046C91A18F0EDFA099BEC
:108FC00005908BB1606A10B9206A23F08EFB216A8C
:108FD0000A904A68029B09689A1A019B5B1A00FB77
:108FE0000233099A1A440992337D063B0F2BAFD8FE
:108FF00001A252F823F000BF5790000067900000D4
:10900000518F0000518F0000518F0000518F0000E0
:10901000518F0000518F0000518F000049900000D7
:10902000419000005390000039900000518F0000E3
:10903000518F00005F90000005A81CF034FB87E70B
:1090400005A81AF006F883E7032105A81DF088FC9F
:109050007EE70421F9E705A81BF0AFFE78E705A835
:1090600019F09FF874E705A81AF005FF70E7226968
:109070002946284622F0DBFF00283FF469AF226A28
:10908000002A75D1284623F030FB0690284623F0AD
:1090900031FB237D8DF8353094F828308DF836304B
:1090A000CDE90708A368207B67680C938DF834002E
:1090B00005F050FE2169029B4A6809689A1A019BD3
:1090C0005B1A43430C99DB0801FB02331F44A3697D
:1090D0000B9700220A92002B51D1099395E80F00BB
:1090E0000EAF87E80F00D6E90112384652424942D6
:1090F00022F090FF23690FCB12AC84E80F00D6E971
:10910000011220465242494222F084FFD6E9013240
:1091100002998A1A01993046C91A18F03DFA059049
:10912000337D063B0F2B3FF613AF01A252F823F01D
:10913000CD910000DD910000518F0000518F0000A3
:10914000518F0000518F0000518F0000518F00009F
:10915000518F0000BF910000B7910000C99100003D
:10916000AF910000518F0000AF910000D591000039
:109170002946284622F05BFF002883D1E8E6217FBC
:10918000012912D0606A099310B9206A23F0ADFA60
:10919000216A0A904A68029B09689A1A019B5B1A25
:1091A00000FB0232099B134497E7134695E705A895
:1091B0001CF0C3FBCCE605A81AF01AF8C8E6032198
:1091C00005A81DF09DFCC3E60421F9E705A81BF0E6
:1091D00096FEBDE605A819F0BEF8B9E605A81AF096
:1091E0002CFFB5E6044BC20003EA002302F4FC6244
:1091F00043EAD0001043704700F8FFFF034630B544
:1092000008466AB1FF2A4FEAD3010AD1A2F6FF024B
:1092100002EA0322DB0003F4FC631343194488B21F
:1092200030BDD4439B08E4B2C0F3451513FB02F3F1
:1092300011FB02F104FB0533084AC50A04FB0515BE
:10924000DB1000F01F0003F4FC6302EAC50204FB1C
:109250000011134303EB112398B2E1E700F8FFFF7D
:1092600070B5044608467AB12178A5786378FF2A5C
:109270004FEAD10109D11448DB0000EA052003F4CC
:10928000FC631843084480B270BDD4439B08E4B229
:10929000C0F3451613FB02F304FB0633EE08C50AC0
:1092A000654306FB0255084EDB1000F01F0003F477
:1092B000FC6306EAC50512FB01F204FB00222B4306
:1092C00003EB122398B2DFE700F8FFFF2DE9F04F20
:1092D00089B04368019383680293C3680393D0E91C
:1092E00006530493D0E9044390F8227090F821804B
:1092F0000668079383468946002F40F04781002C7B
:109300003ED1B8F1FC0F26D8029B9C4280F24081EE
:10931000A6F1020BAA46002729E057789378FF00B0
:1093200007F4FC6700EA03233B43177803EBD703FA
:1093300026F811304A440131019B9942EDDB039B31
:109340001E44049B01341D44029B9C4280F22081F8
:109350002A460021F0E79048F6E73BF8021F504606
:109360004246FFF77DFF0137ABF80000CA44019B7E
:109370009F42F2DB039B1E44049B01341D44C3E760
:10938000B8F1FC0F1ED8029B9F4280F20181B31EF0
:10939000AB464FF0000A2FE014F808203BF8021FFC
:1093A0005046FFF75DFF08F10108ABF80000CA4422
:1093B000019B9845F0DB039B1E44049B1D44079BC7
:1093C00001371C44029B9F4280F2E280A6F1020B0F
:1093D000AA464FF00008EBE714F80A2033F8021F02
:1093E000059312FB08F25846120AFFF739FF059B56
:1093F0000AF1010A1880CB44019A9245ECDB039BE9
:109400001E44049B1D44079B01371C44BBE79BF88B
:109410002230013B032B00F2BB80DFE803F0024A5D
:109420006B8B7B789AF80220DB0803EBD2031F2BAF
:10943000A8BF1F23D8023B889AF80120C3F3451325
:1094400003EB92033F2BA8BF3F2380B200EB4310F6
:109450003B789AF8002003F01F0380B203EBD2039D
:109460001F2BD4BFC0181F30398880B2002C40F0A9
:109470008480424605F084FC059B27F8020B0133EB
:109480000593CA44059B019A9342C0DB039B1E448B
:10949000049B1D440CB1079B1C44069B013306939F
:1094A000069B029A934273DA00233746AA46059335
:1094B000E8E79AF802307A78DB08C3EBD20323EAB4
:1094C000E373D8023B889AF80120C3F34513A3EB5A
:1094D000920323EAE37380B200EB43103B789AF8DF
:1094E000002003F01F0380B2A3EBD203002BA8BF20
:1094F000C018B9E79AF802307A789AF80100D208D1
:10950000DB0813FB02F33A888008C2F3451210FB14
:1095100002F080115B11400100EBC3203A789AF809
:10952000003002F01F02DB0880B213FB02F300EBF5
:10953000531099E79AF802007B789AF80120C00846
:10954000C0EBD3003B880028C3F34513A3EB920381
:10955000B8BF4042C002002BB8BF5B4280B200EBF4
:1095600043103B789AF8002003F01F03A3EBD203CB
:10957000002BB8BF5B42184476E7059BE25CB8F16C
:10958000FC0F9CBF12FB08F2120A73E7002386E768
:1095900009B0BDE8F08F00BF00F8FFFF08B520F06C
:1095A0009BFE2020FEF70EFB064BC360064B0361BB
:1095B00000238361054B4360BDE80840044808214F
:1095C00023F0A1BD698A02002F8A02003C5B0300E0
:1095D0003849002038B504460748074D23F03BFEC4
:1095E00018B10378A34201D1406838BD014628462E
:1095F00023F037FEF4E700BF384900202DE9F04F93
:109600008FB008AE86E80F009DF86C301C9F029367
:109610003046DDE9195423F068F88346304623F0DC
:1096200069F8FB6CADF834301B0C97F84F608DF87F
:109630003630029B97F84CA097F84D9097F84E80E3
:109640000190F743142BFFB211D00F3B0C2B20D805
:10965000DFE813F0CE00CE00CE000D001F001F008B
:109660001F001F001F001F001F0043016D0009990C
:10967000089B0D980391029323F0EEF8FC2EDDE990
:1096800002312BEAEB7211D956000021019B99425D
:109690000ADB0FB0BDE8F08F25F8130001335B45FE
:1096A000FADB35440131F1E70023F8E75B0004FB06
:1096B000013318994FEADA0A4FEA99094FEAD808B4
:1096C00004EBD4740AFB06FA09FB06F908FB06F85A
:1096D0000B4424F0010456004FF0000E019A964509
:1096E000D7DA4FF0000C1BE033F81C10C1F3451023
:1096F00007FB0090C01000F4FC620292AF48CA0A57
:1097000007FB028200EAC202029801F01F01024335
:1097100007FB01A102EB112225F81C200CF1010C22
:10972000DC45E1DB354423440EF1010ED6E709990F
:10973000089A0D980391029223F08EF8FC2EDDE931
:1097400002212BEAEB730ED95E000021019B9942A6
:109750009FDA002202E025F8120001325A45FADBB6
:1097600035440131F2E7520004FB012218994FEA17
:10977000DA0A4FEA99094FEAD80804EBD4740AFBD5
:1097800006FA09FB06F908FB06F80A4424F001046E
:109790005E004FF0000E019B9E45BFF67AAF4FF082
:1097A000000C1EE032F81C1049BAC1F3451007FB4B
:1097B0000090C01000F4FC6302938048C1F3C423FE
:1097C00007FB038300EAC303029801F01F01034370
:1097D00007FB01A103EB11235BBA25F81C300CF148
:1097E000010CDC45DEDB354422440EF1010ED2E7EC
:1097F000029823F04CF8089B0999189A434301FBFF
:109800000433FC2E13442BEAEB7123D900FB1B44D9
:10981000414300270C44019A9742BFF63AAF2E46C7
:109820009E464FF0000C0FE0029A86F800A086F8E2
:10983000019086F80280102A04BF9EF80320F2707F
:10984000864406440CF1010CDC45EDDB0D44234459
:109850000137E0E70AFB06F2039200FB1B4409FB19
:1098600006F24143049208FB06F64FF000090C444F
:10987000019A9145BFF60DAFAE469C464FF0000AE7
:1098800024E09CF80080039A08FB07284FEA282868
:109890008EF800809CF80180049A08FB07284FEAA4
:1098A00028288EF801809CF80280029A08FB07683D
:1098B0004FEA28288EF80280102A04BF9CF8038003
:1098C0008EF80380844486440AF1010ADA45D8DB25
:1098D0000D44234409F10109CAE71A2022F0D7FFF9
:1098E000089B099A03FB00FC189B02FB04CC9C44D8
:1098F0000AFB06F3039309FB06F3049308FB06F344
:1099000005932BEAEB73434300FB1B440293E318DC
:109910004FF000080793019B9845BFF6BAAE2E465C
:1099200064464FF000093AE094F803E094F800A090
:10993000BEF1000F3CD0A27805994FF47F43B3FBF2
:10994000FEF35A43C2F3072207FB02126178069224
:109950005943049AC1F3072107FB012103FB0AF3D2
:10996000039AC3F3072307FB0323C3F307230EFB69
:1099700003F31B123370069BC1F307210EFB01F1A9
:10998000C3F3072209120EFB02F27170C2F3072221
:10999000B27086F803E00444064409F10109D94590
:1099A000C2DB029B1D44079B08F101089C44B2E7FF
:1099B00086F800A063787370A278E9E700F8FFFFEB
:1099C00091F8513013F0200F024B01D117F06DBE0A
:1099D000FEF720BB9590020070B591F84430022B41
:1099E00090B006460C46154627D904A817F0FBFE92
:1099F00094F844308DF8273000230793636AADF85C
:109A00002430D4E90F011B0C8DF82630A36A0C9387
:109A10000DAB83E803002B6802936B680393084B3C
:109A20000193E36900933046236A02AA04A9FEF772
:109A3000C9FC0F9808B117F000FC10B070BD00BF52
:109A40000198020091F85830022B02D9014BFEF721
:109A500051BD7047019802002DE9F04FDDB00B6B4E
:109A600003900C46002B00F0B98091F83C20022AAC
:109A700040F2B480CD69A26AD1E90810854202D1D2
:109A8000914200F0AB8003EBD3735B105B428542E5
:109A9000D4BF5E191E180C968542ACBFC3EB0506F9
:109AA000C3EB00069142D4BF581898189142ACBF3E
:109AB000C3EB0103C3EB02030F93039B0D9003F170
:109AC00038090CA94A4608460E9622F0B0FA00283A
:109AD00000F08480206AA26AE369656A904240F0DF
:109AE000CE80AB42D4BF40934095216BAB42B8BF10
:109AF0002B460139013B429301F0010303EB610363
:109B000000EB6101439140A9C31A4A4608464193BC
:109B100022F08DFAE8B1A56B1DB1656B003D18BF51
:109B200001252C2200214EA824F08DFD40AB4E9340
:109B300094F82E30A28D8DF84F3194F83C30ADF86A
:109B40004D218DF84C31002D4BD103984EA9FFF7D4
:109B5000DFF994F83D30990740D04EA817F0F3FE96
:109B600094F82E308DF85B3147F6FF73559394F8D7
:109B70003C30256B8DF8583194F83D30A28DADF80E
:109B800059216E10DA076FEA050505F0010510D5B9
:109B9000E2690398931B4093236A3244991B521B3A
:109BA0003344419142925B1B40AA4EA943931EF05D
:109BB000CFFF94F83D309B0710D5626A0398931B42
:109BC0004093A36A3244991B521B33444191429201
:109BD0005B1B40AA4EA943931EF0BAFF5DB0BDE8DF
:109BE000F08F40A822F081FD419BDDF80C9143935A
:109BF000D4E90D23409F1344064697FBF3F203FB81
:109C0000127705F0FFFE4FF0020840ABDDF804A12B
:109C10005490054656938DF85481D14503DA284671
:109C200005F00AFF95E728463246FF2124F00BFD98
:109C300000203B46844686420CDC03984EA9FFF781
:109C400067F9419B01334193439B013343930AF1ED
:109C5000010AE2E7626B9A4209DBD21A00FA82F04B
:109C600003FA82F38DF8548101300133E3E7A16BED
:109C70000A449342D4BF05F800C00023F2E7AB4288
:109C800071D1216B9042D4BF4190419201398242FF
:109C900001F00105B8BF024605EB61055D1B013A05
:109CA00003EB610340A9439208464A46409542931C
:109CB00022F0BDF900283FF44CAFA56B1DB1656BD8
:109CC000003D18BF01252C2200214EA824F0BBFC2A
:109CD00040AB4E9394F82E30A28D8DF84F3194F80E
:109CE0003C30ADF84D218DF84C31002D3FF42DAFB7
:109CF00040A822F0FAFC419BDDF80C91439380468A
:109D000005F080FE40AB569302238DF85431D4E920
:109D10000D23419F54901344064697FBF3F503FB34
:109D20001575B94501DA30467AE74246FF213046DB
:109D300024F089FC636B0398AB42B4BF002201227C
:109D40008DF85421A26B4EA913449D42A8BF002553
:109D5000FFF7DEF8419B01334193439B013301350B
:109D600043930137DDE7904204F1240704F11C0519
:109D700080F20A81294608A822F0C1FCDDE9086AC0
:109D800039460AA822F0BBFCDDE90A57AB1B069353
:109D9000A7EB0A030793AB1BA7EB0A0283EAE37B5B
:109DA000ABEBE37B82EAE273A3EBE2739B450493A4
:109DB000D8BF0499226BCEBF5B014FEA4B1393FBD4
:109DC000F1F39B49C8BF93FBFBF311F8038002FB3F
:109DD00008F808F13F084FEAE813B54205932B460F
:109DE000A8BF3346A3EBE813B54210932B46B8BF88
:109DF000334603EBE813574512933B46A8BF53463F
:109E0000A3EBE8135745119310A93B46B8BF53463F
:109E100003EBE8134A460846139322F008F900289A
:109E20003FF497AE4FEAE813049A03F001014FEABA
:109E30002829002301EB282124A80DF1C808934507
:109E4000CDE916331490CDF85480189340F3B180C7
:109E50000AEB01020492AAEB09020592AA1B9A429C
:109E600007EB010BA7EB0909019340F39580059AD5
:109E7000CDF800902B46314600F0F2F80123049A09
:109E8000CDE900B32B463146404600F0E9F894F89E
:109E90003D305B071DD403230193AB1B53440DF5E9
:109EA00080780093A7EB0A03F31A314652464046E6
:109EB00000F0D6F802230193069B3B440093079BD6
:109EC0004EAEEB1A3A462946304600F0C9F8CDE9C5
:109ED000168610A822F009FC0746FCF787FEFDF75E
:109EE00007FA054610A822F07EF8854203D910A88B
:109EF00022F079F80546284605F084FD119BDDF82F
:109F00004CB013932A46FF21064624F09CFB2C22DA
:109F1000002119A824F097FB10AB199394F82E3068
:109F20008DF87B3094F83C30A28D8DF87830DDF8D8
:109F30004490ADF8792010AB1F9621934FF00008A4
:109F4000CB4546DA139B119A9A4208D0013B1393F2
:109F50000398022319A98DF88030FEF7D9FF304607
:109F600005F06AFD24A820F0D4F932A820F0D1F938
:109F700094F83D3058073FF5ECAD40A820F0C9F902
:109F80004EA820F0C6F9E4E5394608A822F0B7FB50
:109F9000DDE9086A2946F4E6049ACDF800B02B46BC
:109FA000314600F05DF80123CDE90093059A2B4678
:109FB00069E7CDE9007352466B18314400F050F860
:109FC0000123CDE900735246A5EB0903A6EB090175
:109FD0005AE706EB080A5146109A00974B4614A818
:109FE00020F07BF901468DF8800018B93A465046BA
:109FF00024F029FBB84407EB08039D4205D9139BC5
:10A000000133139309F101099AE7022303988DF8AC
:10A01000803019A9FEF77CFF139B2A460133FF21EC
:10A020003046119313934FF0000824F00CFBE9E73E
:10A030003F5B030038B5094C0025D4F8480108B14E
:10A0400005F0FAFC04F5A4701C2107351FF09EFCF6
:10A050001C2D04F11C04F0D138BD00BFFC470020CA
:10A060002DE9F843089E9DF8249015460F463821A7
:10A07000044698461FF08AFCB54204D1B9F1030F9B
:10A0800009D1013D013EB54205DD2B4635461E4650
:10A090003B464746984639462A4604F1080022F0D6
:10A0A00038FB3246414604F1100022F032FB237E99
:10A0B00069F3020323762A46394604F11C00A8EB13
:10A0C0000707761B22F025FB87EAE77286EAE6732C
:10A0D000A2EBE772A3EBE6739A4294F8343030486F
:10A0E0002060D4BF0022012262F3000384F83430E0
:10A0F0000022DB07C4E90922227121D537B14FF4D0
:10A10000801393FBF7F373439B12A36236B14FF4B2
:10A11000801393FBF6F37B439B126362A26A217E5A
:10A12000E26211F007014FEAA2031BD194F8341048
:10A130006FF3410184F83410002AB8BF5B4222E07B
:10A1400036B14FF4801393FBF6F37B439B126362AB
:10A1500037B14FF4801393FBF7F373439B12A36261
:10A16000626ADCE7012904D194F8341041F002015D
:10A17000E0E702290AD1002AD8DD94F8342042F021
:10A18000020284F834202363BDE8F8830329D3D185
:10A19000002AE9DD94F834206FF34102F1E700BFB3
:10A1A000B19902002DE9F347DDF828A040F26714C9
:10A1B000A3421E46A8BF26465445A8BF544626EAD9
:10A1C000E67624EAE474B4420546BABF04F5B470F6
:10A1D000801BA01B80B21F46A5F88800C5E9046457
:10A1E00005F108009146884622F093FAB32F134BED
:10A1F0002B60D8BF00224FF00103C8BF0122BAF183
:10A20000B30F2B7118DDA4F1B403B32B94BF002757
:10A210000127009233B24A46414605F1180020F06A
:10A220008EF823B24A46414605F150000A9702B023
:10A23000BDE8F04720F083B81F46EAE7999D020089
:10A240002DE9F04F06468DB008460C4690461D4657
:10A2500022F04BFA0746204622F04CFA2368B360FE
:10A260006368F3608742A8BF0746A36833617F1025
:10A270004745E368A8BF474627EAE778C6E90538B7
:10A28000337F65F300033377B44B3360002F4FF017
:10A29000020333714FF0000503DC35620DB0BDE8F9
:10A2A000F08FAF4B1946D3F8602142451ED11C23D5
:10A2B00003FB05120F2FD2F85C0100F10100C2F878
:10A2C0005C01D2F85821CCBF4FEA2810012002448B
:10A2D0006B43CC18B2F57A7F03F5A473A8BF4FF493
:10A2E0007A720B44C4F858213362D7E70135042D44
:10A2F00003F11C03D7D19B4B00245A6932B9002CBF
:10A3000035D0196922699142B8BF1C46013D03F15D
:10A310001C03F2D16CBB1C2005F07CFB4FF0FF331B
:10A320000446236134622068C4F8188008B105F03F
:10A3300083FB062008FB000005F064FB00EB4803EC
:10A3400002334FEA8806E360331D0344012FC4E95A
:10A35000000008F10109A3601AD1B4230370E26878
:10A3600000231380E2685780A268138096E71C469A
:10A37000CCE763690F2F03F101036361CCBF4FEAA0
:10A3800028130123B3F57A7FA8BF4FF47A73C8E787
:10A390004FEA091005F03EFBC6F101030193B3102B
:10A3A0000493002300EBC90208939B460DF1100EA5
:10A3B0000DF1200C0021019F002F34DC07EB4B072F
:10A3C000033701970BF1010BB34536DCB7100131B0
:10A3D0004EF8047B042906F003074CF8047BEAD10D
:10A3E0009DF82C10049F029107998F424FEA830E2B
:10A3F00003F1010C6BD140F823700899029F42F8D9
:10A4000023500F443946099F39440A9F39446768ED
:10A41000F9546768F95C0901F9546346B34505F1DD
:10A420000105C3DD0BE0DDF80490ABEB060709EB9B
:10A43000470705370197013EC4E70429D0D003F14F
:10A440008047013F40F2D32150F8276001FB08F814
:10A45000B6EBA82F4FEAA8254FEA870103D152F89F
:10A460002760B5421DD0C8F309080431B8F5007F54
:10A470004550C8BFC8F580685550C8BF08FB08F8EC
:10A480006168D5BF08FB08F84FEAE8384FEAD838CA
:10A49000C8F10F0801F803806568E95C0901E95417
:10A4A0000133991E1D46002975DA002B03F1FF3197
:10A4B000D8BF002103EB010CE16800230B80194693
:10A4C000614576DB0DB0BDE8F04F05F0B5BA791EF9
:10A4D000039105998F420EF1040A21D040F80E70C5
:10A4E00042F80E506168089FCF546768F95C090113
:10A4F000F954039940F80A10029F099942F80A504A
:10A500000F4439460A9F04313944676807F80C1034
:10A51000676817F80C10090107F80C1002337DE783
:10A52000069940F80E708F4242F80E5008991BD0E1
:10A53000DDF824E067687144F9546768DDF808E0E5
:10A54000F95C0901F954039940F80A100A9942F894
:10A550000A508E44714667680831D7E7A3A002000D
:10A56000FC47002044490020099F01EB07090A9994
:10A570008944616801F803906768F95C0901F9543E
:10A58000039940F80A1042F80A50029F61680C379C
:10A5900001F80C70BCE752F8216040F8256050F8D3
:10A5A000216042F825606668775C7755013901358E
:10A5B00079E7E56825F81310A56850F8216025F8BB
:10A5C00013604FEA430E52F82150AB4201D161456E
:10A5D00001D1013374E7A66850F8217036F80E50A7
:10A5E000BD42A8BF3D4626F80E500131EBE700BF43
:10A5F0002DE9F04FB3B014463D9D0B939DF8FC3010
:10A600006A6B10900D911393D5E911012B6B2B926E
:10A61000AA6B2C925F4232AA6FF0090802E903008C
:10A620004FF00A092D9797FBF9F708FB07F838B2A6
:10A63000A8EB030804F014FC7E1C834630B204F03F
:10A640000FFC064607F15A0000B204F009FC8246EE
:10A6500007F15B0000B204F003FCA9EB080208FB61
:10A6600000F30AFB023393FBF9F35B112A93309B4F
:10A6700010981B022E93319B08FB06F60BFB02661B
:10A680001B0296FBF9F676112F93299622F02DF8EE
:10A690008346109822F02EF8139B17900F2B07D1AA
:10A6A000102022F0F4F80BFB00F3149300230FE0CA
:10A6B000139B142B04D0062B72D14FEA4B03F4E703
:10A6C0004FEA4B031493409B179A149901FB0233F2
:10A6D000119395F8513003F01002C3F3001318934F
:10A6E0002B6B1A921593002B67D1696C6A6BA86B60
:10A6F000631E5B1A534301EB23210B9BAA6C013BA6
:10A700009B1A434302EB2322109B9B688B42A8BFFA
:10A710000B461D46109BDB689342A8BF13461E469E
:10A72000109BD3E90007BA42A8BF3A4622AB814248
:10A73000A8BF0146009325A821AB1FF0DBFE24AB88
:10A7400029460093324623AB1FF0D4FE21A80FC840
:10A75000BBF1010FC5BF121A1202159A0BF1FF359A
:10A76000C8BF92FBF5F20C92179A012AC5BF5B1A7B
:10A770001B02002302F1FF32C8BF93FBF2F31B93CD
:10A7800000F180030E9301F180031E9300231C93BC
:10A790001693DDE91632934215DB33B0BDE8F08F36
:10A7A000139822F074F80BFB00F31493139B122BF5
:10A7B00089D01B2B7FF47AAF85E700230C931B9382
:10A7C0001E930E93E2E7159B63BB1E9B1C9A03EB43
:10A7D00022231293159B0F93139B063B0E2BDCD861
:10A7E00001A252F823F000BF11A900009BA70000AE
:10A7F0009BA700009BA700009BA700009BA7000051
:10A800009BA700009BA70000D9A800009DA90000FD
:10A8100089A8000053A9000031AC00009BA70000EC
:10A8200061AC0000109B10995D68169B1D4422AB23
:10A8300000932A46096821AB25A81FF05BFE1099FA
:10A8400024AB00932A46896823AB1FF053FEBBF16B
:10A85000010F239D2199249B229A12DD6D1A0BF181
:10A86000FF302D029B1A95FBF0F50C951B0293FB14
:10A87000F0F30F9301F180030E9302F18003129322
:10A88000AAE700230C93F4E74FF00008409DCDF8B1
:10A890007480CDF86480199B9B456FDD0E9B03EBA4
:10A8A000282211120BD48C4209DD1D98129B03EB58
:10A8B0002023181203D40B9E864200F3F580002358
:10A8C0002B60199B0F9A013319931D9B13441D9301
:10A8D0000C9B04359844DEE74FF0000C4099E046AD
:10A8E000409BCB1A9B4549DD0E9B03EB2C252F1279
:10A8F0000AD4BC4208DD129B03EB28205FEA202E1D
:10A9000002D40B9B73454BDC4FF000030B7098E0B7
:10A910000027DDF800C11D973E46B3452EDD0E9B96
:10A9200003EB272005120CD4AC420ADD129B1D9AC2
:10A9300003EB22215FEA212E03D40B9B734500F326
:10A940009381409A4FF0000302F816308CF80130E2
:10A95000E4E104230793189B0693409B0B9A0D9800
:10A96000CDE904B30F9B03930C9B0293129B0193BD
:10A970000E9B009321463C9B1FF00DFE409B149ABA
:10A9800013444093119B0BB15B441193169B01330D
:10A990001693DDE91B2313441C93FAE60323D9E73E
:10A9A000EAB22D0654BFC2F17F02803AC3B259BF4A
:10A9B00052004FF0FF3652000126000655BFC3F18A
:10A9C0007F03803B5B005B0054BF199319933C9B52
:10A9D0000EFB03700D9B03EB0009185C1A9B0870BB
:10A9E00054BF4FF0FF350125002B3ED007EB060A80
:10A9F000BAF1FF3F30D0544537DD0EEB050ABAF10E
:10AA0000FF3F24D00B9B53452FDD3C9B19F806607C
:10AA10005D43B04219F8055007D0199BC3F5807704
:10AA20005E4300FB0766C6F30726A8421FBF5543D7
:10AA3000C2F5807300FB0355C5F307252E4476103D
:10AA40000E700F9B98440C9B01319C4448E74FB912
:10AA5000012C17D1012E15D1C2F1FF02424312126F
:10AA60000A70EEE7651EAF42F3E78FB90136F3D007
:10AA7000012CF1D0BEF1000F10D1013502D00B9B9B
:10AA8000012BDED1199BC3F1FF0343431B123DE7AA
:10AA900004F1FF394F45EDD1012EEAE70B9B5A1E19
:10AAA0009645CED1012DECE7DDF8F0C0DDF834E0BD
:10AAB0008F0000FB0C77DDF834C0BC445EF80770F3
:10AAC0002F605FFA82F91A9F1206DEB259BFC9F1F0
:10AAD0007F094FF0FF32A9F1800901221B0659BFFF
:10AAE000C6F17F064FF0FF33803E0123002F00F0B8
:10AAF00083808F18B7F1FF3F74D0BC427CDDC7184C
:10AB0000B7F1FF3F69D0DDF82CE0BE4574DD5CF89D
:10AB1000220023900CEB82013C9ACF7853430CEB3C
:10AB200003025CF8030092F803A02490BAF1000F2E
:10AB30000ED1EB78C6F1FF0673431B12EB7057BBC7
:10AB4000EB78C9F1FF0909FB03F31B12EB70B8E6C0
:10AB50002499286821F0B6FE0028F0D1EA784AB19D
:10AB6000C6F1FF0306FB0AFA02FB03AA4FEA2A2AF0
:10AB700085F803A08DF893602968249821F0B4FF2C
:10AB8000C0F3072328706B70C0F30743C0F307605E
:10AB9000AB70E870D3E72399286821F093FE002872
:10ABA0007FF48FAEEA783AB1C9F1FF0309FB07F7EA
:10ABB00002FB03773F12EF708DF88F90296823987E
:10ABC00021F092FFC0F3072328706B70C0F3074396
:10ABD000C0F30760AB70E87073E651B9012C17D170
:10ABE000012A15D1EB78C9F17F0909FB03F3DB11C9
:10ABF000ACE7631E9942F2E779B90132F2D0012C39
:10AC0000F0D078B9013303D00B9B012B7FF459AE00
:10AC1000EB78C6F17F067343E9E7671EB942F0D1CE
:10AC2000012AEDE70B9A013A90427FF44AAEECE735
:10AC3000189B089300230793119B0693409B0B9A44
:10AC40000D98CDE904B30F9B03930C9B0293129BC9
:10AC500001930E9B009321463C9B1FF090FD8DE6D7
:10AC6000189B08930123E6E7C2B2000654BFC2F165
:10AC70007F02803ACBB259BF52004FF0FF305200F2
:10AC80000120090655BFC3F17F03803B5B005B00D9
:10AC900054BF199319933C9B0EFB03590D9B4B44D6
:10ACA0001F930D9B13F80980409B03F816804FF00B
:10ACB000FF338CF801301A9B54BF4FF0FF31012154
:10ACC000002B45D02B18B3F1FF3F36D09C423FDD1F
:10ACD0000EEB01039A4601332AD00B9B534537DD17
:10ACE0001F9B185C3C9B59431F9B8045595C07D0B8
:10ACF000199BC3F58075584308FB0500C0F3072076
:10AD000088451FBF5143C2F5807308FB0311C1F38F
:10AD10000721409B0844401003F816000F9B1D9A22
:10AD20001A440C9B1D9201360CF1020C1F44F4E5F1
:10AD30005DB9012C19D1012817D10D9B13F80930E9
:10AD4000C2F1FF0253431B1200E6611EA942F1E764
:10AD5000B5B90130F1D0012CEFD0BEF1000F15D103
:10AD6000013102D00B9B012BD8D10D9B13F8092088
:10AD7000199BC3F1FF035A4312128CF80120CDE74F
:10AD800004F1FF384545E8D10128E5E70B9B5A1E41
:10AD90009645C3D10129E7E7F0B5478A85B0054656
:10ADA000C7F3080700224FF0140E93B29F4201D858
:10ADB00000202EE0AB680EFB02F69C1953F806C08B
:10ADC000A088A1EB0C0383420CD2A07C022802D104
:10ADD000E08818441DE038B9E068C35C002BF7D167
:10ADE0008C45F5D00132E0E7032814D1ADF80E30E0
:10ADF000144B228A0093A16802230DF10E0023F068
:10AE0000D4F930B1AB6833449A68DB88801A03EB1D
:10AE1000600005B0F0BD0128CAD1ADF80E30094B75
:10AE2000228A0093A16802230DF10E0023F0BDF9E0
:10AE30000028EED0AB6833449A68801ADA68DB8861
:10AE4000105AC6E7B3AF02002DE9F0470F4602687B
:10AE50008169D2F818A00346002900F01481427CD1
:10AE6000DAF8044012F0020904EBC10509D054F8E5
:10AE70003130DAF80070C3F313031F443846BDE8DD
:10AE8000F08728796A7912FB00F2002A00F0FD8031
:10AE90009AF813203F2A00F2FA80B3F80E8054F893
:10AEA0003130DAF800403E69C3F313030E211C442D
:10AEB000FCF70CFD9AF8133003F01E03022B4FD160
:10AEC0004A4649461DE0B8F1000F47D195F804C045
:10AED0004FF0000E0BE011F00701237819D143F376
:10AEE000C013DBB206F80E3001310EF1010E2B79E2
:10AEF0007345F0DCB8F1000F01D064440021064432
:10AF000001326B799342DEDC0021384616F002F9FB
:10AF1000B4E701F1FF39B9F1050F16D8DFE809F000
:10AF20000306090C0F1243F38013DAE743F34013CF
:10AF3000D7E743F30013D4E743F3C003D1E743F368
:10AF40008003CEE743F34003CBE743F300030CF168
:10AF5000FF3CDBB21FFA8CFC0134C3E7C446B7E701
:10AF6000042B3BD1DFF82CE14A46494615E011F0AD
:10AF7000030123781CD19B091EF8033006F8093021
:10AF8000013109F101092B794B45F0DCB8F1000FD3
:10AF900001D064440021064401326B799342B3DD51
:10AFA000B8F1000F18D195F804C04FF00009EAE796
:10AFB000012902D1C3F30113DEE7022902D1C3F351
:10AFC0008103D9E703F003030CF1FF3C1EF80330C3
:10AFD0001FFA8CFC0134D1E7C446E6E7082B33D1D5
:10AFE0004A464B46DFF8B09021E094F800C013F0D9
:10AFF00001030BBF4FEA1C1C0CF00F0C19F80CC01E
:10B0000019F80CC006F80EC01EBF01F1FF3189B25D
:10B0100001340EF1010E013395F804C0F445E4DC6F
:10B02000B8F1000F01D00C440023064401326979C5
:10B0300091427FF769AFB8F1000F03D129794FF042
:10B04000000EE9E74146FAE7102B7FF45DAF4A4670
:10B050000DE014F801CB06F803C0013395F804C0E5
:10B060009C45F6DCC91A064414FA81F401326B7966
:10B0700093427FF749AFB8F1000F02D1297900233D
:10B08000ECE74146FBE70F46F8E61746F6E64F4683
:10B09000F4E600BF605B0300645B03002DE9F0434E
:10B0A000092A876985B080460C461646994605D020
:10B0B000002A42D1002005B0BDE8F08320213846A7
:10B0C000FFF76AFE05460028F4D0FB68002B36D156
:10B0D00000207A683B8A02EBC50243435188092E5F
:10B0E000C1F30B1001464FEA231304BF01B249001C
:10B0F00008330B441B09A380537923811179E18024
:10B1000092F90630638192F90730A3813B7D33B118
:10B110005A1E0A44B2FBF3F212FB03F39BB2E38123
:10B12000FB7CA561C3F343032374637C092E6FF397
:10B130000003637460D00120BDE71146BFE7B9F199
:10B14000000FC5D0D8F818004946FFF725FE0028A3
:10B15000BED0D8F81820D2F80C80D27C930634D414
:10B1600098F80B203F2A17D8D8F80090244BCDE947
:10B170000250D8F80820009322F0404202234946AA
:10B1800002A823F012F80028A3D0A0EB0900401079
:10B19000D8F8043018569CE702F0C002402A97D134
:10B1A000D8F80090174BCDE90250D8F8082000934A
:10B1B00022F040420423494602A822F0F6FF00286C
:10B1C00087D0A0EB09008010E2E7D8F80420D8F877
:10B1D0000810525D095C002A3FF47AAF00293FF461
:10B1E00077AFD8F8003098F80D00013A0B4400FB17
:10B1F000023313F9010C6CE74900E1809BE700BFC3
:10B200008FAF0200A1AF0200C37A9B0742BF034B7E
:10B2100000225A65C07AC0F340007047FC47002006
:10B22000C27A930717D5002390F8A810036722F07D
:10B230001302C272C0E91A33074A8367C0E91633A2
:10B24000C0E9233363F30301C0E91433C0E90333D6
:10B2500080F8A81053657047FC47002010B50446DD
:10B2600001F024FA94F8A8301B0701D0236F43B9EA
:10B27000D4F8D8302BB120460249BDE8104003F085
:10B28000A3BB10BD5DB2000010B5FCF721F8124859
:10B2900021F041FF0446E8B1DC22002123F0D3F97C
:10B2A000E37A0E4823F0060343F00603E3722246D6
:10B2B000212104F041F82062FCF70AF800232370F2
:10B2C0000123074AA372074BE061C4E909234FF445
:10B2D0008073E362204610BD404800204FB1020059
:10B2E0000A0A0332900164000146034809B921F0BB
:10B2F000B2BF21F0B6BF00BF40480020014B186D1F
:10B30000704700BFFC470020014B586D704700BFDD
:10B31000FC47002070B50C460546FCF76DF8214649
:10B320001FF0AFFE0D4E7065B0B92846FCF75AF815
:10B3300021461FF0A6FE706570B92846FCF73EF85E
:10B3400021461FF09EFE706530B92846FCF75EF876
:10B3500021461FF096FE706570BD00BFFC470020BF
:10B36000F8B5154E0128356D04460F4605D0122854
:10B3700014D8124BC340D90710D5726D2146284608
:10B380001FF0C8FE2846FFF73FFF98B9EB7ADA06B0
:10B3900004D560F30413EB720120F8BD3A46706DDA
:10B3A0002146F9F7E5FA2846FFF72EFF80F0010065
:10B3B000C0B2F2E70020F0E7FC470020100F0400C5
:10B3C00038B590F89830013380F898300446D0F8BA
:10B3D000A40023F067FA238D984225D9012384F82D
:10B3E000983006F087FE1F4DC4F8A40004F19C01BC
:10B3F00020461FF00BFE296D0420FFF7B1FF80B33C
:10B4000094F898300322013B93FBF2F202EB4202E4
:10B410009B1A012B1FD0022B20D013BB296D0520B6
:10B42000BDE83840FFF79CBF237803F0FD03012BF4
:10B43000D7D1226BD4F89C30616B9B1AD4F8A02032
:10B44000521A94F82410524303FB032311FB01F119
:10B450008B42C3DCC5E7296D0620E1E7296D072093
:10B46000DEE738BDFC470020F8B5894D0446806E04
:10B470006865E37A1B071FD42B6DDE69E8B904F118
:10B4800030013046FFF746FF236F6865002B00F060
:10B490000A81D4F8D83033B17E49204603F094FABB
:10B4A0000023C4F8D830204601F000F92046FFF709
:10B4B000ABFE002800F0F780F8BD236F002B00F0F2
:10B4C000EB80A36B266B626BF61AE36BA664D21A51
:10B4D000A36DE264334403EBD3735B10A365E36DA8
:10B4E000134403EBD3735B10E365D4E9160104F155
:10B4F000600383E80300002E94F82430B8BF76423E
:10B500009E4204DC002AB8BF5242934205DA94F806
:10B51000A93043F0020384F8A930686D0028CBD02D
:10B52000802112F073F880F0010717F0FF0740F058
:10B5300084812B6DDB7A1807BED4206F08B1FAF72F
:10B54000D7FB204601F0D2F92046FFF75DFE002828
:10B55000B2D1236F002B5AD194F8A930D90756D411
:10B56000A66E002E53D04FF40041304612F040F842
:10B57000002840F06A81A36C2A6DE16C92F826C025
:10B5800083EAE37EAEEBE37EE64507DA81EAE17E1D
:10B59000AEEBE17EF445C8BFC4E92300D4F88C00CB
:10B5A0000344D4F89000C4F88C300144C4F89010DF
:10B5B00092F827E083EAE37CACEBE37C81EAE1707C
:10B5C000F445A0EBE17001DC864520DA844540F3C8
:10B5D0004181002BCCBF02230123B4F8A8101B012A
:10B5E00021F4F87143F480730B43A4F8A8301021C0
:10B5F0003046F9F7BDF92046FFF706FE38B9286D49
:10B60000324610211FF086FD286DFFF7FDFD204614
:10B61000FFF7FAFD00287FF44FAFA37A022B07D182
:10B62000206A28B122F0BDFD10B1206A22F0AAFDE7
:10B63000236F002B7FF440AFE37ADA0718D4E06879
:10B6400023F030F9296D0B8D984209D9002F40F075
:10B650000681E37A43F00103E37206F04BFD2061BB
:10B66000236F002B7FF428AFE37ADB077FF524AF4D
:10B67000206923F017F9296D4B8D98427FF61CAF96
:10B68000002F40F0F38006F035FD206114E700BF85
:10B69000FC4700205DB200004FF4005111F0A8FFFC
:10B6A00000283FF4ECAE686DA16E8842D4E90C230B
:10B6B0003FF407AFC4E90E23637A94F8A920A06F82
:10B6C000B3FA83F35B0963F3820284F8A920C8B15B
:10B6D0006B6D984216D022461921F9F749F9204698
:10B6E000FFF792FD00287FF4E7AEA26F19212046F4
:10B6F0001FF010FD2046FFF787FD00287FF4DCAE29
:10B700006B6DA367A06E002842D16B6DC4E91A333C
:10B71000002B3FF4D6AE06F0EDFCE37AB4F8A82097
:10B72000E0606FF30003E3720023C4E91433C4E95B
:10B730002333C4E912332367637A22F47F7222F041
:10B740000302012BA4F8A8202CD12E6DF37A1F0739
:10B750003FF5B2AE686D042111F04AFF88B1686D03
:10B7600011F05AFF0746706F002833D1002F39D0EF
:10B77000686D11F0C5FB3046FFF746FD08B96B6DEB
:10B7800073672046FFF740FD00283FF49AAE93E62A
:10B790002A6D0321F9F7ECF82046FFF735FD002864
:10B7A000B3D089E6686D802111F030FF0028CCD13C
:10B7B000A26F6B6D296D9A4206D1296D0120FFF7AA
:10B7C000CFFD0028C1D177E61820FFF7C9FD00287A
:10B7D000F3D171E611F020FF8742034615D1686D61
:10B7E000002FC6D1706F6B6D9842C8D02A6D14219E
:10B7F000F9F7BEF83046FFF707FD0028C1D12A6DE2
:10B80000686D1321F9F7B4F8B5E7706F83B928B9FB
:10B81000686D002FACD12A6D1321F3E72A6D142136
:10B82000F9F7A6F83046FFF7EFFC0028F0D0A8E7BC
:10B830000028EDD02A6D1521F2E7296D0220FFF7CF
:10B840008FFD00287FF475AE36E6304614F0E6FF33
:10B85000064686E60029CCBF08230423BDE608205F
:10B86000FFF77EFD00287FF4F4AE25E60920FFF700
:10B8700077FD00287FF407AF1EE600BF2DE9F043F7
:10B88000C37A044618079DB007D4A26B236B9A4273
:10B8900003D1E26B636B9A4248D0FBF719FD04F1C8
:10B8A0003001FFF737FDA36F8342054623D02246C0
:10B8B0001821F9F75DF82046FFF7A6FC60BB2A4681
:10B8C000182120461FF026FC2046FFF79DFC18BBE0
:10B8D000A06F22461921F9F74BF82046FFF794FC98
:10B8E000D0B9A26F192120461FF014FC2046FFF7A3
:10B8F0008BFC88B9A567E37AA06E190716D57F4B34
:10B9000003211A6DF9F734F82046FFF77DFCE37A3E
:10B9100028B16FF3C303E3721DB0BDE8F083C4E93F
:10B920001A00C4E9030060F3C303E372734DA36E0E
:10B930006B65A37A276F022B07D1206A28B122F00A
:10B9400030FC10B9206A22F018FC686D002800F065
:10B95000D080802111F05AFE00283BD1296D0B20A8
:10B96000FFF7FEFC0028D7D0C7B994F8A9305A07D2
:10B9700004D40023C4E90333A366CDE7E37ADB07ED
:10B9800006D5296D0A20FFF7EBFC0028F1D1C3E7AB
:10B990002046FFF715FD0028F3D1BDE72A6D0D21E4
:10B9A0003846F8F7E5FF2046FFF72EFC0028B3D114
:10B9B000C4E90300A0660026CDE904664FF4807553
:10B9C000A84677B9B8F1000F36D105B901254FF077
:10B9D00001083AE00023C4E90333A366002FEAD14B
:10B9E0009AE770220021384614F0C2F903903044DF
:10B9F0006E22002106B2384614F0BAF96F22814651
:10BA000003900021384614F0B3F9B9F1010F05464F
:10BA10000390B8BF4FF0010901283846B8BF01258F
:10BA200008FB09F914F0FAFE49F30F2808FB05F5A5
:10BA300045F30F250746C4E7002D58D02EB9B5F5BC
:10BA4000807F02D1B8F5807F20D076424FF48033DA
:10BA500036B293FBF8F24FF0000993FBF5F304AF15
:10BA600015B20FFA83F843462A46314604F15800CE
:10BA7000CDF80490009720F02AFECDE900794346E6
:10BA80002A46314604F1600020F021FED4F8D85057
:10BA90003DBB04A802F07EFF214604A820F00FFA67
:10BAA0004FF4806104A820F00EFA4FF4806229461A
:10BAB00004A820F00DFA124904A820F002FA114956
:10BAC00004A820F00FFA0F4904A820F00DFA4FF057
:10BAD000FF3104A820F00EFA04A803F0A7F8C4F878
:10BAE000D80020461DB0BDE8F043FFF78DBB01250F
:10BAF000ABE7002F3FF410AFC8E700BFFC470020C2
:10BB00005DB20000BBAF02002DE9F04F044691B0DA
:10BB1000002800F0E780A84D2865C369002B00F0DD
:10BB2000E180FFF77DFBC37A5E0740F1DB80C369EC
:10BB3000D3F8D0320193002B40F0D480342200217E
:10BB400003A822F080FD2378012B1FD1236C0393DF
:10BB5000636C0493636813B103A920469847A37AE2
:10BB60002046022B14BF9DF81F804FF00008FFF7FE
:10BB700057FB019B6B659DF81E302372012B0FD183
:10BB8000E66906F0B7FAC6F80C0310E0022B03D101
:10BB9000D4F8B0300593DDE7042BDBD10A23F9E7B5
:10BBA0002378042B03D1BDF91C30002BE8D1237876
:10BBB000012B40F08380E069039E04992664616450
:10BBC00090F8002302F00603022B07D103689B1BA9
:10BBD000013B039343685B1A013B049302F00502A7
:10BBE000012A06D1DDE90332049343689B1A013B25
:10BBF0000393FBF77DFBE069FBF78AFBD4F8B40005
:10BC000048B1DDE90312A36B8B4202D1E36B93428F
:10BC100001D012F07BFE039B2363666F049B63637A
:10BC2000BDF91C30C4F89430BEB1B3B130466E6576
:10BC300011F05AFFF0B10021686DE66A762214F027
:10BC400097F8D4F894305E43464306F50046361420
:10BC500002A912200296FFF783FB237A012B2046CC
:10BC600029D1FFF701FC237A6372236BA363636B13
:10BC7000E3632EE0D4F8942094F82430A666002ADA
:10BC8000D8BF5B42E36420461FF0BEFA0028E4D030
:10BC900076220021E66A14F06BF8D4F89430029012
:10BCA0007343434303F500431B14E3656366204677
:10BCB00000F01CFED1E7FFF7E1FDD4E7022B40F0D6
:10BCC000E4809DF81E10E37A012903F008020CD1EC
:10BCD0009AB12046FFF7A4FAB8F1000F7FF42EAF17
:10BCE000C5E9148811B0BDE8F08F32B123F0090323
:10BCF000E3720023E36084F8AC30D4F8B860059BAD
:10BD0000D4F8B0A0C4F8B030002EE2D0304611F024
:10BD1000BEF868650028DCD0802111F077FC9DF822
:10BD20001E9094F8ACB084F8AC9080F00107B9F1A3
:10BD3000010FFFB23BD1BBF1000F3FD106F0DAF9A2
:10BD40000599E06009290BD13046002111F0B8F8BF
:10BD50003046F8F77BFD2046FFF756FA48B3B8E7C0
:10BD60000B2907D13046002111F0AAF83046F8F728
:10BD700081FDF0E7EFB10A2930460CD111F08CF8C3
:10BD80002046FFF741FA0028A3D1296D4846FFF766
:10BD9000E7FA70B99DE71B294BD111F07DF82046D9
:10BDA000FFF732FA002894D1296D2720EFE7002F02
:10BDB00042D100236B658CE7FC470020002FF8D0B0
:10BDC000BBF1010FF5D1059B0A2B15D0E37AD807FB
:10BDD0001BD4E06822F066FD238D9842E37A12D9E5
:10BDE00043F00103E372059B0A2BE2D106F082F9CE
:10BDF0002061296D0820CAE7296D0220FFF7B0FAFB
:10BE00000028E3D165E7D907D3D5206922F04AFDA0
:10BE1000638D9842CDD906F06DF9059920610A2904
:10BE200002D1296D0920B2E709298DD00B2999D0BB
:10BE3000304611F031F88EE7B9F1000FB9D1BBF1FE
:10BE4000010FB6D1BAF10A0FCDF814A006D0E37AEB
:10BE5000002262F30003E260E372AAE7296D0B207F
:10BE6000FFF77EFA00283FF434AFE37ADA0706D50D
:10BE7000296D0A20FFF774FA0028E8D129E7204647
:10BE8000FFF79EFA0028F3D123E7042B40F0B68198
:10BE90009DF81E20E37A012A03F0080160D10029F1
:10BEA0007FF417AFD4F8B860059B94F8ACA0C4F841
:10BEB000B03084F8AC20002E3FF40BAF304610F0C9
:10BEC000E6FF686500283FF404AF9DF81E3013B10B
:10BED0000023ADF81C30802111F098FB9DF81E3036
:10BEE00080F00107012BFFB240F0E780BAF1000FAC
:10BEF00070D106F0FFF80599E0600A294CD1686D11
:10BF000011F0F2FDB0B3304611F03FF800283AD1FD
:10BF1000BDF91C304FF0000AC5F854A0002B3FF4C7
:10BF2000D8AE304611F031F8BDF91C300746002874
:10BF300000F03F81534580F22881BDF91C305B42FF
:10BF40009A45BFF6C6AE1421304610F0A5FF204634
:10BF5000FFF75AF900287FF4BCAE0AF1010AECE7BA
:10BF600000299FD023F00903E3720023E36084F8E3
:10BF7000AC3097E7686D102111F03AFB0028C2D170
:10BF8000304611F002F8002FC2D0296D0120FFF7D2
:10BF9000E7F90028BCD19CE6142905D1BDF81C3076
:10BFA000013BADF81C30B3E7132903D1BDF81C30B9
:10BFB0000133F6E71B29304676D110F06DFF20469D
:10BFC000FFF722F900287FF484AE002FA0D0296D5E
:10BFD0002720DCE7BAF1010F9AD1E37ADB0710D50D
:10BFE000206922F05FFC638D984291D906F082F8B7
:10BFF000059920610A2951D1002F89D0296D092086
:10C00000C5E7E06822F04EFC238D9842E37A41D9DF
:10C0100043F00103E37206F06DF8059B20610A2BE3
:10C0200020D16A6D286D08211FF074F8286DFFF784
:10C03000EBF800287FF44DAE686D11F055FDB0B1FE
:10C04000304610F0A7FF01280CD9304610F09DFFB4
:10C0500080F00101C9B2304610F032FF686D202136
:10C0600011F0B8FAE37A43F00103E37250E7686D28
:10C07000102111F0BDFA0028E2D1002FF2D02A6D74
:10C08000686D0821F8F774FC286DFFF7BDF80028EB
:10C09000E8D01EE6D8077FF53BAFA1E714293FF4AF
:10C0A0007DAF132982D0304610F0F6FE2046FFF710
:10C0B000ABF800283FF42CAF0BE6002B7FF428AF41
:10C0C000BAF1010F7FF424AF059B0A2B1AD1686DDA
:10C0D00011F00AFD10BB686D102111F089FAE8B962
:10C0E00087B1296D0B20FFF73BF900283FF4F1AD34
:10C0F000E37AD9070CD5296D0A20FFF731F900281A
:10C100003FF4E7ADE37A0022E26062F30003ACE7BC
:10C110002046FFF755F90028EDD1DAE5304610F05A
:10C1200034FFE37A50B3DA070AD49FB90A213046C4
:10C1300010F0B2FE2046FFF767F80028E2D0C8E50D
:10C14000304610F027FF0128EFD9686D202111F04B
:10C1500041FAD7E7296D0B20FFF702F900283FF4D9
:10C16000B8AD2046FFF72CF900283FF4B2AD296D99
:10C170000A20FFF7F5F80028D8D1AAE5DB07C1D4DB
:10C180000121304610F09CFEBCE73FF4A2ADBDF9A2
:10C190001C309A45BFF69DAD1321304610F07CFE51
:10C1A0002046FFF731F800287FF493AD0AF1010A29
:10C1B000EDE7002B10DABDF91C305B429F42BFF661
:10C1C00088AD3046F8F756FB2046FFF71DF80028EB
:10C1D0007FF47FAD0137EEE73FF47BADBDF91C3056
:10C1E0009F42BFF676AD3046F8F730FB2046FFF7AA
:10C1F0000BF800287FF46DAD0137EFE7032B7FF4D8
:10C2000068ADD4F8BC30002B3FF463AD069A03EB65
:10C21000C20153F832709DF81E304E68012B08D1D0
:10C22000A36B9F4202D1E36B9E4202D02046FFF7F0
:10C2300025FB2046FEF7E8FF00287FF44AAD9DF875
:10C240001E30012BC4E90C7620460AD1FFF70CF909
:10C25000237A63722046FEF7D7FF00283FF405AD2E
:10C2600037E5FFF70BFBF3E770B5C37A43F0020342
:10C27000C372234B1A6D824204BF00225A650378B1
:10C28000013B012B04460D4611D8866E99B1436FD0
:10C2900099420DD08EB9D4E91B369D4201D10023BD
:10C2A000E366EEB9A36F9D4201D10023A36770BD81
:10C2B00000234367EEE741676EB100232246172152
:10C2C000A3663046F8F754FB3246172120461EF08D
:10C2D00021FF002DDFD1266F0023E366002EE4D07E
:10C2E00000232246172123673046F8F741FB3246E8
:10C2F000172120461EF00EFF002DD3D1D5E700BF39
:10C30000FC47002038B50D4618B1BDE83840FFF7AE
:10C31000ABBF084820F09FFF044610B9064B586594
:10C3200038BD20462946FFF79FFF2046FEF7DCFF79
:10C33000F2E700BF40480020FC4700202DE9F04F05
:10C3400089B0CDE9021204469B4612F090FF0546E3
:10C3500020B96FF0604009B0BDE8F08F10220021D5
:10C36000204613F005FD11220790002106462046C5
:10C3700013F0FEFC07900746204614F085FA4FF0B4
:10C38000000801906FF06049019B984506D16FF05D
:10C3900060439945DDD0C9F10000DCE7A368294975
:10C3A0001B6853F828A0504611F028F928B94FF41B
:10C3B0008051504611F01CF920B94B4608F1010894
:10C3C0009946E1E7022D1AD0032D1DD0012DF4D19D
:10C3D000A169DAF818303144029A5B449342ECDBED
:10C3E000039A9342E9DC5B1A83EAE37089EAE97114
:10C3F000A0EBE370A1EBE9718842DEDADEE7216AA7
:10C40000DAF82030C91BE7E7DAF8181004910AF1CE
:10C41000140020F06FF9049900EBD07001EB600379
:10C42000A1690593314404F11400049120F062F9EC
:10C43000801B0499059BC01B00EBD07001EB6001D1
:10C44000CAE700BF010004002DE9F04F89B0CDE933
:10C45000021204469B4612F003FF054620B96FF016
:10C46000604009B0BDE8F08F12220021204613F091
:10C470007FFC1322079000210646204613F078FC2B
:10C4800007900746204614F0FFF94FF0000801908E
:10C490006FF06049019B984506D16FF06043994564
:10C4A000DDD0C9F10000DCE7A36828491B6853F818
:10C4B00028A0504611F0A2F828B94FF480515046F8
:10C4C00011F096F820B94B4608F101089946E1E7CA
:10C4D000022D1AD0032D1DD0012DF4D16169DAF897
:10C4E00014303144029A5B449342ECDB039A93424A
:10C4F000E9DC5B1A83EAE37089EAE971A0EBE37097
:10C50000A1EBE9718842DEDADEE7E169DAF81C3096
:10C51000C91BE7E7504650F8143F049320F0E5F8B4
:10C52000049B00EBD07003EB60032046059350F8AA
:10C53000141F3144049120F0D8F8801B0499059B06
:10C54000C01B00EBD07001EB6001CBE701000400E1
:10C550002DE9F7431E4603294FF0010313700446EB
:10C560001746337024D112F07BFE022863D00328D3
:10C570003BD0012856D0002500236FF06042691C93
:10C580002046FFF761FF6FF06043984204BF00232D
:10C590003370454900236A1E2046FFF755FF6FF0B0
:10C5A0006043984201D100233B7003B0BDE8F083A3
:10C5B00012F05DFE02286DD0032845D0012860D01E
:10C5C0000025691C00236FF060422046FFF7B6FE8D
:10C5D0006FF06043984204BF002333703249002358
:10C5E0006A1E2046FFF7AAFED9E712220021204644
:10C5F00013F0BEFB1322804601900021204613F069
:10C60000B7FB81460190204650F8145F20F06DF88A
:10C61000A0EB0803A3EB090303EBD37305EB63055E
:10C620004544A9E7122200212046656913F0A0FBCA
:10C6300001900544A0E7132200212046E56913F08C
:10C6400097FB01902D1A97E710220021204613F046
:10C650008FFB1122804601900021204613F088FBB9
:10C660008146019004F11400A56920F043F8A0EB85
:10C670000803A3EB090303EBD37305EB6305454400
:10C680009FE7102200212046A56913F071FB01905D
:10C69000054496E7112200212046256A13F068FB25
:10C6A00001902D1A8DE700BF010000E02DE9F3474E
:10C6B000056F0446002D00F0A18090F8A8301F07F8
:10C6C00000F09C8090F825604021284610F090FFF3
:10C6D00008B9C4E91600284612F0C2FD07462846EC
:10C6E00012F0C5FD94F8A89009F00F09B9F10C0FEC
:10C6F00080467DD14FF0000AC4F858A000283CD1F4
:10C70000E36DC6F164065E432846642396FBF3F6A8
:10C71000E665F8F7FDFF0646284612F0B9FDCDF8AC
:10C72000009033460246E16D28461EF013FD414657
:10C730000246E065284612F0ADFDE37A9E075DD41F
:10C74000A36D002B5AD1E36D002B57D1284612F070
:10C750009FFD06462846F8F7DBFF002E00F39F807A
:10C76000002832DD8EB30123324600212846F9F736
:10C77000E9F8E37A9A0728D540E0494620461EF0BA
:10C780002CFD636DD4F88020C4F85CA0C1189142E0
:10C790000646B8BFD61AD4F8882099199142C8BF66
:10C7A000D61A514933466FF060422846FFF7C6FD5E
:10C7B0000123821900212846F9F7C4F8E37A980783
:10C7C0001CD4A36DD3B9E36DC3B9002F6CD022463E
:10C7D0000E212846F8F7CCF8E37A13F002030DD1C6
:10C7E00094F8A820236763F3030284F8A82005E0E7
:10C7F000B9F1030F05D0A36D002B49D002B0BDE8FD
:10C80000F0874FF0000AC4F85CA007BBA36DC6F127
:10C8100064065E432846642396FBF3F6A665F8F7A4
:10C82000C3FF06462846F9F717F8CDF80090A16D2A
:10C830000346324628461EF08DFC3A460146A06566
:10C84000284612F027FDE37A9907D4D5D6E7494662
:10C8500020461EF0C2FC236DE26FC4F858A0C11838
:10C8600091420646B8BFD61AD4F88420991991424D
:10C87000C8BFD61A33461C496FF060422846FFF7FE
:10C88000E3FD0123811900222846F9F75BF8DAE776
:10C89000E36D002BB2D1B8F1000F96D156E7002816
:10C8A00093DA0123424260E72846F8F77DFF064607
:10C8B0002846F8F7D1FF002E0EDC002887DD002E79
:10C8C00085D001233A4631462846F9F73BF8E37A0A
:10C8D0009B077FF57CAF91E70028BFF678AF012377
:10C8E0003A464142F0E700BF010000E02DE9F04F79
:10C8F000836C85B004461BB9C36C002B00F07A81B1
:10C90000266F002E40F0CE8020461EF07DFC0646AD
:10C91000002800F06F81256F8021284610F068FE06
:10C9200080B9B84A6FF060430093114604F17C006F
:10C930001FF049FBE26F6FF060439A4204BFB14BB6
:10C94000E36781E0284612F092FC022830D00328E9
:10C950003AD001284DD1A96900236FF0604201311E
:10C960002846FFF7EBFCC4F88000AA690023013ACF
:10C97000A4492846FFF7E2FCC4F88800284612F0D4
:10C980006FFC02283BD0032844D0012856D1002355
:10C990006FF0604269692846FFF756FDE0676A69F3
:10C9A000002398492846FFF74FFDC4F88400C1E7EB
:10C9B00000236FF06042296A2846FFF7BFFCC4F8E5
:10C9C00080002A6A0023D3E705F11400AF691FF045
:10C9D00091FE00EBD07007EB600700236FF0604220
:10C9E000791C2846FFF7AAFC0023C4F880007A1EB1
:10C9F000BEE7844BC4F880306FF06040BCE7002392
:10CA00006FF06042E9692846FFF71EFDE067EA69BA
:10CA10000023C6E7284650F8147F1FF066FE00EB9F
:10CA2000D07007EB600700236FF06042791C284646
:10CA3000FFF70AFD0023E0677A1EB2E7714BE36758
:10CA40006FF06043C4F88430D4F880206FF0604306
:10CA50009A4204BF6B4BC4F88030E36F0BB9694B4B
:10CA6000E367D4F884301BB96FF06043C4F88430B6
:10CA7000D4F8803013B9634BC4F88030D4F88830D0
:10CA80001BB96FF06043C4F88830A06E202110F00D
:10CA9000A1FD00220C213046F7F76AFFE37A9807E0
:10CAA00000F1A8804FF48075B0462F464FF0000A81
:10CAB00070220021404613F05BF9029050446E2230
:10CAC00000211FFA80F90FFA80FA404613F050F95E
:10CAD0006F22834602900021404613F049F9BBF1D2
:10CAE000010FB8BF4FF0010B01280290B8BF012021
:10CAF000684340F30F25404613F090FE07FB0BFB05
:10CB00004BF30F2780460028D2D1C7B9002D74D02F
:10CB100001270020CDE90200C9F10001019002A81F
:10CB20004FF48033009093FBF7F209B293FBF5F3D7
:10CB300012B21BB204F148001FF0C9FD0AE0002D3B
:10CB40005DD0BAF1000FE4D1B7F5807FE1D1B5F542
:10CB5000807FDED194F8A85005F00F05032D3046F4
:10CB600052D1F8F779FE07463046F8F71DFE0095DA
:10CB700002463B46A16C30461EF0ECFA07463046B2
:10CB800012F066FB10F0010552D00025810758BF56
:10CB900027EAE77710F0040301D1002D4CDC0207EF
:10CBA00001D425EAE575636DD4F8802059199142C6
:10CBB000B8BFD51AD4F8882059199142C8BFD51AE0
:10CBC000236DE26FD9199142B8BFD71AD4F88420E7
:10CBD000D9199142C8BFD71A39462A46304612F0B1
:10CBE00059FBE37A9B0705D4236D3B442365636DB2
:10CBF0002B44636505B0BDE8F08F012588E701256A
:10CC000087E700BF010000E012F042FB0546304616
:10CC1000F8F77EFD0C22009203462A46E16C30466E
:10CC20001EF098FA0546304612F012FB0027ADE7D9
:10CC3000002FABDD2F46B2E71D46B4E72DE9F04FDC
:10CC400089B00E4617460021012280460293DDF886
:10CC50004CA013F08DF802220790044600214046B4
:10CC600013F086F8F2780790950758D512F0010F67
:10CC70006FF040424DD094424DD0924B0393924B73
:10CC800001930025CAE90155CAE90355CAF81450B1
:10CC9000CAF8005039464046069713F0C2FD4FF0DF
:10CCA000010B0446DDF81890002C46D04F453DD1CD
:10CCB0008649204610F0A2FC0146002840F0DA80A8
:10CCC0007E220590204613F053F804909DF8102022
:10CCD0000790002A00F0DF80F27812F0010013BF05
:10CCE0000422062201460599204613F041F8F27805
:10CCF00007904F4502F002024CD0129B1844002AC4
:10CD000049D10544DAF80820129B1A44CAF80820D1
:10CD10004BE0904206D1F2786FF34102F270F27864
:10CD2000D107AAD4684B0393664BA9E74FF40011CF
:10CD3000204610F05DFC0028BAD0DAF8142012B9B1
:10CD4000DAF808300293029B069ACAF80430DCB184
:10CD5000974219D1D8F80820F178126852F8274084
:10CD6000C1F3800106AA40461EF062FC64B1019B3B
:10CD700020469847039BCAF80000204698470122A6
:10CD8000CAF80400CAF80C20DDF81890484609B02B
:10CD9000BDE8F08F32B1DAF80820029B2A44024441
:10CDA0009A42CADC4F450544ACD1DAF814109AF81F
:10CDB00018200131D207CAF8141047D51822DAF822
:10CDC0001000514302F042FE83460028DED0DAF81C
:10CDD0001410182202FB0101204641F8184CF1788A
:10CDE00011F001011ABF04220021062212F0C0FF37
:10CDF000DAF814200790182101FB02B242F8140C53
:10CE0000F17811F001011ABF052200210722204606
:10CE100012F0AEFFDAF814200790182101FB02B2DD
:10CE200042F8100CDAF8142001FB02B09DF8102033
:10CE300040F8082CDAF8142001FB02B212F8041CA6
:10CE40006FF3000102F8041CCAF810B0019B2046E1
:10CE50009847DAF80020904203DD019B204698476E
:10CE60000246CAF80020DAF80C200132CAF80C2079
:10CE70004FF0000BF27812F0040F0CBF01214FF0BD
:10CE8000FF31494400290691FFF657AF404613F0A1
:10CE9000C8FC044606E7039B20469847BBF1000FF9
:10CEA00001D1129B1844F278DAF80810930705D5DF
:10CEB000029B6A1802449A423FF73FAF0844CAF8FF
:10CEC0000800C3E7B1B6020091B6020001000600F7
:10CED0002DE9F04F7A22A9B00021044612F048FF54
:10CEE000C343C0F3800203F0010343EA42039DF809
:10CEF0005B202190C0F3C00043EA800322F00702C8
:10CF0000134300217B2220468DF85B3012F030FF66
:10CF10007C2221908DF858000021204612F028FF35
:10CF20007D2221908DF859000021204612F020FF2B
:10CF300027222190C5B2002120468DF85A5012F0C8
:10CF400017FF9DF85B602190C3B216F001080393B0
:10CF500040F09A8015224146204612F009FF142223
:10CF6000219005904146204612F002FF2190049046
:10CF7000204611F097FD0690102200212046D4F89B
:10CF8000189012F0F5FE302207462190002120462D
:10CF900012F0EEFE3422824600212190204612F04B
:10CFA000E7FE83072190204648BF574412F06BF9F3
:10CFB000B944A9EB00001790122200212046D4F8B2
:10CFC000149012F0D5FE3022074621900021204611
:10CFD00012F0CEFE3422824621900021204612F02B
:10CFE000C7FE21904007204648BF574412F046F93B
:10CFF000B944A9EB00001890B8F1000F56D10DF11B
:10D00000600A01220021204612F0B2FE02220A909C
:10D0100021900021204612F0ABFE6FF040430B90B0
:10D020002190B8F1000F44D0984240F0878094F8E6
:10D030002B30590700F182800023199300279DF8B7
:10D040005B6016F0040502D0A3681D8E013D039BB2
:10D05000012B01D1F3073BD5A3681B8E9D42C0F085
:10D060008B800A9A6FF040439A4202D00B9A9A4200
:10D0700002D12046F7F75AFE00223321204629B07C
:10D08000BDE8F04FF7F774BC14220021204612F0DF
:10D090006FFE1522219005900021204612F068FEB7
:10D0A00021900490204611F0EDFC64E70DF15C0A3C
:10D0B000A7E70A9A9A4211D0039B012B3ED1ADB14A
:10D0C0000027012D199714D116F00405BCD12F4665
:10D0D000DAF800303B44CAF80030BDE794F82B3052
:10D0E00013F0080F039BE8D1012BA5D1002319935E
:10D0F000012516F004021CBFA3681A8E4FF000062B
:10D1000018BF02F1FF3237460DF18408A3681B8E69
:10D11000934218D80EB1059BFF1A9DF85B30DA07D1
:10D12000204626D511F0BEFC19ABCDE900A301467F
:10D1300033463A4628461EF041FA80E70023199309
:10D14000002DD6D17AE79DF89C30CDF804806FF39E
:10D1500000038DF89C30049B009316A9069B204683
:10D16000FFF76CFD219B05990B4402461F440136D5
:10D17000CCE711F087FCD7E79DF89C3043F0010322
:10D180008DF89C3021AB0193049B00932A46069BAB
:10D1900016A92046FFF752FD039B9DF85B200C90DB
:10D1A000012B07D1D0075FBFDAF8003021995B1A55
:10D1B000CAF80030189B1193179B129302F0010BD1
:10D1C000674B684A6848694FDDF894801A95BBF14F
:10D1D000000F0CBF194611461491654906BF0E4653
:10D1E00001460646109163486349089608BF1346F6
:10D1F000229A0F9204BF0E460146239A07910F9977
:10D200000E93269B18BF0646A1EB02024FF01800B2
:10D210000D961392594E00FB038208BF3E461596A9
:10D220000992002B34D01399474600223B7DDB073F
:10D2300055BF3B69FB68D218C91A099B1837BB4216
:10D24000F4D143464FF0000993F814C01CF0010FCD
:10D2500017D191FBF2FE1E699F68586806FB0EFE0F
:10D260007745A8BF77468742B8BF0746BE451EBF71
:10D270004CF0010C83F814C04FF00109DF60921BE1
:10D28000C91B099818339842DED1B9F1000FCAD1F1
:10D2900027220021204612F06BFDC3B20993002320
:10D2A000CDE91B331CAB01931BAB1D9000930F9A70
:10D2B000249B06999DF858001EF080F9BBF1000FE1
:10D2C00008D0099B012B05D1204611F0DBFB1B9BED
:10D2D00003441B932946204613F0A3FA259E0546D6
:10D2E00018B11A9B0C9A9A4214D1304602F0A4FB52
:10D2F000039A199B012ADAF8002040F08681BBF1DD
:10D30000000F40F0828105990B44D31A0C9DCAF896
:10D310000030A1E61A49284610F070F99DF85B101C
:10D320008146C1F3800120B11AAA20461EF080F97F
:10D33000D4E701467E22284695F82B7012F018FD9E
:10D340001D90C0B2C7F3C008C7F38007002800F0E3
:10D350001181269A914515D14FF000091AE000BFBE
:10D3600067B6020083B6020075B60200DDBF020098
:10D3700059B60200F5C60200EBC60200D3BF020098
:10D3800001000600334653F8181B8D4240F0EB8035
:10D39000D6F80C9095F82B3023F00C03BBF1000F5E
:10D3A00000F0E58043F0080305F1140685F82B3002
:10D3B0003046079B984748451DD0284611F027FD69
:10D3C0006B691D93AB691E93EB691F932B6A2093C6
:10D3D0004946159B304698471DAA31212846F7F744
:10D3E000C7FA284613F01AFA2A462A21F7F7C0FA94
:10D3F000284611F00CFD95F82B30C3F3C0024245CE
:10D4000003D1C3F38003BB4202D0284611F0C2FA15
:10D410009DF85930012B00F0B480022B40F0BD8004
:10D4200021980D9B013020F0010605F1140098476A
:10D43000301A109B00EBD0760021284698470E9BAF
:10D440000746002128469847381A761000EBD0701E
:10D4500006EB6006BBF1000F09D0099B012B06D13A
:10D46000079B05F1140098471B9B1B1A1B936C220A
:10D470000021284612F07CFC6D22002180461D9080
:10D480008146284612F074FC1D90139007462846EA
:10D4900011F0F2FA0F90284611F0F1FA08F0C043AB
:10D4A000B3F1005F0F99139A14D128F0C0486FF0C0
:10D4B000604398450ED0B8F1805FA2BFC8F17F6885
:10D4C00008F57F2808F6FF7808FB01F34FF06409A0
:10D4D00093FBF9F907F0C043B3F1005F12D127F0D5
:10D4E000C0476FF060439F420CD0B7F1805FA2BF8E
:10D4F000C7F17F6707F57F2707F6FF777843642337
:10D5000090FBF3F26B691199AF69CB1A9944129BA6
:10D51000DF1B1744BBF1000F45D0089B00212846B4
:10D5200098471B9B1844374410EB090662D02846E5
:10D5300011F06DFC6B6933446B61EB693344EB6153
:10D54000AB693B44AB612B6A3B442B62284611F02C
:10D550005EFC00233A463146284611F0F2FABBF150
:10D56000000F2CD048E009F101091E46F2E643F015
:10D57000040319E795F82B3023F00C0385F82B30C2
:10D5800039E70D9B219E05F1140098470E9B361A32
:10D59000002128469847361A5CE7109B0021284650
:10D5A0009847064656E7089B5946284698471B9BCE
:10D5B0004E4418440744002EB9D1002FB7D1079B21
:10D5C00005F114009847049B1E181C9B00211E4463
:10D5D0002846089B9847149B0644002128469847F4
:10D5E0001B9B304418449DF85B101B901AAAC1F392
:10D5F00080019AE6002F9AD1099A012ADDE91B03DE
:10D60000DDD1049A1344C01AEDE721990B44059922
:10D610000B4413447AE600BF034B0449DA6D916072
:10D62000DB6D0022DA607047FC470020D1CE00009D
:10D630002DE9F04F00219BB0044613F0F2F80146AB
:10D64000002877D1202212A820F0FDFF102200210F
:10D650000AA820F0F8FF12220021204612F088FBD1
:10D66000302206460E900021204612F081FB342223
:10D6700005460E900021204612F07AFB0021420759
:10D680000E904FF01002204648BF761912F070FB42
:10D69000302205460E900021204612F069FB34220C
:10D6A000002107460E90204612F062FB8307636953
:10D6B0000E90204648BFED191E4411F0DFFDA3690E
:10D6C000361A20461D440C9611F0DDFD2D1A0D95DD
:10D6D00000230693A36806991A8E8A4200F262829A
:10D6E000129802F0A9F9139802F0A6F9149802F022
:10D6F000A3F9159802F0A0F901220021204612F0AA
:10D7000037FB022205460E900021204612F030FB26
:10D710006FF040439D420E9001D0984202D12046C6
:10D72000F7F704FB002233212046F7F721F91BB05D
:10D73000BDE8F08F81220021204612F019FB05463A
:10D740001290002840F04E81204613F067F88122A5
:10D75000294612F00DFB0746129000285FD029469B
:10D760008622204612F004FB29468722804612902A
:10D77000204612F0FDFA461CB6001290304602F028
:10D7800041F9043E0546324607EB880120F08BFE46
:10D790006FF06043AB514FF0010A00206FF060431F
:10D7A00055F820209A4240F020811790800002F026
:10D7B00029F913901798DFF810B3800002F022F9CE
:10D7C00000261590179B9E42C0F011814FF0000873
:10D7D000BE4846464346179A9342C0F045811422FC
:10D7E0000021204612F0C4FA07460E90204611F0A0
:10D7F00059F9179B013B07FB1303A3EB0803B3483D
:10D8000023EAE3730027179A974202D2002E40F0D2
:10D810003D81BAF1000F02D0284602F00DF98222B4
:10D820000021204612F0A4FA05460E90002840F090
:10D830004681204612F0F2FF8222294612F098FA21
:10D8400007460E9000285BD029468322204612F01E
:10D850008FFA2946842280460E90204612F088FADC
:10D86000461CB6000E90304602F0CCF8043E054649
:10D87000324607EB880120F016FE6FF06043AB5193
:10D880004FF0010A204611F0FDF86FF06043834627
:10D89000002055F820209A4240F014811690800014
:10D8A00002F0B0F812901698800002F0ABF8002653
:10D8B0001490169B9E42C0F00D81002783483E467F
:10D8C0003B46169A9342C0F0428100211522204621
:10D8D00012F04EFA169B0E90013B00FB13B0C01BDA
:10D8E0007A4920EAE0700027169B9F4202D2002E60
:10D8F00040F03F81BAF1000F02D0284602F09CF8B8
:10D9000015220021204612F033FA142280460E9090
:10D910000021204612F02CFA272207460E90002103
:10D92000204612F025FAC2B2511E4D424D410E90D2
:10D9300001220021204612F01BFA02220646002195
:10D940000E90204612F014FA6FF040439E4208BF3A
:10D9500094F82B600E9008BF86F00806814620469A
:10D960000CBFC6F3C006002611F08CF87F22824659
:10D970000021204612F0FCF9129B0293149B0193A4
:10D98000169B03953146C2B20E9000935046434613
:10D990001DF0CEFE6FF04043994508BF94F82B1060
:10D9A000189008BF81F0040120460CBFC1F3800528
:10D9B000002511F077F8802206460021204612F05B
:10D9C000D7F900230393139B0293159B0193179B95
:10D9D0000E900093C2B23B46294630461DF0A8FE89
:10D9E000199033E64FF0000AD7E60130D8E655F833
:10D9F0002630364A934235D14FF000095F4624E085
:10DA00004946204612F00DFF314980460FF0F6FDE1
:10DA10000146C0B905908722404612F0A9F90128B5
:10DA200005990E900FD18622404612F0A1F9864248
:10DA30000E9008D1404611F022F8B84203DB404670
:10DA400011F01DF8074609F10109204612F01CFFEC
:10DA50008145D5D3002F159BB6BF002243F8267011
:10DA600043F826200136ADE655F82320824205DD35
:10DA700006F16046653616440133ACE615990CBFD5
:10DA800051F8232041F823209044F5E755F827204A
:10DA9000824212DD06EBD671DDF854C002F160421D
:10DAA0006532491003FB021191FBF6F14CF8271087
:10DAB000B61A159A52F827209B1A0137A3E64FF0A1
:10DAC000000ADFE60130E4E6010000E09AFFFF1FF4
:10DAD0000100060055F826309A4A934235D19A4FF4
:10DAE0004FF0000924E04946204612F09AFE97497B
:10DAF00080460FF083FD0146C0B905908422404660
:10DB000012F036F9012805990E900FD18322404674
:10DB100012F02EF986420E9008D1404610F0ACFF6C
:10DB2000B84203DB404610F0A7FF074609F10109A0
:10DB3000204612F0A9FE8145D5D3002F149BB6BF15
:10DB4000002243F8267043F826200136B1E655F846
:10DB50002320824205DD06F1604665361644013316
:10DB6000AFE614990CBF51F8232041F82320174445
:10DB7000F5E755F827308B4212DD06EBD672DDF85B
:10DB800050C003F160436533521000FB032292FB47
:10DB9000F6F24CF82720F61A149B53F82730C01AD7
:10DBA0000137A1E61B68069A684953F822502846B7
:10DBB0000FF024FD8246002840F09D81014684221A
:10DBC000284612F0D5F887220E9080465146284606
:10DBD00012F0CEF807460E90002800F08C81B8F1C4
:10DBE000000F00F0888183225146284612F0C0F8C9
:10DBF000862206460E905146284612F0B9F8852234
:10DC000007900E905146284612F0B2F88822C3B20F
:10DC10000E9051462846059312F0AAF8B0446FF0D2
:10DC200040420E90C3B2904412981499099351F84F
:10DC3000281050F8283001EB0309079B50F82610F4
:10DC40001F441744A9EB0109159A139952F827208C
:10DC500051F8270051F823100244531A284627226E
:10DC60005146089312F084F80E90C0B2012805F1D5
:10DC7000140B5AD1059BCBB958461EF036FD804691
:10DC800058461EF037FD0746129B53F826302846AB
:10DC9000994410F0F1FE1B22A9EB0009002128464F
:10DCA00012F066F80E90A9EB000614E0059B022B1B
:10DCB000584612D11EF019FD804658461EF01AFD36
:10DCC0000746129B1A220021284653F8266012F0BC
:10DCD0004FF80E900644002354E01EF006FD8046E7
:10DCE00058461EF007FD0746059B129A032B2FD0BE
:10DCF000012BE6D152F8266000211A22284612F0A4
:10DD000037F8A9EB080909EBD97906EB69090E90F8
:10DD100006461B220021284612F02AF8361A06EB86
:10DD2000D6760E9009EB6606D5E758461EF0DDFC68
:10DD3000804658461EF0DEFC059B022B0746D3D1D9
:10DD4000A2E700BF9AFFFF1F010000E001000600EC
:10DD500052F8266000211A22284612F009F81A22E9
:10DD60000E9000210644284612F002F81B2280463D
:10DD70000E900021284611F0FBFF0E904044A9EBC5
:10DD80000008012395F82B2063F3C30285F82B20AC
:10DD9000139B079A53F82290099B022B00F0E58011
:10DDA000032B00F0AC80012B00F0C380182200216F
:10DDB000284611F0DDFF0E90814495F82B306AF370
:10DDC000820385F82B30284610F056FE404500F0BF
:10DDD000DD806B690E93AB690F93EB6910932B6A2F
:10DDE0001193284611F013F8414658461EF0F1F8F9
:10DDF000394658461EF0F2F8284611F008F80EAAE7
:10DE000031212846F6F7B4FD284612F007FD2A46D0
:10DE10002A21F6F7ADFD6C220021284611F0A8FF5B
:10DE20006D22002107460E908046284611F0A0FF83
:10DE30000E9083468246284610F01EFE0590284626
:10DE400010F01DFE07F0C042B2F1005F059B13D138
:10DE500027F0C0476FF0604297420DD0B7F1805F66
:10DE6000A2BFC7F17F6707F57F2707F6FF777B43E0
:10DE70004FF0640893FBF8F80BF0C043B3F1005F78
:10DE800013D12BF0C0436FF0604293420DD0B3F139
:10DE9000805FA2BFC3F17F6303F57F2303F6FF73A7
:10DEA00058434FF0640A90FBFAFA0C9B46441E4418
:10DEB0006B69F61A0D9BD1449944AB69A9EB030930
:10DEC00056EA090317D0284610F0A1FF6B693344C6
:10DED0006B61EB693344EB61AB694B44AB612B6A1B
:10DEE0004B442B62284610F092FF00234A463146ED
:10DEF000284610F026FE069B0133FFF7EABB1822E6
:10DF00000021284611F034FF18220E900021814490
:10DF1000284611F02DFF192207460E9000212846B1
:10DF200011F026FF089B0E9038441F1A4FF0010A8B
:10DF300043E7089BDB1B03EBD37309EB6303182256
:10DF400000212846059311F013FF192281460E90F7
:10DF50000021284611F00CFF059B0E90A9EB00094B
:10DF600009EBD97903EB690927E7089B28464B445D
:10DF7000994610F084FD1922A9EB000900212846DA
:10DF800011F0F6FE0E90A9EB000916E7284610F0F6
:10DF900076FDB8427FF41DAF3DE700BF034B044957
:10DFA000DA6D1161DB6D00225A617047FC47002079
:10DFB00031D6000010B5064CA06DC00001F022FD66
:10DFC000E065FFF729FBBDE81040FFF7E7BF00BFA2
:10DFD000FC47002013B516220021044611F0C8FEAC
:10DFE00010F0FF0301900ED0084A916D8B420AD8C1
:10DFF000D26D02EBC30152F833304968204602B0BB
:10E00000BDE81040184702B010BD00BFFC4700201B
:10E0100037B50D4614462B7CC96833B90C2220460F
:10E0200020F041FA63780BB328E0012B1CD108469D
:10E0300000F000FF164920F076FBB8B901AB0C22C6
:10E04000214605F114001EF0DCFE78B9019B0C2B73
:10E050000CD12378192B1EBF63701923237063889A
:10E0600043F020036380DDE7022B02D0002003B0E1
:10E0700030BD0E2353704FF0011353602378192BDA
:10E0800001D10120F3E7638823F001036380F8E7FF
:10E09000DD8A03002DE9F04390F82150D0F8488044
:10E0A000072DD8F8009085B004460ED0A5F10803DE
:10E0B000DBB2022B0BD8204A32F81370638C1B079B
:10E0C00007D5D8F820301E6920E00827F6E700279A
:10E0D000F4E7237C012B26D1384601F093FC064659
:10E0E00070B103AB009302463B460C2148461DF03D
:10E0F00096FB10B9039B9F4206D0304601F09CFC72
:10E10000002005B0BDE8F083C8F80460072D266341
:10E110000DD0083DEDB2022D0BD8084B33F8153069
:10E1200063630120EDE7002BEAD1E368CBE702232C
:10E13000F6E70023F4E700BF0E5803000858030079
:10E140002DE9F04F0546D0F848A090F8210085B0A1
:10E1500000F000FE074600283BD02C8DB5F826B015
:10E16000E600B6FBF0F60096A98C33480E235A461B
:10E1700012F0E7FF0BFB04F4804650B36B8CD0F831
:10E1800010901B0712D5DAF820301969224648464C
:10E1900020F089F995F821300E2B20D1CAF81C8087
:10E1A0000120C5F82C8005B0BDE8F08F2B7C012B39
:10E1B00011D103AB0093DAF8000023464A460C2144
:10E1C0001DF02DFB10B9039B9C42E3D0404613F099
:10E1D00034F80020E7E7002BDCD1EB68D5E70BFB38
:10E1E00006F60123701EBB40013C013B48444C44F1
:10E1F000DBB2861B0021B042D0D022780A411A40FF
:10E2000018D0BC469146BCF1070F07D93944C9B2B2
:10E21000072900F80199EED9013CEBE7CCF1080E93
:10E2200002FA0EFE49EA0E0EBC445FFA8EF95FFA5E
:10E230008CFCE8E79146E9E7F44800202DE9F0433B
:10E240000B7C012B89B006460C4643D1C86800F010
:10E25000F1FD674920F067FA68B920461DF022FBFE
:10E26000054640B1A0640C2001F0CCFB074638B94C
:10E2700020461DF0ECFA0025284609B0BDE8F083E1
:10E28000E16802221EF0CDFE18B1384601F0D4FB41
:10E29000EEE72F60628C94F82130100704D500253A
:10E2A00020461DF0D4FAE7E7DA1F032A0BD8E379FA
:10E2B000002BF4D12046FFF7EDFE01280546EFD1F3
:10E2C0004FF0000850E00B3B032BF9D82046FFF736
:10E2D00037FFF2E7002BE2D1CF683B69002BCAD0B1
:10E2E0004B8C97F801901907D9D4A9F10703032B98
:10E2F00005D820461DF0D6FA0028D8D1BBE7A9F1F1
:10E300000B03022B204604D81DF0CCFA0028DDD1E7
:10E31000B1E71DF0C7FA7B88DA062BD43B8900F100
:10E3200024082BBB0FCF01AD0FC597E8070085E888
:10E3300007004846BDF8085000F00CFD6843073060
:10E34000C010ADF80C0001A9404613F056F80128A2
:10E350000546A5D1C4F82C80B8F8083013B9238D30
:10E36000A8F808304FF00108E76A2FB9012583E7C4
:10E370003946E9E7B846EDE7638CDB0703D50121B1
:10E38000384613F036F839462046FAF773FD05464D
:10E3900000283FF46DAF874224D020461DF057FA85
:10E3A00020461DF07FFAC561E562A579002DDDD11B
:10E3B00000F038FA0028D9D0237C8DF80C30E26ABE
:10E3C000E3680293D368019301A9A36C3046FAF77E
:10E3D00031FD00283FF44CAF606420461DF062FA26
:10E3E000C561C3E7E762B8F1000FDED0BEE700BF4A
:10E3F000DD8A03002DE9F04F91F8217087B01B2FC3
:10E400000E4604921C4658D88B4B43FA07F919F074
:10E41000010952D1D1F848B0BBF1000F4DD0DBF863
:10E4200000300293384600F095FC054604981EF033
:10E430005CF9337C814A012B14BF00230C23039326
:10E440006368934282463CD1FB1F032B8CBF3B4643
:10E4500010230593CDF80090012302460599DBF8BF
:10E46000400012F0C7FE4B46804690B9DBF84000F2
:10E4700020B112F0E2FECBF84090002300937048E8
:10E48000059B0122514612F05CFE8046A8B1CBF8F4
:10E490004000049B0FCB84E80F00E160049B62689E
:10E4A000DB68D8F810B09A4207DC142F00F0A08087
:10E4B00026D80A2F0DD8062F25D8002007B0BDE892
:10E4C000F08F01336360E3680133E360DBF8408081
:10E4D000E4E70F3F042FF0D82168039805FB0AF307
:10E4E0004D43318D514301EBD50100220092DB08F1
:10E4F0005A46014402981DF092F90028DDD14EE001
:10E500001B2FE9D0D9E72068318D0823B3FBF5F341
:10E51000B0FBF3F403FB1404736B514301EB830171
:10E520006843039B01EBD0011944337C012B19D1C3
:10E5300005FB0AF30733DB08013318460491039304
:10E5400001F060FA05460028B7D000220092039B34
:10E550000499024602981DF062F930B1284601F094
:10E560006BFAAAE7F3681D690D44092F23D00A2F1F
:10E5700029D0082F17D084F0070464B2284601215F
:10E5800001238B40013B376B9BB2C1F1080CCA459C
:10E590001DDC337C012B02D1284601F04DFAC6F870
:10E5A0002C8001208AE705EBA400E44304F0030477
:10E5B00064000221E4E705EB6400E44304F0010495
:10E5C000A4000421DCE7281908210024D8E70278F8
:10E5D00022411A40D2B2641A64B2002C57F82220A9
:10E5E0004BF82920BCBF6446013009F10109CEE790
:10E5F0002368318DB8F8085003981B01514301EB93
:10E60000D3010023009301442B4602985A461DF083
:10E6100006F900287FF451AF2368318DF28C6468CD
:10E6200000900C3301FB0237490853460BEB0502FF
:10E6300004FB01715EE700BF7F78E0F7010000E0B6
:10E64000F448002010B5FAF7E7FB044680B1094909
:10E6500013F01BFC0849204613F019FC074920461B
:10E6600013F017FC0649204613F015FC054B6361B7
:10E6700010BD00BF11E000003DE20000F5E3000026
:10E6800087B80200E18A030070B5224C2578002D7E
:10E690003ED14FF4EA72294620461FF0D4FF4FF4D2
:10E6A0004971201D1EF02FFDDC2104F144001EF0F5
:10E6B0002AFD194B63660323A36589231748E36288
:10E6C00001264323236784F8246000F005FC25F02D
:10E6D000A0F8F9F7E9F809F0F3F81FF086FD00F06B
:10E6E0001DFE00F08BFBFFF765FC00F03BF9F6F731
:10E6F000A1F812F097FEFAF751FFF7F795FB12F029
:10E7000044FA29462846FAF719FBFFF79BFF2670C3
:10E7100070BD00BFFC470020D4C3B2A1CDAB341202
:10E7200010B5044640681DF086F9044B01460422EA
:10E730002046BDE810401EF0C6BC00BF95BA0200DE
:10E7400038B5044605698369406810B90025284634
:10E7500038BD002DFAD0002BF8D01DF06CF92946F9
:10E76000021D04F124001EF06FFF05460028EDD0C5
:10E77000042104F130001EF0C6FC014BE363E6E720
:10E780008DBA020038B5044605698369406810B93E
:10E790000025284638BD002DFAD0002BF8D01DF0FA
:10E7A0004AF92946021D04F124001EF04DFF0546DA
:10E7B0000028EDD0042104F130001EF0A4FC014B30
:10E7C000E363E6E791BA020030B5124CD4F81C318D
:10E7D00087B00546DBB9104B93E8070006AB03E9A9
:10E7E000070013E903002A468DE80300039B0B484A
:10E7F00018211DF0A0F80A49C4F81C011DF0FEF80C
:10E80000D4F81C01003818BF012007B030BD01202A
:10E81000FBE700BFFC47002020450300504D0300EC
:10E82000E58A0300024BD3F81C011DF0E2B800BFDB
:10E83000FC47002030B5124CD4F8203187B0054693
:10E84000DBB9104B93E8070006AB03E9070013E9B7
:10E8500003002A468DE80300039B0B4818211DF096
:10E860006AF80A49C4F820011DF0C8F8D4F820015C
:10E87000003818BF012007B030BD0120FBE700BF02
:10E88000FC4700202C4503007C4D0300EB8A03006D
:10E89000024BD3F820011DF0ACB800BFFC470020AC
:10E8A00010B50446014606481EF095FC63690BB19D
:10E8B000204698472046BDE8104001F0BDB800BF93
:10E8C000A848002010B50A4C012304F1AC0084F8DC
:10E8D000A4301EF0C0FC28B9D4F8A800BDE8104050
:10E8E0001FF04BBCD4F8A800BDE810401FF04ABC94
:10E8F000FC47002070B5436805460BB983682BB10F
:10E900001748174E1EF0A7FC044604B970BDA54277
:10E9100021D0636B002B03DA94F85C30DB061AD548
:10E9200022682B689A4216D16368A3B16A68934241
:10E9300011D10B4821461EF04EFC63690BB12046F5
:10E940009847204601F078F8FFF7BCFF04481EF016
:10E9500082FC0446D9E7214630461EF082FCF8E7E7
:10E96000A848002010B5094C602120461EF0CBFBC2
:10E9700000222121064800F0DFFC44F8040CFFF7D8
:10E98000A1FF002324F8083C10BD00BFA8480020C8
:10E9900041EA000010B56022044600211FF053FE3A
:10E9A0004FF4FA732363002363626423E362012359
:10E9B0006364044B236294F85C3043F0100384F8E2
:10E9C0005C3010BDD7BD0200F8B504460F480F4FAC
:10E9D0000D461EF040FC002608B93046F8BD03681D
:10E9E000A34200D064B94368AB4200D045B9FFF7F9
:10E9F00057FFFFF767FF38461EF02DFC0126EBE7B7
:10EA0000014638461EF02DFCE6E700BFA84800206E
:10EA100070B505460948094E0C461EF01CFC00B9AD
:10EA200070BD0368AB4204D14368A342F8D0002C08
:10EA3000F6D0014630461EF014FCF0E7A84800204E
:10EA40002DE9F047774D95F8A53005F1AC0083F03E
:10EA5000010385F8A5301EF0FEFB0027044605F1F2
:10EA6000AC060CB9BDE8F087206D1FF01BFF94F8D1
:10EA70005C30DA0740F19980606D1FF013FFA26DE2
:10EA8000531C15D0824213D894F85C306FF3000306
:10EA900084F85C30636B9B1A1844606395F8A5306A
:10EAA00094F85C2083F0010363F3820284F85C2015
:10EAB00003F020FB206585F8A47094F85C30D8073B
:10EAC0006DD495F8A520C3F38001914267D062F31D
:10EAD0008203190784F85C30DAB21ED4636B002B12
:10EAE0001BDBD30609D4A3693BB120469847636A70
:10EAF00003446362E36A0344E36220461DF02DFA97
:10EB0000E3680BB12046984794F85C3043F0080363
:10EB100084F85C302046FFF7EDFED4F83490B9F16C
:10EB2000000F39DB236B9945C8BF63632046236A16
:10EB3000D4F834A09847A36A834280463CD06368E7
:10EB4000A06213B101462068984795F8A430002BC5
:10EB500036D1A3686BBB636B534501D1C4F83490C5
:10EB6000D4E90C03834217DB94F85C10626C11F05B
:10EB7000020129D0002A33D12B4821461EF02BFB5D
:10EB8000FFF7A0FE2369002B48D163690BB1204633
:10EB90009847204600F050FF95F8A43083B92146ED
:10EBA00030461EF05EFB04465BE7636B0344636321
:10EBB0007EE741462046984795F8A430002BCAD0FE
:10EBC00030461EF048FBEEE7D4F83CC02AB1B2F163
:10EBD000FF3F05D0013A626412B9BCF1000FCBD0FF
:10EBE0008342226CCCBF1B1A00239B1AE26B636327
:10EBF000002AD1D011B9A36B5B426363B1FA81F3F0
:10EC000094F85C10E0635B0963F34101636A84F884
:10EC10005C10E16A6162C4E90B32BDE720469847A7
:10EC2000B3E700BFFC470020A848002038B590F8A3
:10EC30005C30DA06054606D543680BB9836813B124
:10EC40002846FFF757FE20481EF065FA04460028C4
:10EC500038D0602229461FF026FC2B68AB421B4BA4
:10EC600008BF246093F8A52094F85C3062F3820317
:10EC700084F85C3003F03EFA94F85C3020656FF362
:10EC8000000384F85C30DB061AD5A3693BB120464B
:10EC90009847636A03446362E36A0344E36220467D
:10ECA0001DF05BF9236A204698476368A06201461D
:10ECB0000BB120689847A36813B1A16A2046984712
:10ECC000FFF700FE204638BDA8480020FC47002082
:10ECD00000286FF0704307DA064A9042ACBF1B1A57
:10ECE0009B1A43F0005070479842A8BF184640F066
:10ECF00000507047010000F02DE9F0470546002064
:10ED00000E4600F00DFCDFF848A004464FF0000965
:10ED100014B94846BDE8F087204600F001FCA3681E
:10ED20005345074611D1D4F80C80D8F80030AB42D7
:10ED30000BD1D8F80430B34207D1204600F022FBB3
:10ED4000404600F079FE4FF001093C46E0E700BF85
:10ED500017C802000638C0B22F289ABF014B185CB2
:10ED600000207047F88A03001A289DBF034B23FA3E
:10ED700000F000F001000020704700BF807FF9051F
:10ED8000FF2A034610B5084614D092B18B4210D02A
:10ED9000094C01EB014103EB0343214023400432C2
:10EDA0005B1AD208534301EB5310204040EA104055
:10EDB00080B210BD1846FCE71FF8E007024BDA6E80
:10EDC0004261D866704700BFFC470020014B426992
:10EDD000DA667047FC470020074BDB6E03B97047CB
:10EDE0005A68824202D01A68824203D11A7E42F0E7
:10EDF00001021A765B69F1E7FC4700200148042113
:10EE00001EF081B9BC49002038B504460848084DB9
:10EE10001EF021FA014609B9084638BD0868037892
:10EE2000A342FAD028461EF01CFA0146F3E700BFC1
:10EE3000BC49002010B504461FF04DFC08B9074836
:10EE400004E0235C2E2B02D10130204410BD2F2B77
:10EE5000F5D05C2BF3D00138F0E700BF9E9403009F
:10EE600000280EDBB0F5B47F0FDA5928174B10DC01
:10EE700033F8100047F6FF73984208BF4FF4004084
:10EE8000704700F5B47000B2EAE7A0F5B47000B2C4
:10EE9000E8E780B2A0F15A02592A03D8C0F1B400C1
:10EEA00080B2E5E7A0F1B40292B2592A85BFC0F55D
:10EEB000B47080B233F8120033F81000044A054BE6
:10EEC0004042904208BF1846704700BF14580300E4
:10EED0000180FFFF0080FFFF014B9866704700BF75
:10EEE000FC470020122882B002D902B01DF026BDD6
:10EEF00000EB4000094B1A181B5AADF804309DF87E
:10EF00000430002063F307009DF8053063F30F2001
:10EF1000937863F3174002B0704700BF298D030058
:10EF2000122882B002D902B01DF008BD0139C9B261
:10EF30000429F8D8C0EB001001EB41010144094B52
:10EF40005A185B5AADF804309DF80430002063F382
:10EF500007009DF8053063F30F20937863F31740A3
:10EF600002B070470C8C0300122882B002D902B0A4
:10EF70001DF0E4BC0139C9B20329F8D801EB410105
:10EF80000C2202FB0010094B1A181B5AADF8043072
:10EF90009DF80430002063F307009DF8053063F30B
:10EFA0000F20937863F3174002B07047288B03005B
:10EFB000F8B50F4615460021142204461E461FF0E0
:10EFC00042FB064B2760002D08BF1D46C4E90256D0
:10EFD000069B2361079B6360F8BD00BFD7BD02009D
:10EFE0005A2882B02CD83C280BD83A2807D8212898
:10EFF00017D8072840D01C2831D005283CD0002342
:10F000002BE0A0F13D02D2B2012393401C4A1A40EA
:10F01000EAB91C4A1A40002AF1D15A28EFD11A4BFA
:10F020001BE0A0F12202D2B201239340174A1A40FA
:10F030006AB9174A1342E2D13428E0D10F230CE019
:10F040006F2806D86D2806D862380128D7D8FF2344
:10F0500003E07628D3D14FF48073019309E00023B5
:10F060008DF807300B4B1A889B78ADF804208DF88B
:10F070000630019802B070476FF06043EDE700BFC3
:10F080008200411001812008EC4703008D0001013E
:10F0900002808000628D0300FF280FD068B18928AC
:10F0A00002D8074B185C7047064A136B23B1926A6B
:10F0B0007630C0B29042F5D3002070473F207047B1
:10F0C000658D0300FC4700202DE9F04F91B0064606
:10F0D00008939DF8703004931B9B0691039213B123
:10F0E0001B9A00231360002E00F0FC80307800B3E0
:10F0F000039B002B00F0F880049B13F003031BD04C
:10F100007D49002000E00130069B83420BD0335C38
:10F110000D2BF8D841FA03F2D407F4D4069A8242B0
:10F1200001D903B101301B9B1BB11B9A4FF0FF3378
:10F13000136011B0BDE8F08F049A8DF8333012F0EF
:10F14000010209921A9A0D9318BF6FF060421A9249
:10F150000193DDF834B0069B5B457AD906EB0B03CF
:10F16000079316F80B30002B73D01A9B002B70DD21
:10F17000049BBBF1000F01D143F004030293099BF0
:10F18000002B4FF000051A9B0E9518BF6FF06043DF
:10F190000EA906EB0B000A931EF0ADFD0E9B0F931C
:10F1A000029B009503F0080307464FF0FF3AA9467B
:10F1B000A8462C460B93079B1A5D002A42D007985D
:10F1C0000FA91EF098FD09F1010305930B9B009018
:10F1D00063B139460DF133001EF0B0FE30B1DDE908
:10F1E0000E43DDF81490009F0E93E4E7009A039815
:10F1F00039461BF093FE804408B1089B9844BAF14D
:10F20000FF3F09D1089BA8EB03020A9B9A4203DD4A
:10F21000029B59076AD4A2460A2F32D00D2F30D054
:10F220000022364BD1B2595C39BB00981EF004FE67
:10F2300020B938461EF000FE002849D00E9CDDF8AB
:10F2400014904546BAF1FF3F21D0029B5A0754461D
:10F2500026D40D9C002C40D10DA930461EF04BFD4C
:10F260001B9B0146002B3BD0039822461BF056FE09
:10F2700001901B9B019A1A6032E08F4202F1010259
:10F28000CFD1002CDED1BAF1FF3FDED14546B9F136
:10F29000000F04D00D2F03D1009B0A2B00D10E9C30
:10F2A0001A9B5B1B1A93019B2B440193002CD0D01B
:10F2B00033785C440A2B0D94CBD00D2BC9D0335D31
:10F2C0000A2B02D00D2B7FF444AF01340D94C0E71C
:10F2D000BAF1FF3F08BF454681E71B9B002BC8D111
:10F2E0000D9826E7304624E7039822E7631CD7D120
:10F2F000DDF81490CBE700BFFEDBFFFFEF8D0300CE
:10F30000054B0022C3F88420D3F89C2012B1D3F817
:10F31000A0001047704700BFFC47002010B5054C07
:10F32000182120461DF0EFFE01232373BDE8104095
:10F33000FFF7E6BF70480020F8B506460F480F46B5
:10F3400015461DF0E8FE0446B0B14FF0FF330361EF
:10F35000037D07606FF300030375866002F0CAFE49
:10F36000237D606043F002032375054BE5600122B5
:10F3700083F88320FFF7C4FF2046F8BD70480020C3
:10F38000FC47002038B5064D0446014628461DF0CE
:10F3900022FF0123AB732046BDE8384000F04CBB90
:10F3A000704800202DE9F0475B4D95F888303BB957
:10F3B000012385F8883095F880302BB985F888309E
:10F3C00001263046BDE8F08702F094FE804640B941
:10F3D000D5F898300133642B94BF1A460246C5F81D
:10F3E0009820DFF838914FF0000A4846A5F882A02F
:10F3F0001DF031FF044694BB4848DFF820911DF012
:10F400002AFF4FF0FF360446002C70D140461FF013
:10F4100049FAD5F890300344D5F89400C5F89030F7
:10F420001FF040FAB0F5FA7F13D3D5F8903064227C
:10F430005343B3FBF0F0C0B290429CBF101AC4B269
:10F44000002385F88140C5F8903002F053FEC5F8DE
:10F4500094000023C5F8846085F88830B1E7214620
:10F4600048461DF0FEFE237D0746D8072ED460686F
:10F470001FF018FA236898421DD32669002E0FDD6D
:10F48000013E266102F036FEA368606083B995F8FC
:10F4900082300BB92369DBB1B5F88230B3B1A4E790
:10F4A00002F028FEA3686060002BF0D0002EEED0A2
:10F4B00020469847EBE795F882303BB923692BB992
:10F4C000237D99070FD52046FFF75CFF3C4692E766
:10F4D000237D9A0703D52046FFF754FFDCE743F06E
:10F4E00001032375D8E743F001032375EEE7237D7D
:10F4F00013F001070AD160681FF0D4F9236898421D
:10F500002CBF3B461B1A9E4228BF1E46214648463A
:10F510001DF0A7FE044677E7FC4700207048002056
:10F520000146034809B91DF096BE1DF09ABE00BF02
:10F53000704800202DE9F04F93B01F460B1E0B932F
:10F540001C9EA34B18BF034691460A9300253878AA
:10F5500068B94D450B990A9C2CBF09F1FF322A4628
:10F560004B460020A047284613B0BDE8F08F252861
:10F5700007F1010707D06C1C2A464B46DDE90A510A
:10F58000A8472546E3E700230DE02D2A2AD0302A9C
:10F5900006D0303A092A4FF0000812D80A2432E087
:10F5A00043F001030F46394611F8012B2B2A1CD0DA
:10F5B000EBD8202A1CD0232A1DD02A2A2BD04FF08A
:10F5C00000083A782E2A7AD17978A1F130000928FA
:10F5D00007F1010243F4806368D8174600244FF016
:10F5E0000A0C28E043F00203DCE743F00403D9E708
:10F5F00043F00803D6E743F01003D3E704FB0822E7
:10F60000A2F130080F46394611F8012BA2F1300063
:10F610000928F3D9D5E756F8048BB8F1000FBCBF21
:10F6200043F00203C8F100080F46CAE70CFB0422AE
:10F63000A2F130040F46394611F8012BA2F1300037
:10F640000928F3D9BB461BF8012B6C2A40D038D8C7
:10F65000682A45D06A2A4CD0BB465F4617F8010B92
:10F66000782888D8612847D8252884D0242882D9AA
:10F6700000F0F702502A7FF47EAF58286DD0502852
:10F6800067D19BF8011043F488731022562908BFF4
:10F69000BB469BF80010582903F4806001D0502924
:10F6A00078D100285FD123F00C035EE02A2905D130
:10F6B00056F8044B023724EAE474C3E717460024E3
:10F6C000C0E7742A01D07A2AC6D143F48073C4E714
:10F6D0007A786C2AF9D143F4407307F1020BBCE746
:10F6E0007A78682A02D043F08003B6E743F0C0037B
:10F6F000F3E743F40073B0E7A0F162023549D2B2F8
:10F700004FF0010A0AFA02F21140C1B9732800F061
:10F71000F48063287FF42FAF13F0020400F0D88048
:10F7200005F1010B2A460B9916F8040B0A9D4B466E
:10F73000A847002C00F0DF8054465A46D3E000F082
:10F74000DF02582A09D0502A9BD06F2807D06228A0
:10F7500007D023F010030A229BE7102299E7082222
:10F7600097E7022295E723F00D0343F0200313F4FB
:10F77000007172D0CDE907830023CDE9042306F19F
:10F78000070A2AF0070A06940293FAE80223CDE951
:10F7900000233DE069291FD064291DD0002859D0DD
:10F7A00023F00D035629E2D1B2460B995AF8043BD7
:10F7B0000A985A681268119200922944A9EB05022E
:10F7C0001B68FFF7B7FE05440BF101075646BEE67E
:10F7D000F5E102008560480008B123F001039F05B0
:10F7E0001ED5073626F00706B24670685AF8081B81
:10F7F0000694CDE9078300230593C30F00280293E5
:10F8000004920B4602DA4B4260EB4000CDE9003037
:10F81000DDE90A014B462A461EF0F6FD0546D3E710
:10F82000D80506F1040A01D5316802E059060CD565
:10F830003178CDE90224CDE9048300294FEAD17360
:10F840000193B8BF4942009112E01F06ECD5B6F90A
:10F850000010EEE723F00C03A4E7D80506F1040A34
:10F860000DD5CDE90483CDE90224019133680093DD
:10F87000DDE90A014B462A461EF083FDCEE7590614
:10F8800007D53178CDE904830023CDE90224019323
:10F89000D9E7316813F0800F18BF89B2F2E70B99EE
:10F8A000DDF828C04B462020E0470AEB05020AF1AC
:10F8B000010AC245F3D3B8F1000F08F1FF3308BFC6
:10F8C000002308F1010A1D4408BF4FF0020A27E790
:10F8D000A246EAE7551C0B99DDF828C04B462020CC
:10F8E000E04701342A464445F4D3A8EB0A03D04547
:10F8F00038BF00239B445D4629E60D933346002C18
:10F9000053F804BB0C9314BF21464FF0FF31584607
:10F910001EF0E3FE0D9B13F4806282460D9202D02E
:10F92000A04228BFA24613F002030E931AD1AAEBFD
:10F9300005032A460F9307E0561C0B99DDF828C0F3
:10F940004B462020E04732460F9BD3189845F3D80A
:10F95000A8EB0A03D04538BF00230AF101021D4479
:10F9600003EB020A5E46A5EB0B0B05E01C462A469C
:10F970004B46DDE90A51A84706EB0B0516F8010BCB
:10F9800028B10D9B002BF2D0631E002CEED10E9BF4
:10F99000A3B12A46AAEB050407E0561C0B99DDF833
:10F9A00028C04B462020E047324613194345F4D384
:10F9B000A8EB0A03D04538BF00231D440C9EC6E5C2
:10F9C0000CB41FB506AC0A4654F8043B009401463B
:10F9D00004480394FFF7AEFD04B0BDE8104002B048
:10F9E000704700BFEDE1020007B5009313460A46D9
:10F9F00001460348FFF79EFD03B05DF804FB00BF1E
:10FA0000EDE1020008B109F087BE0148704700BF70
:10FA10006048002038B5054648B109F07DFE04462F
:10FA200018B12A4600211EF00EFE204638BD014CBA
:10FA3000FBE700BF60480020034A904202D008B1B3
:10FA400009F092BE704700BF6048002010B559B160
:10FA5000074CA04204D1BDE810400846FFF7D2BFD2
:10FA6000BDE8104009F06CBEFFF7E6FF004810BD8E
:10FA7000604800202DE9F047BC4B0846D3F8BC5144
:10FA80000C4610F0CBFE064618B9002205F14001E5
:10FA900021E0B74920460EF002F8804600287BD0CE
:10FAA000B44930460DF0FBFF18BBB24930460DF0AB
:10FAB000F6FF30BB304610F0B1FEAE490DF0EFFF5F
:10FAC0000746B8B3002205F58071204610F0AFFB61
:10FAD000002205F5B671204610F0A9FB4FF48032E4
:10FAE00005F14C01204610F0A2FBA34A05F1580194
:10FAF0001BE00121304610F094FE8442D5D1BDE8D0
:10FB0000F0870021304610F08CFE8442D2D10022D2
:10FB100005F1B80110F08BFB042205F59871204621
:10FB200010F085FB042205F54D712046BDE8F04735
:10FB300010F07DBB914930460DF0B1FF70B13946F0
:10FB4000304610F06EFE844208D13A4605F1AC0111
:10FB500010F06DFB3A4605F1E801E6E787493046CB
:10FB60000DF09DFF70B10121304610F05AFE844225
:10FB700008D1002205F1400110F059FB002205F5E3
:10FB80008071A8E77E4930460DF089FF02460028C3
:10FB9000B5D105F164019EE77A4920460DF07FFF5B
:10FBA0000746002876D0304610F038FE05F1C40A2A
:10FBB00005F59879074618B3414610F032FE8642A3
:10FBC0001ED16C4938460DF06AFFC8B1202251465B
:10FBD000204610F02CFB012205F18801204610F090
:10FBE00026FB012205F55071204610F020FB04226F
:10FBF0004946204610F01BFB082205F59E718EE752
:10FC0000002205F17001204610F011FB002205F1E1
:10FC10007C01204610F00BFB002205F5C271204646
:10FC200010F005FB20225146204610F000FB202258
:10FC300005F5C871204610F0FAFA0422494620461C
:10FC400010F0F5FA202205F5BC71204610F0EFFA0D
:10FC5000012205F19401204610F0E9FA05F1D001E6
:10FC60002046802210F0E3FA474930460DF017FF96
:10FC700048B1002205F53271204610F0D8FA202252
:10FC800005F5387151E7414930460DF008FF00286D
:10FC9000EFD134E73E4920460DF001FF804618B110
:10FCA0003A4605F50B7140E73A4920460DF0F7FE5C
:10FCB000074600287AD0304631490DF0F0FE05F1B4
:10FCC000C40905F1D00A05F5987705F59E76024638
:10FCD00040B3424605F51771204610F0A8FA0422F9
:10FCE0003946204610F0A3FA08223146204610F08B
:10FCF0009EFA4FF4A02205F51A71204610F097FAEB
:10FD0000254A4946204610F092FA244A5146204698
:10FD100010F08DFA224A3946204610F088FA214A1E
:10FD2000314602E705F16401204610F080FA042212
:10FD30003946204610F07BFA08223146204610F062
:10FD400076FA4FF4A02205F17001204610F06FFA08
:10FD5000124A5146204610F06AFA0F4A4946204698
:10FD600010F065FA104A05F17C01D0E7FC4700204D
:10FD7000C84703009C560300400001002C570300B5
:10FD80008C4E03000C4E03003C53030060530300F1
:10FD9000AC520300304E0300200005008000050037
:10FDA000040005000800050001000500DE492046AA
:10FDB0000DF075FE804610B33A4605F188012046E5
:10FDC00005F5A47610F033FA3A463146204610F095
:10FDD0002EFA042205F59871204610F028FA082220
:10FDE00005F59E71204610F022FA4FF4003205F11D
:10FDF0007C01204610F01BFA4FF4003290E7CB490B
:10FE000020460DF04CFE0746E8B3424605F1880156
:10FE1000204605F5A47610F00AFA424631462046FF
:10FE200010F005FA042205F59871204610F0FFF94C
:10FE3000082205F59E71204610F0F9F94FF40032C2
:10FE400005F17C01204610F0F2F94FF40032314602
:10FE5000204610F0ECF94FF4403205F5DA712046F7
:10FE600010F0E5F9B24A05F5BC71204610F0DFF953
:10FE70004FF4403205F5C271204610F0D8F9AC4A73
:10FE800005F5C87151E6AB4920460DF008FE8046E5
:10FE900000284FD03A4605F16401204610F0C7F91A
:10FEA0003A4605F1DC01204610F0C1F93A4605F565
:10FEB000AA71204610F0BBF9042205F5987120467E
:10FEC00010F0B5F9082205F59E71204610F0AFF943
:10FED0004FF4803205F14C01204610F0A8F9964A03
:10FEE00005F15801204610F0A2F94FF4A02205F1C7
:10FEF000B801204610F09BF94FF4A02205F50E71D1
:10FF0000204610F094F94FF4A02205F580712046A8
:10FF100010F08DF9894A05F1C401204610F087F9E7
:10FF2000874A05F17C01204610F081F9854A05F1E8
:10FF30009401FAE5844920460DF0B1FD00283BD03C
:10FF4000424605F58671204610F071F9042205F548
:10FF50009871204610F06BF97C4A05F1D0012046DB
:10FF600010F065F94FF4003205F50271204610F0EB
:10FF70005EF9774A05F17C01204610F058F9744A81
:10FF800005F50571204610F052F9724A05F1C401D9
:10FF9000204610F04CF96F4A05F5BC71204610F070
:10FFA00046F96C4A05F5C871204610F040F94FF447
:10FFB000003205F5C271B8E5674920460DF06FFDC6
:10FFC00000284AD005F1AC0105F5A47600222046B0
:10FFD00010F02DF900223146204610F028F905F5E1
:10FFE000D4710022204610F022F905F1D0018022C0
:10FFF000204610F01CF905F598710422204610F0F7
:020000021000EC
:1000000016F905F17C01524A204610F010F94FF420
:1000100000323146204610F00AF905F5DA714FF446
:100020004032204610F003F905F1B8014FF4403298
:10003000204610F0FCF805F508714FF440322046D8
:1000400005F5C87510F0F3F8414A2946204610F02E
:10005000EEF84FF40032294667E5404920460DF09E
:100060001EFD074680B3002205F16401204610F012
:10007000DEF8002205F1F401204610F0D8F8002245
:1000800005F5F871204610F0D2F84FF4803205F1F2
:100090004C01204610F0CBF805F5EC76264A05F128
:1000A0005801204610F0C3F84FF4A02231462046F4
:1000B00010F0BDF84FF4003205F5F271204610F053
:1000C000B6F84FF4C0222BE6254920460DF0E7FC98
:1000D0008046002846D03A4605F16401204610F0DB
:1000E000A6F83A4605F5CE71204610F0A0F83A463B
:1000F00005F58C71204610F09AF83A4605F5927194
:10010000204610F094F8042205F59871204610F06E
:100110008EF8082205F59E71204610F088F84FF4FD
:10012000802205F17C0100E5E84D0300E85503005D
:100130002000030078560300400001002000050065
:1001400004000500080005004C4F03008000020079
:10015000010002002000020054560300284F030053
:10016000A0550300DA4920460DF099FC0746A0B3DC
:10017000424605F16401204610F059F8424605F167
:10018000F401204610F053F805F5C876424605F50F
:10019000C271204610F04BF820223146204610F064
:1001A00046F8202205F1C401204610F040F8042250
:1001B00005F59871204610F03AF8082205F59E7171
:1001C000204610F034F84FF400323146204610F04B
:1001D0002EF8802205F1D001A7E4BE4920460DF09B
:1001E0005EFC8046A8B33A4605F16401204610F053
:1001F0001EF83A4605F5B071204610F018F83A4658
:1002000005F58C71204610F012F83A4605F5FE719E
:10021000204610F00CF84FF4803205F14C012046D6
:1002200010F005F8AC4A05F1580120460FF0FFFF29
:100230004FF4802205F1B80120460FF0F8FFA74ADD
:1002400005F17C0120460FF0F2FFA54A05F1C4013B
:100250006BE4A44920460DF022FC0746C0B105F529
:10026000E0764246314620460FF0E1FF4FF400327F
:10027000314620460FF0DBFF4FF4003205F5E67102
:1002800020460FF0D4FF4FF4403205F5DA714CE40C
:10029000954920460DF003FC804688B105F5E076CF
:1002A0003A46314620460FF0C2FF4FF40032314645
:1002B00020460FF0BCFF4FF4003205F5E67134E440
:1002C0008A4920460DF0EBFB0746B0B3424605F1E4
:1002D000640120460FF0ABFF424605F1F4012046D1
:1002E0000FF0A5FF802205F1D00120460FF09FFFFF
:1002F000042205F5987120460FF099FF082205F5B4
:100300009E7120460FF093FF4FF4803205F14C01AF
:1003100020460FF08CFF704A05F1580120460FF07F
:1003200086FF734A05F5117120460FF080FF4FF4E8
:10033000002205F51471FFF7F8BB6E4920460DF059
:10034000AEFB50B13A4605F1640120460FF06FFF55
:100350003A4605F1DC01FFF7E8BB674920460DF09E
:100360009EFB20B1002205F51D71FFF7DEBB63493E
:1003700020460DF094FB0028F4D1614920460DF091
:100380008EFB00284FD005F14001002220460FF0DF
:100390004EFF95F82830012B0CBF05F1F40105F153
:1003A000E801002220460FF042FF042205F5987173
:1003B00020460FF03CFF082205F59E7120460FF005
:1003C00036FF4FF4A02205F1700120460FF02FFFF9
:1003D0004C4A05F1D00120460FF029FF4FF4A0222E
:1003E00005F1B80120460FF022FF4FF4A02205F5D9
:1003F000417120460FF01BFF434A05F1C40120461E
:100400000FF015FF414A05F1AC0120460FF00FFF38
:100410003F4A05F1880120460FF009FF3D4A05F1EA
:10042000A001FFF782BB3C4920460DF038FB30B1FC
:100430002E4930460DF033FB00287FF470AE37496B
:1004400020460DF02CFB064650B1002205F1640158
:1004500020460FF0ECFE002205F54471FFF73BBB90
:100460002F4920460DF01BFB074650B1324605F1DF
:10047000AC0120460FF0DBFE324605F54A71FFF76E
:1004800054BB284920460DF00AFB064600284BD0F5
:100490003A4605F1B80120460FF0C9FE3A4605F587
:1004A000477120460FF0C3FE05F54A76042205F198
:1004B0007C0120460FF0BBFE0422314620460FF09F
:1004C000B6FE2022314620460FF0B1FE2022BDE6C6
:1004D000944F0300704F030040000100010004002E
:1004E00020000400C44D030030560300C056030032
:1004F000020006008C4E0300E04E0300044F030090
:1005000040520300800005002000050001000500A6
:10051000040005000800050064520300185303009E
:10052000D0520300F4520300AF4920460DF0B7FA51
:10053000804650B1324605F1640120460FF077FE47
:10054000324605F52071FFF7F0BAA84920460DF0B4
:10055000A6FA074620B1424605F52671FFF7BBBA59
:10056000A34920460DF09BFA064620B13A4605F510
:100570002971FFF7B0BA9F4920460DF090FAC8B133
:10058000324605F5237120460FF051FE05F188062D
:10059000202205F5387120460FF049FE2122314610
:1005A00020460FF044FE0122314620460FF03FFE68
:1005B0000422B6E5904920460DF071FA20B10022E0
:1005C00005F52F71FFF7B1BA8C4920460DF067FA97
:1005D0000028F4D18A4920460DF061FA20B10022AA
:1005E00005F52C71FFF777BA864920460DF057FACA
:1005F000074620B1002205F53571FFF796BA82490A
:1006000020460DF04CFA064620B13A4605F53B71FE
:10061000FFF78BBA7D4920460DF041FA074680B1BD
:10062000324605F1640120460FF001FE324605F125
:10063000DC0120460FF0FBFD324605F5B071FFF7F7
:1006400074BA734920460DF02AFA064620B13A469C
:1006500005F53E71FFF769BA6E4920460DF01FFAA5
:10066000074650B1324605F1E80120460FF0DFFDA4
:10067000324605F1AC01FFF758BA674920460DF044
:100680000EFA064600287FF465AA644920460DF05C
:1006900006FA78B14FF4803205F14C0120460FF094
:1006A000C6FD5F4A05F1580120460FF0C0FD3246F5
:1006B000FFF751BA5B4920460DF0F1F938B300223B
:1006C00005F1700120460FF0B2FD002205F17C011A
:1006D00020460FF0ACFD002205F5C27120460FF058
:1006E000A6FD202205F1C40120460FF0A0FD202226
:1006F00005F5C87120460FF09AFD042205F59871A2
:1007000020460FF094FD012205F194015EE5464973
:1007100020460DF0C4F90028D1D1444920460DF0FF
:10072000BEF9D0B1002205F1640120460FF07FFD33
:10073000002205F1F40120460FF079FD042205F5B1
:10074000987120460FF073FD082205F59E71204632
:100750000FF06DFD4FF4C022E3E4354920460DF063
:100760009EF900287FF491A9324920460DF097F9AF
:10077000064600287FF4B2A92F4920460DF08FF9D4
:10078000804638B1324605F1400120460FF04FFD5A
:100790003246DEE5294920460DF081F9074608B1C9
:1007A00042464AE7264920460DF079F9064620B12F
:1007B0003A4605F55371FFF7B8B9224920460DF0C6
:1007C0006EF900283FF49BA905F556753246294677
:1007D00020460FF02CFD4FF40032294620460FF042
:1007E00026FD4FF4A02236E45C540300A853030016
:1007F00084530300145403003C530300605303006C
:1008000038540300F0530300CC5303005855030041
:100810008054030034550300EC54030010550300CA
:1008200040000100A4540300C85403000C56030008
:1008300008570300E45603009C5603002C5703009E
:1008400088520300C4550300044BD3F8BC3193F81D
:100850003C300BB11DF023B81DF01DB8FC47002043
:10086000034BD3F8BC0108B190F83C00704700BFBF
:10087000FC4700202DE9F04794B0CDE90221054660
:100880001F46FFF7EDFFDDF87080344C28B94FF4B8
:100890006370FFF7BFF8C4F8BC01D4F8BC41A5BB36
:1008A000F6F716FD06463046F6F752FD814630460D
:1008B000F6F71EFDB0F5A07F29DDB0F5347FACBFA3
:1008C0004FF0010A4FF0020A94F83C3013BB84F851
:1008D00028A0C4F82C90E660039B23821B0CA37411
:1008E0009DF80A30BDF8082063751D4BA4F813204D
:1008F000C4E90688C4F8208023606762002F31D1E4
:1009000004211220FEF70CFB2FE02E46CBE74FF020
:10091000030AD9E7E36A4B45D9D194F82830534507
:10092000D5D1039920691BF0C0FF0028CFD0E37C0C
:10093000227D607D029943EA022343EA00401BF0D6
:10094000B4FF0028C3D0636ABB42C0D1A36943454A
:10095000BDD1204614B0BDE8F08700BFFC470020A1
:1009600075FA0000C3481BF0B3FFC0F3072384F8F7
:100970003130636A84F83000DF07C0F3074084F841
:10098000320040F16D8205211220FEF7C9FAC0F352
:10099000072384F83430636A84F83300DE07C0F339
:1009A000074084F8350040F16082B3481BF090FFA7
:1009B000C0F3072384F83730636A84F83600C0F345
:1009C000074084F83800D80740F15282AB481BF04A
:1009D0007FFFC0F3072384F8390004F5C27AC0F31F
:1009E000074084F83A3084F83B0004F5C879504653
:1009F000FFF72AFF4846FFF727FF04F559764623FD
:100A00004FF000083046CDE900389D4A9D495023FB
:100A100004F55E77FEF7CCFA5023994A9949384697
:100A2000CDE90088FEF7C4FA314650461DF03CF986
:100A300004F14C06394648461DF036F93046FFF7BA
:100A400003FF636AD90740F1188202211220FEF7E2
:100A50008BFAC0F307238DF81000C0F307408DF820
:100A600011308DF81200049930461DF015F830460B
:100A700047F6FF711DF0F2F8E16AC1EBC101EF2901
:100A8000C5BFA02350310121B1FBF3F130461DF069
:100A900098FEE16A01EB8101EF29C5BF5031A02327
:100AA0000121B1FBF3F130461CF0AEFF3046662168
:100AB0001DF000F83946304604F158061DF0F4F8F0
:100AC0003046FFF7C1FEFF21304604F140061CF01E
:100AD000F1FF3046FFF7B8FEFF2130461CF0EAFF79
:100AE000216B30461CF0D8FF94F8342094F8333052
:100AF00094F8351043EA022343EA014130461DF0E1
:100B00008DF8E16930461DF097F894F82830E16AD5
:100B1000012B00F0B681022B14BF0A230C2359438A
:100B2000EF29C5BF5031A0230121B1FBF3F13046BD
:100B30001CF0A6FF94F82830E16A012B00F0A38195
:100B4000022B14BF0A230C235943EF29C5BFA0234E
:100B500050310121B1FBF3F130461CF097FFE16AFF
:100B60000029B8BF033189100902304604F1640638
:100B70001DF0A0F83046FFF767FE94F82830E16AD0
:100B8000012B14BF08230C235943EF29C5BF503153
:100B9000A0230121B1FBF3F130461DF05FF8FF21E6
:100BA00030461CF087FFE38E94F83810304643EA55
:100BB00001411CF071FF94F83A2094F8393094F810
:100BC0003B1043EA022343EA014130461CF08CFF0C
:100BD000E16A7729C5BF283150230121B1FBF3F128
:100BE00030461CF095FF012130461CF09DFF94F823
:100BF000333094F8342094F8351043EA022343EA62
:100C0000014130461DF00AF894F82830E16A012BC2
:100C100000F03B81022B14BF102314235943EF290A
:100C2000C5BF5031A0230121B1FBF3F130461DF0C7
:100C3000C8FD94F82830E16A012B00F02881022BCE
:100C400014BF0A230C235943EF29C5BF5031A023F9
:100C50000121B1FBF3F130461CF012FF94F828306B
:100C6000E16A012B00F01581022B14BF0A230C232B
:100C70000AE000BF1A171500302B280037322F006A
:100C8000D7BD0200FD8D03005943EF29C5BF503188
:100C9000A0230121B1FBF3F130461CF0F7FE122036
:100CA000FEF720F9C0F307238DF81400C0F30740C6
:100CB0008DF815308DF81600059930461CF086FF2A
:100CC000E16AEF29C5BFA02350310121B1FBF3F147
:100CD000304604F598761CF073FF3046FFF7B4FDFC
:100CE000304621691CF02CFFE16A01EB4101EF293C
:100CF000C5BFA02350310121B1FBF3F130461CF0F8
:100D000019FFE16A01EB4101EF29C5BF5031A02372
:100D10000121B1FBF3F130461CF026FF7F21304664
:100D200004F59E761CF01AFF3046FFF78DFD227DFC
:100D3000E37C617D43EA022343EA014130461CF033
:100D4000FFFEE16A01EB4101EF29C5BF5031A0234D
:100D50000121B1FBF3F130461CF0ECFE7F2130465F
:100D600004F170061CF0FAFE3046FFF76DFD94F8B2
:100D70002830E16A012B00F08E80022B14BF08237B
:100D80000C235943EF29C5BF5031A0230121B1FBEA
:100D9000F3F130461CF062FFFF2130461CF08AFE62
:100DA00094F8393094F83A2094F83B1043EA02233F
:100DB00043EA014130461CF06FFE676A17F00107F5
:100DC00077D11220FEF78EF8C0F307238DF81800B4
:100DD000C0F307408DF819308DF81A000699304697
:100DE0001CF0DAFE3846F6F7B3FA00EB4000EF28C5
:100DF00053DD3846F6F7ACFA00EB400000F1500145
:100E0000A02391FBF3F130461CF0B4FE7F21304665
:100E10001CF0D0FE0020F6F79BFA3B283FDC0020B8
:100E2000E76AF6F795FA3B2801F3D580012047439E
:100E3000EF2F41F3DC800020E76AF6F789FA3B28C0
:100E400041F3D2800020F6F783FA2823143090FB78
:100E5000F3F000FB07F15031A02391FBF3F125E003
:100E600004211220FEF780F891E51BF059FD9FE563
:100E700002211220FEF754F8ABE51220FEF732F8FB
:100E8000E7E50E234BE60E235EE61823C6E60E23A7
:100E9000D9E60E23F8E6102373E70121B3E700201B
:100EA000F6F756FA3B304E28B9D8002130461CF0F0
:100EB00067FE94F8333094F8342094F8351043EA00
:100EC000022343EA014130461CF0A8FE94F8283082
:100ED000E16A012B01F08E80022B14BF1023142332
:100EE0005943EF29C5BF5031A0230121B1FBF3F1D4
:100EF00030461DF05BFC94F82830E16A012B01F0CC
:100F00007C80022B14BF0A230C235943EF29C5BF51
:100F1000A02350310121B1FBF3F130461DF03BFC21
:100F2000E16A01EB8101EF29C5BFA0235031012106
:100F3000B1FBF3F130461CF0A9FDE16A01EB810140
:100F4000EF29C5BF5031A0230121B1FBF3F1304699
:100F500004F1C4061CF094FD3046FFF775FC1BF04D
:100F6000EDFCC0F307238DF81C00C0F307408DF89B
:100F70001D308DF81E00079930461CF07BFE2321A2
:100F8000304604F1D0061CF083FE3046FFF75CFCCF
:100F9000914BD3F8BC315B6ADA074FF002014FF096
:100FA000120041F12D80FDF7DFFF8DF82000C0F326
:100FB0000723C0F307408DF821308DF822000899EF
:100FC00030461CF057FE7F21304604F5B0761CF009
:100FD0005FFE3046FFF738FC304601211CF044FE2E
:100FE0000121304604F580761CF09EFD3046FFF767
:100FF0002BFC94F82830E16A012B01F01080022BC1
:1010000014BF102314235943EF29C5BF5031A02327
:101010000121B1FBF3F130461DF0D3FB94F82830E9
:10102000E16A012B00F0FE87022B14BF102314236A
:101030005943EF29C5BF5031A0230121B1FBF3F182
:1010400030461CF01DFD94F82830E16A012B00F0B9
:10105000EC87022B14BF102314235943EF29C5BF7B
:101060005031A0230121B1FBF3F1304604F1F40625
:101070001CF00CFD3046FFF7E7FB94F82830E16ADE
:10108000012B00F0D587022B14BF0A230C235943F0
:10109000EF29C5BF5031A0230121B1FBF3F1304648
:1010A0001DF08FFB94F82830E16A012B00F0C38714
:1010B000022B14BF0A230C235943EF29C5BF50311B
:1010C000A0230121B1FBF3F1304604F586761DF033
:1010D00057FB3046FFF7B8FBE16A0A235943EF2973
:1010E000C5BF5031A0230121B1FBF3F130461CF004
:1010F000C7FCE16A0A235943EF29C5BF5031A02339
:101100000121B1FBF3F1304604F58C761CF0BEFCF6
:101110003046FFF799FBE16A14235943EF29C5BF15
:101120005031A0230121B1FBF3F1304604F5927652
:101130001CF088FD3046FFF787FB0221304604F1A2
:10114000DC061CF085FD3046FFF77EFB30460021B3
:101150001DF037FB304600211CF092FC0021304688
:1011600004F1E8061CF092FC3046FFF76DFB94F8A2
:101170002830E16A012B00F06187022B14BF0223A3
:1011800006235943EF29C5BF5031A0230121B1FBEC
:10119000F3F130461DF015FB94F82830E16A012B7D
:1011A00000F04F87022B14BF022306235943EF2977
:1011B000C5BF5031A0230121B1FBF3F130461CF033
:1011C0005FFC94F82830E16A012B00F03D87022B88
:1011D00014BF0223062301E0FC4700205943EF29F6
:1011E000C5BF5031A0230121B1FBF3F1304604F11A
:1011F0007C061CF04BFC3046FFF726FB216930468D
:101200001CF04AFC1BF08CFBC0F307238DF8280070
:10121000C0F307408DF829308DF82A000A9930462E
:101220001CF0FCFCFF21304604F188061CF042FC57
:101230003046FFF709FB304621691CF02DFC304693
:1012400021691CF0EBFC3321304604F194061CF0BC
:1012500031FC3046FFF7F8FA227DE37C617D43EAFA
:10126000022343EA014130461CF016FC1BF058FBF8
:10127000C0F307238DF82C00C0F307408DF82D3004
:101280008DF82E000B9930461CF0C8FCFF2130462B
:1012900004F1A0061CF00EFC3046FFF7D5FA227DC3
:1012A000E37C617D43EA022343EA014130461CF0BE
:1012B000F3FB227DE37C617D43EA022343EA0141A3
:1012C00030461CF0ABFC3321304604F1AC061CF078
:1012D000F1FB3046FFF7B8FA94F83A2094F8393029
:1012E00094F83B1043EA022343EA014130461CF0E4
:1012F000D3FB3046FF211CF0DDFB94F8342094F83A
:10130000333094F8351043EA022343EA0141304672
:1013100004F1B8061CF082FC3046FFF795FAE38E24
:1013200094F83810304643EA01411CF0B5FB3046D2
:10133000FF211CF0BFFB94F8342094F8333094F86C
:10134000351043EA022343EA0141304604F5A4760E
:101350001CF064FC3046FFF777FA47F6FF71304621
:1013600004F5AA761CF07AFC3046FFF76DFA0021EE
:10137000304604F5B6761CF071FC3046FFF764FA8F
:10138000E16A0029B8BF033189100902304604F52B
:10139000BC761CF08FFC3046FFF756FAE16A01EB91
:1013A0004101EF29C5BFA02350310121B1FBF3F169
:1013B00030461CF041FBE16A01EB4101EF29C5BF5A
:1013C0005031A0230121B1FBF3F1304604F5DA7668
:1013D0001CF038FB3046FFF737FA304621691CF025
:1013E0005BFB3046FF211CF065FBE16A0623594395
:1013F000EF29C5BF5031A0230121B1FBF3F13046E5
:101400001DF0DFF947F6FF71304604F5CE761CF08B
:1014100025FC3046FFF718FAC821304604F5D4768B
:101420001CF03CFC3046FFF70FFA7821304604F5FB
:10143000E0761CF033FC3046FFF706FA94F83A20C9
:1014400094F8393094F83B1043EA022343EA01410F
:1014500030461CF0D5FBE16AC1EB0111EF29C5BF95
:10146000A02350310121B1FBF3F130461CF0BCFB4D
:101470000121304604F5E6761CF0BCFB3046FFF750
:10148000E3F92169304604F5FE761CF0B9FB3046DD
:10149000FFF7DAF94FF48271304604F502761CF05A
:1014A000BFFA3046FFF7D0F9E16A01EB4101EF29BD
:1014B000C5BFA02350310121B1FBF3F130461DF02F
:1014C00080F9E16A7729C5BF283150230121B1FB9A
:1014D000F3F130461CF01CFB304621691CF004FB84
:1014E000E38E94F83810304643EA01411CF0D4FAF8
:1014F0003046FF211CF0DEFA94F82830E16A012B17
:1015000014BF08230C235943EF29C5BF50314FF4B2
:10151000A0730021B1FBF3F130461CF09FFBA169E1
:1015200030461CF089FB1BF0FBF9C0F307238DF854
:101530003000C0F307408DF831308DF832000C993F
:10154000304604F505761CF069FB3046FFF77CF960
:101550009D49304604F508761CF0C0FA3046FFF786
:1015600073F9E16A3B29C5BF14316FF027034FF0CF
:10157000FF3191FBF3F130461DF023F91BF0D0F958
:10158000C0F307238DF83400C0F307408DF83530E1
:101590008DF836000D99304604F50B761CF07CFA78
:1015A0003046FFF751F9304601211CF009FB94F851
:1015B000342094F8333094F8351043EA022343EA98
:1015C0000141304604F5F8761CF000FB3046FFF789
:1015D0003BF9304600211CF0A7FAE16A0A2359437F
:1015E000EF29C5BF5031A0230121B1FBF3F13046F3
:1015F0001CF04CFA94F83A2094F8393094F83B10E7
:1016000043EA022343EA014104F5EC7730461CF03B
:10161000DDFA3846FFF718F9E16A01EB4101EF29DD
:10162000C5BFA02350310121B1FBF3F138461CF0B6
:10163000C7FAE16A01EB4101EF29C5BFA023503190
:101640000121B1FBF3F138461CF008FBE66A1D2EC0
:10165000CABF0A36012614233846C8BFB6FBF3F6C4
:1016600031461CF0D1F9314638461CF0D3F9E16A15
:101670007729C5BF283150230121B1FBF3F138464A
:1016800004F5F2771CF002FA3846FFF7DDF847F66A
:10169000FF7138461CF0E2FA314638461CF0B4F9C6
:1016A000314638461CF0B6F9216938461CF0F4F989
:1016B00004F52076FF2138461CF0FCF93046FFF790
:1016C000C3F8304600211DF07CF8304600211DF0A3
:1016D00057F8304600211CF0C1FA304601211CF0B9
:1016E000C3FA0021304604F535761CF017FA30466F
:1016F000FFF7AAF894F82830E16A012B14BF0823F9
:101700000C235943EF29C5BF5031A0230121B1FB60
:10171000F3F130461CF0A2FA304601211CF0A4FA85
:101720003046FF211CF0C6F9E38E94F8381030469D
:1017300043EA01411CF0B0F994F8342094F83330B6
:1017400094F8351043EA022343EA0141304604F598
:1017500023761CF063FA3046FFF776F894F82830C9
:10176000E16A012B00F07384022B14BF0A230C23BF
:101770005943EF29C5BF5031A0230121B1FBF3F13B
:1017800030461DF013F894F82830E16A012B00F080
:101790006184022B14BF0A230C235943EF29C5BFD0
:1017A0005031A0230121B1FBF3F130461CF0F3FFCF
:1017B00094F82830E16A012B00F04F84022B14BF0B
:1017C0000A230C2302E000BFF98D03005943EF29DF
:1017D000C5BFA02350310121B1FBF3F130461CF00D
:1017E000CFFFE16AEF29C5BF5031A0230121B1FB32
:1017F000F3F130461CF08CF9304619211CF082F9C7
:1018000094F8342094F8333094F8351043EA0223E6
:1018100043EA014130461CF067F90021304604F5E7
:1018200026761CF07BF93046FFF70EF83046002193
:101830001CF0C7FF304600211CF0A2FFE16AEF292F
:10184000C5BF5031A0230121B1FBF3F130461CF09C
:101850005FF9304619211CF055F994F8342094F8BA
:10186000333094F8351043EA022343EA014130460D
:101870001CF03AF90821304604F529761CF04EF99F
:101880003046FEF7E1FF304600211CF09AFF0021B0
:10189000304604F52F761CF073FF3046FEF7D4FF78
:1018A00094F82830E16A012B00F0DA83022B14BF90
:1018B0000A230C235943EF29C5BF5031A02301212E
:1018C000B1FBF3F130461CF071FF94F82830E16A67
:1018D000012B00F0C783022B14BF022306235943B8
:1018E000EF29C5BF5031A0230121B1FBF3F13046F0
:1018F0001CF051FF94F82830E16A012B00F0B4830A
:10190000022B14BF0A230C235943EF29C5BF5031C2
:10191000A0230121B1FBF3F1304604F532761CF02F
:101920002FFF3046FEF790FF94F82830E16A012B34
:1019300000F09C83022B14BF022306235943EF2996
:10194000C5BF5031A0230121B1FBF3F130461CF09B
:101950002DFF94F82830E16A012B00F08983022BD7
:1019600014BF022306235943EF29C5BF5031A023DA
:101970000121B1FBF3F130461CF00DFF3046002190
:101980001CF018F9304600211CF094F894F834202B
:1019900094F8333094F8351043EA022343EA0141C6
:1019A000304604F52C761CF039F93046FEF74CFF32
:1019B000304600211CF0FAFE0021304604F538764E
:1019C0001CF0DEFE3046FEF73FFF332130461CF0B0
:1019D00071F81220FDF786FAC0F307238DF838005E
:1019E000C0F307408DF839308DF83A000E99304633
:1019F00004F53B761CF050F83046FEF725FF002139
:101A000030461CF057F894F82830E16A012B00F0BA
:101A10003183022B14BF022306235943EF29C5BF8C
:101A2000A02350310121B1FBF3F1304604F50E76CD
:101A30001CF0B1FE3046FEF707FFE16AEF29C5BF93
:101A40005031A0230121B1FBF3F130461CF060F8C6
:101A500094F83A2094F8393094F83B1043EA022382
:101A600043EA014130461CF03FF80321304604F5BB
:101A700011761CF053F83046FEF7E6FE94F8342059
:101A800094F8333094F8351043EA022343EA0141D5
:101A900030461CF029F8E16A7729C5BF5023283168
:101AA0000121B1FBF3F130461CF032F8E16AEF2975
:101AB000C5BF50316FF09F034FF0FF3191FBF3F141
:101AC00030461BF0D1FF304604211CF027F8304689
:101AD0004FF4C87104F514761CF0E0F83046FEF7B8
:101AE000B3FE636ADB0740F1C78202211220FDF7D3
:101AF0003BFAC0F307238DF83C00C0F307408DF894
:101B00003D308DF83E000F99304604F517761CF0F5
:101B100085F83046FEF798FE94F82830E16A012BEC
:101B200000F0AF82022B14BF0A230C235943EF2984
:101B3000C5BF5031A0230121B1FBF3F130461CF0A9
:101B400040FE94F82830E16A012B00F09C82022BC1
:101B500014BF0A230C235943EF29C5BF4FF4A073C8
:101B600050310021B1FBF3F1304604F51A761CF038
:101B700007FE3046FEF768FEE16AEF29C5BF503127
:101B8000A0230121B1FBF3F130461BF0C1FF94F813
:101B90003A2094F8393094F83B1043EA022343EAA0
:101BA000014130461BF0A0FFE38E94F83810304618
:101BB00043EA01411BF070FF3321304604F51D76E6
:101BC0001BF078FF3046FEF73FFE94F82830E16ABC
:101BD000012B00F05A82022B14BF0A230C23594315
:101BE000EF29C5BF5031A0230121B1FBF3F13046ED
:101BF0001CF0DCFD94F82830E16A012B00F04782EC
:101C0000022B14BF0A230C235943EF29C5BF5031BF
:101C1000A0230121B1FBF3F130461BF019FF94F82A
:101C20002830E16A012B00F03482022B14BF02231A
:101C300006235943EF29C5BF5031A0230121B1FB31
:101C4000F3F130461BF00AFF94F82830E16A012BCB
:101C500000F02182022B14BF0A230C235943EF29E1
:101C6000C5BF5031A0230121B1FBF3F1304604F58B
:101C70003E761CF085FD3046FEF7E6FD1220FDF7AE
:101C800031F9C0F307238DF84000C0F307408DF809
:101C900041308DF84200109930461BF0FDFE7F2147
:101CA000304604F541761BF005FF3046FEF7CCFDCB
:101CB000002130461BF05EFF94F82830E16A032BC8
:101CC00040F0EB81C900EF2940F3F18150314FF42E
:101CD000A073B1FBF3F1304604F550761BF0BEFF64
:101CE0003046FEF7B1FD304621691BF0FDFEE16A8A
:101CF0007729C5BF283150230221B1FBF3F13046CB
:101D0000C8BF49001BF004FF304601211BF006FF4D
:101D1000E16A7729C5BF283150230221B1FBF3F1D5
:101D20003046C8BF490004F54D761BF091FE3046A1
:101D3000FEF78AFDE16A7729C5BF28316FF04F03AE
:101D40004FF0FF3191FBF3F1304604F544761BF080
:101D50000BFF3046FEF778FD94F82830E16A012B3E
:101D600000F0A981022B14BF102314235943EF293B
:101D7000C5BFA02350310121B1FBF3F130461CF067
:101D800015FD304600211CF006FD304600211CF0F8
:101D9000F7FC0121304604F547761BF065FF30461D
:101DA000FEF752FDE16AEF29C5BF5031A0230121A2
:101DB000B1FBF3F130461BF0ABFE94F83A2094F8F7
:101DC000393094F83B1043EA022343EA014130469C
:101DD0001BF08AFE012130461BF0A0FE94F828304B
:101DE000E16A012B00F06981022B14BF0A230C2346
:101DF0005943EF29C5BF5031A0230121B1FBF3F1B5
:101E000030461CF0DEFC94F82830E16A012B00F02B
:101E10005681022B14BF0A230C235943EF29C5BF57
:101E20005031A0230121B1FBF3F1304604F54A768D
:101E30001BF02CFE3046FEF707FD94F82830E16ACF
:101E4000012B00F03E81022B14BF102314235943B1
:101E5000EF29C5BF5031A0230121B1FBF3F130467A
:101E600004F553761BF0E8FD3046FEF7EDFCFF214C
:101E700030461BF01FFE1AF053FDC0F307238DF808
:101E80004400C0F307408DF845308DF846001199A5
:101E900030461BF001FE1220FDF724F8C0F30723A3
:101EA0008DF84800C0F307408DF849308DF84A009E
:101EB000129930461BF004FE304647F6FF711BF0C6
:101EC000CDFEE16AC1EB0111EF29C5BF5031A0235E
:101ED0000121B1FBF3F130461BF04CFE1AF020FD5E
:101EE000C0F307238DF84C00C0F307408DF84D3048
:101EF0008DF84E00139930461BF04EFEE16A01EB5F
:101F00008101EF29C5BF5031A0230121B1FBF3F1BD
:101F1000304604F556761BF039FE3046FEF794FC49
:101F200094F8342094F8333094F8351043EA0223BF
:101F300043EA014130461BF049FE0020F5F708FA5C
:101F4000772840F3C0800020F5F702FA502300F113
:101F5000280191FBF3F130461BF032FE94F8342057
:101F600094F8333094F8351043EA022343EA0141F0
:101F700030461BF045FE0020F5F7EAF9772840F3DC
:101F8000A4800020F5F7E4F9502300F1280191FB2B
:101F9000F3F130461BF028FE0020F5F7D9F90627AB
:101FA0007843EF2840F393800020F5F7D1F907FB41
:101FB00000F15031A02391FBF3F130461BF036FDC8
:101FC000002D40F086800020F4F756F8012384F8B5
:101FD0003C30FEF7BEBC0020F5F7BAF928231430D8
:101FE00090FBF3F0FEF723BF0120FEF732BF012183
:101FF000FEF75CBF1823FEF773BF0E23FEF785BF05
:10200000FCF78EFF8DF82400C0F30723C0F30740D0
:102010008DF825308DF826000999FEF7D1BF1823D9
:10202000FEF7F1BF1823FFF703B81823FFF715B821
:102030000E23FFF72CB80E23FFF73EB80823FFF757
:10204000A0B80823FFF7B2B80823FFF7C7B80E23DC
:10205000FFF78EBB0E23FFF7A0BB0E23FFF7B6BB27
:102060000E2327E408233AE40E234DE4082365E415
:10207000082378E40823D0E401211220FCF750FF64
:1020800037E50E2352E50E2365E50E23A7E50E2363
:10209000BAE50823CDE50E23E0E5012B14BF0823A4
:1020A0000C235943EF2904DD5031A02311E6002110
:1020B00011E601210FE6182358E60E2398E60E23B9
:1020C000ABE61823C3E6012145E7012161E70121C1
:1020D00073E72846F5F7CAF984427FF477AF72E7D1
:1020E00008B5FEF7BDFB10B1014BD3F8BC0108BD2C
:1020F000FC470020074BD3F8C02002B11047D3F8AB
:10210000B800012183F8BC1093F8BC20002AF9D054
:10211000704700BFFC470020014BC3F8C000704768
:10212000FC47002038B54FF4877200258723C1E9AA
:102130000B53C1E90D23164B4D642D22C1E90F232A
:1021400064238B6491F84C3023F00F0343F00803B1
:102150000C4681F84C304FF434730B65FFF7CAFF1F
:10216000636BA36594F84C30606565F3041384F8E1
:102170004C30204602210BF033FC20464FF44471D2
:102180000BF0E2F920460D21BDE838400CF0EABE24
:102190000080FFFF2DE9F047BC48B6B00E460CF0BA
:1021A0001AFA01282CD130461AF0FDFD05463046BA
:1021B0001AF0F5FD022D044640F01F81F9F79EF854
:1021C0000546E8B118F00FFF012819D10AA92846E1
:1021D00018F01CFF06AA1AA920461CF0F7FB0A9B60
:1021E0001A9A9B1A0A931B9A0B9B9B1A0B9394F8AF
:1021F0004C30DF0707D5DDE90A1051EA000335D17D
:1022000036B0BDE8F0874FF4003120461CF0BBFB30
:10221000069D06462D1A4FF4803120460BF0E8F952
:10222000D0B1AD1BDDE90A32012DB8BF0125524303
:10223000069503FB03236D43AB4208DD94F84C3055
:1022400043F0010384F84C30FFF754FF606594F8C5
:102250004C30DE07D4D5CEE7002D2B46B8BFEB1CA3
:102260009B10B342ACBFED1AAD1BDBE7D4E90E36D1
:102270009E42B8BF06F5B4761BF0D3F8E36AC51AE0
:10228000A36BED1A002D39DBB5F5B47F39DA069A68
:102290004FF41D7314205A436423B2FBF3F70EF07E
:1022A000C5FE94F84C804FF4B47303FB00F229464A
:1022B0002046B2FBF7F2C8F3C0081CF026FB00284A
:1022C0009ED0A16BA76D94F84C307F1AEA1B002AB0
:1022D000B8BF5242B2F58C7FA6EB010C56DD1D074C
:1022E00012D4B8F1000F68D013F0180F65D194F82C
:1022F0004C3043F0080384F84C300BE005F5B4751E
:10230000C0E7A5F5B475BFE7B8F1000F02D013F030
:10231000180FECD00025606D1CF0C4FA236DED1B86
:1023200058434FF47A73B0FBF3F0854203DC40422C
:10233000A842B8BF2846D4E91135A16B721A3844B7
:10234000D200EF1A92FBF7F2171D48BF02F11307F4
:1023500000EB27103246276C009508441BF0C3F8A9
:1023600094F84C3003F00603042B08BFA36C054619
:1023700002BF656C1B1AED18236CAB4226D1636C4F
:102380009D4235D1FFF7B6FE606539E7D80617D410
:10239000180714D403F01803B8F1000F0DD16546E7
:1023A000082BB8D1C2F5B472B2F58C7FB3DD94F8C6
:1023B0004C306FF3C30384F84C306546ABE78D1B9C
:1023C000B8F1000FA7D103F01803E9E7FFF792FE79
:1023D0002946606520461CF091FDAF42CFD0002217
:1023E00023212046F2F7C4FA01287FF409AFC6E79B
:1023F000A36C9D427FF404AFC4E71D2D3FF600AFF0
:10240000102D21D825F00805032D7FF4F9AE90F8A2
:102410004C306FF3000380F84C300BF0FDF80446AD
:102420000AF0B3FD0546F8F769FF18F0DCFD042853
:102430007FF4E6AE002D3FF4E3AE0021204636B037
:10244000BDE8F0470AF03CBD113D0C2D3FF6D8AE7B
:1024500001A353F825F000BF91240100CF2401000F
:10246000012201000122010001220100DB24010000
:1024700001220100012201000122010001220100CC
:10248000AF2501000122010043260100C44D0300D5
:1024900030460CF0CFF820F00203112B256C0FD141
:1024A000691C20461CF02AFD236C9D423FF4A8AE17
:1024B00000222321204636B0BDE8F047F2F758BA93
:1024C000142802D012287FF49BAE691EE9E730463B
:1024D0000CF0BCF8256C4119E3E730461AF067FCB4
:1024E00006AA80460AA920461CF070FAA76807B120
:1024F000BF6A002120461CF046FADDE90AA6069DC7
:1025000000EB0709A5EB0905AB190093721BAAEBB9
:1025100005011AA805EB0A03069519F054FDD8F831
:10252000001047F6FF721AA819F0BDFDD8BBD8F805
:102530000030D3E90010801BA1EB0A011AF071FFF3
:10254000E36AC61AA36BF61A002E26DBB6F5B47F33
:1025500026DA14200EF06AFD4FF4B47303FB00F288
:102560004FF41D735D43314664232046B5FBF3F5FC
:10257000B2FBF5F21CF0C9F9A8B107EB090211464C
:102580001AA819F03AFDD8F8001047F6FF721AA8F9
:1025900019F089FD88F8040032E606F5B476D3E731
:1025A000A6F5B476D2E7002388F8043028E60021A7
:1025B0001CF0F0F90021054620461CF0F2F900213C
:1025C000074620461CF0F4F90021804620461CF006
:1025D000F6F9AF42B8BF2F464745B8BF47468742D6
:1025E000B8BF07464FF4403120461CF0D3F94FF4F2
:1025F0004031054620461CF0D4F94FF44031814665
:1026000020461CF0D5F94FF44031804620461CF09E
:10261000D6F94D45B8BF4D464545B8BF45468542FC
:10262000B8BF054620461CF0B5FA0235ED1B05443F
:1026300030461AF0BCFB0368AB42ACBF03600560D8
:10264000DEE530461AF0ABFB044630460BF0EAFFFD
:1026500004AF064603AA394620461CF0B7F9DDF858
:102660000C80B8F1000F1ADD0AA80EF0EFFC0AAAE0
:10267000002120460E960BF0BAFE97E8030015AB3A
:1026800083E80300E26AA36B13441393E36BADF892
:102690005C8013440AA9304614930EF0EEFC4FF40C
:1026A000003120461CF076F94FF4003105462046F3
:1026B0001CF077F94FF40031824620461CF078F97F
:1026C0004FF40031814620461CF079F95545B8BFDA
:1026D00055464D45B8BF4D468542ACBFA8EB0509F0
:1026E000A8EB0009B9F1000F1BDD0AA80EF0AEFC43
:1026F0000AAA4FF4003120460E960BF078FE97E8B8
:10270000030015AB83E80300D4E90B2313441393B0
:10271000636BADF85C9013440AA9304614930EF035
:10272000ACFC06AB4246394620461CF091F91AA88B
:10273000F6F7F2F91AAA20464FF440311E960BF034
:10274000CAFA06AA1AA930460FF028F958E500BFC0
:102750002DE9F0439BB005469DF888800F4616464C
:102760001C46B8F1000F16D1414618464FF0FF390C
:10277000FCF72AF9C4F80C90284637600CF047FBA8
:1027800041462046FCF720F9C4E90058C4E9028913
:102790001BB0BDE8F083DB6801330CBF1368A3688E
:1027A0002046C4E9013131600021FCF70DF902A88F
:1027B000FCF7F0F8214602A819F081FB02A80D49A8
:1027C00019F07FFB4FF4807202A8002119F080FB02
:1027D00002A8094919F086FB6722002128460DF05E
:1027E000C7FA014602A819F06EFB02A8FCF71EFA10
:1027F000CEE700BF6BEF020041EF02002DE9F04F82
:10280000F7B005461AF0CBFA044628460BF00AFF4B
:102810000AA9029020460CF0EDF86A220021204619
:102820000DF0A6FA6B2205465A90002120460DF0C5
:102830009FFA294602465A900AA819F0DEFB0AA818
:1028400019F053FF05900AA819F054FFD4E90C328F
:1028500094F870900690B2EB030BC9F3C20908BF5D
:102860004FF0010BB9F1010F09D0B9F1020F56D0A9
:10287000059B8342B4BF4FF000094FF00109204689
:102880001CF0F8FB00210890122220460DF070FA8F
:10289000132203905A90002120460DF069FA10226D
:1028A00004905A90002120460DF062FA1122009007
:1028B0005A90002120460DF05BFA039D5A9001903A
:1028C0000A980D9BDDE90B212844E0630498091A5E
:1028D000616400990A442264019A04F13C089B1A3D
:1028E000A3644046B9F1000F1CD019F003FF032880
:1028F00009DC069B03EBD372A36903EB62039A1E08
:1029000002332264A364404619F0EFFE07464046B6
:1029100019F0F0FE04F1440A964A43461CE04FF0D9
:102920000009ACE719F0E1FE032809DC059B03EB85
:10293000D372636903EB62039A1E0233E26363643A
:10294000404619F0D2FE404619F0D4FE8A4A0746A6
:1029500004F1400304F1480AE16E206B07924E1C1B
:1029600057D0666EA26E361A121A7E437A4396FBD1
:10297000FBF692FBFBF2921B514348BFFF3106EB83
:102980002126E16D4D1C4AD0656DA26D2D1A121ADB
:102990007D437A4395FBFBF592FBFBF2521B5143BF
:1029A00048BFFF3105EB212527220021204609934E
:1029B0000DF0DEF9099B5A90B9F1000F35D0C2B283
:1029C000511E4A424A4194F84CC0944517BF1946DB
:1029D00005F1FF355346C5F101051CBF76428A4615
:1029E000B9F1000F23D019682944CAF800101868FB
:1029F000089930441860A1BB079B404698470128BE
:102A000047DC002222212046F1F7B2FF77B0BDE873
:102A1000F08FA66B361A7E4396FBFBF6B1E7E56AAC
:102A20002D1A7D4395FBFBF5BEE74A46CBE7DAF866
:102A300000100898491B1960DAF80010891BCAF8C1
:102A400000100028D8D0206B9445C0F1000007FB8F
:102A500000F090FBFBF07BD10A1A013251469A46F6
:102A600078E0216B9445C1F1000107FB01F191FB76
:102A7000FBF102D10844524603E0411A1A46481CB1
:102A80005346DAF800108142CBBF1160196018601C
:102A90001060E36B0E93236C0F93636C10933EA84E
:102AA000A36C1193F6F738F8029B429320463EAA96
:102AB0004FF400310BF00FF90C22002120460DF0ED
:102AC00057F9DDE905439C42A8BF1C4664108442C7
:102AD000A8BF04465A904046459E19F006FE05469A
:102AE000404619F007FE854240463DDA19F0FDFDEB
:102AF0004510DDE903039DF827214A99B542A8BF97
:102B0000354602F00F020343B9F1000F2FD1012A1D
:102B100000F0AE80002940F0AB80009A1343019A88
:102B2000134300F1C180A54280F2BE8022460AA96B
:102B30000EA819F038FB002840F0B6804FF0000ACC
:102B400000238DF840318DF850314FF001082BE013
:102B50000A1819461B689342CBBF0B60CAF80030B5
:102B6000CAF800200A6094E719F0C4FDC0E7022A01
:102B7000CEE700BFEBC60200F5C6020070223EA9F8
:102B80005AA821F0C3F94FF0000802988DF8B081DF
:102B90000EAA5AA98DF8C0818DF888818DF8A3817D
:102BA0000EF0FCFE4FF0010A002670223EA95AA842
:102BB0000EAF8DF8646121F0A9F997E80F008DF848
:102BC000B0618DF8C06112AE86E80F00BAF1000F57
:102BD0000CD0B9F1000F5ED0039A0A9B1344336006
:102BE000049A0C9B9B1AB360002361933246102118
:102BF00002980EF0B8FC32465AA981460EF0CEFE7D
:102C000016A80EF06BFEB8F1000F0AD00AAB0FCB7E
:102C10000DF1740C8CE80F0016A9484621940EF0B3
:102C200061FEBAF1000F09D097E80F001DAC84E8EF
:102C30000F0016A9484621950EF054FE23A8F5F77B
:102C4000C3F90298CDF8A890324623A9F5F74AFABD
:102C500070223EA95AA821F059F900238DF8883135
:102C60008DF8A3313A465AA902980EF097FECDE6A8
:102C7000009A1343019A134380D4A542BFF67EAF56
:102C800022460AA90EA819F08EFA00287FF476AF22
:102C90004FF0010A54E7009A0B9B13447360019AAA
:102CA0000D9B9B1AF3609FE70EAA3EA9DCE700BFCD
:102CB0002DE9F3412E480C460BF08DFC012840D144
:102CC00020461AF070F8064620461AF068F81B2EC7
:102CD000054639D14FF400310BF0E9FB0746204699
:102CE0001AF065F80368BB42ACBF036007601222AC
:102CF0000021064628460DF03BF81322804601903D
:102D0000002128460DF034F81022044601900021DD
:102D100028460DF02DF81122074601900021284683
:102D20000DF026F84445A8BF4446BC42A8BF3C4627
:102D30008442A8BF0446002C019002DA33681B1BB2
:102D4000336002B0BDE8F081012E01D00B2E07D117
:102D500005F13C01284602B0BDE8F0410CF02CB86A
:102D60001D2EEED1204602B0BDE8F041FFF746BD72
:102D7000E84D030010B501460348F1F79DFD0446F8
:102D80000AF0C8FE204610BD0C4E03002DE9F04F9E
:102D9000ADF5057D05461AF002F8836B0446002B5D
:102DA0005BD028460BF03EFC94F82A3043F0080331
:102DB0000EA9804684F82A3020460BF01BFEA26A3A
:102DC000B04BB4F82890134043F40023A36268A8E2
:102DD000F5F7A2FE31A8CDF8B081F5F7B3FA68AAED
:102DE0004FF4A0212046CDF8D4800AF074FF31AA18
:102DF0004FF4A02120460BF0ACF994F82A30A4F847
:102E000028906FF3C30384F82A3010220021204653
:102E10000CF0AEFF112205904C90002120460CF0E2
:102E2000A7FF122206904C90002120460CF0A0FF34
:102E3000132207904C90002120460CF099FF4FF090
:102E4000000A08904C905746A36BBB4209D894F8EF
:102E50002A306FF3C30384F82A300DF5057DBDE8F1
:102E6000F08FE36A884953F82A001BF05CFC4FEAB4
:102E70008A0B0AF1010A0028F3D07B000993636BE7
:102E800033F81730DA0600F1E280C3F300255B0661
:102E900040F1DF8045F08005206B390100EB07131E
:102EA000D3E9012C4158DE680E9B194412910F9909
:102EB00063440A443144139214931591002D40F059
:102EC000E580702268A94CA81BF0EDFA6C2231A9AC
:102ED00016A81BF0E8FA626B9DF8B3307900DB08A6
:102EE000525A4E9716059DF8B3204CBF43F0080385
:102EF00003F0170363F3C7029DF879318DF8B3200F
:102F000003F01F020F2A3CD90F2262F304038DF84D
:102F100079316369079A08991A44129B934214BF46
:102F20000F230B239DF8792163F304028DF8792197
:102F3000E269521A1499914201BF9DF8792103F078
:102F4000170363F304028DF87921A369059A1344EA
:102F5000139A9A4201BF9DF8793103F01D0262F382
:102F600004038DF87931236A069A9B1A159A9A42BE
:102F700001BF9DF8793103F01E0262F304038DF85E
:102F8000793112A819F0B6FB15F02005064607D0D6
:102F9000636B7A009B5A580542BF139B9B1B13938C
:102FA0004CA912AA40460EF0F9FCE06A239B209A35
:102FB00050F80BB00A930EA8229B0B92099319F0BC
:102FC00094FB9DF8B3C0099B00934FEADC01DDE957
:102FD0000A32CDE9010159460CA81BF070F812A87D
:102FE00019F083FB0C9BC01A129B00EBD07003EB13
:102FF000600312A8129319F07DFB0D9B139A12998E
:10300000C01A00EBD07002EB60020C9813920144DE
:1030100013441491159365B1616B7800095A490501
:1030200007D506EBD67676107642324433441392B7
:1030300015939DF8B430CDF874B043F0010312AA93
:1030400016A940468DF8B43018970EF0D0FB013722
:10305000FAE6236CBB427FF41FAF19F0200F18BFB4
:1030600045F0200519F0020F18BF45F0020519F0D0
:10307000040F18BF45F0040519F0080F18BF45F0FC
:10308000080509E70000F7FF9D94030094F82A3033
:10309000258543F0080384F82A304CA8F5F73CFD59
:1030A00016A8CDF84081F5F74DF94CAA4FF4A021B0
:1030B0002046CDF868800AF00EFE16AA4FF4A02133
:1030C00020460BF046F894F82A30A4F828906FF3C5
:1030D000C30384F82A30FEE62DE9F04F272291B091
:1030E000002104460CF044FE1222C3B20F900021CE
:1030F00020460C930CF03CFE30220F9004900021EF
:1031000020460CF035FE342205460F900021204663
:103110000CF02EFE420748BF049B0F9048BF5B197E
:103120004FF010024FF00001204648BF04930CF00E
:103130001FFE302205460F90002120460CF018FE9D
:10314000342206460F90002120460CF011FE142276
:1031500083074FF000010F90204648BFAD190CF0D7
:1031600007FE07900F9020461BF0BFFF09902046F6
:103170000BF088FC069020460BF094FCE36B079A5A
:10318000D4F82C900295013B002702FB130308930F
:1031900005973E46E36B059A934240F282800025F4
:1031A000A9F1040A4FEA4608039515E041491BF0CE
:1031B000BAFAA8B1DAF800301B788BB1636B039AC6
:1031C00033F8083003F00F03012B2CBFD218013263
:1031D0000392013508F102085AF8040F0028E5D1DE
:1031E000059B01330593002D52D0029BE16BB7FB89
:1031F000F1F21A44089B3B44B3FBF1F30299013905
:103200000B440B930999069B05F1FF3801FB183815
:103210004FF0000A731928EAE8780A93D346039B13
:1032200003980BFB08F1B1FBF3F1636B33F8163035
:1032300003F00F03012B2CBF9B440BF1010B0BFB85
:1032400008F3B3FBF0F30AF1FF3003440C980128B4
:10325000514404D10698C01A069B5B1A0146DDF85A
:103260002CC0206BCDF800C0DDF810C00D92634477
:1032700000EB0610614418F0A6FE099B0D9A9A44D3
:103280000A9B0136B342CAD1013509EB850901E039
:1032900009F10409089B079A1F44029B13440293F7
:1032A00078E720460BF06FF9204611B0BDE8F04FEB
:1032B0000BF0ADBD9D94030010B501460348F1F736
:1032C000FBFA04460AF026FC204610BD304E0300EF
:1032D0002DE9F04104460E4600294CD090F84430C8
:1032E0009B0701D51BF0E6FE94F84430DFF88C8094
:1032F0006FF3410384F844300123E363371F002553
:1033000057F8040F60B9A36B9D4213D1E6622046C3
:10331000BDE8F041FFF7E0BEE36B0133E363EFE7A5
:103320000378002BEFD041461BF0FDF90028F3D0C5
:103330000135E5E7206B18B1FCF77EFB0023236322
:10334000606B18B1FCF778FB002363632801FCF77E
:1033500059FB20636800FCF755FB236B606343B1A6
:10336000002808BF00256A0000211BF06CF9A56346
:10337000CCE71D46F7E7BDE8F08100BF9D94030050
:103380000023C1E90B33C1E90D33CB634FF6FF7363
:103390000B6491F8443023F00303084681F844306D
:1033A0000149FFF795BF00BF544E03002DE9F843D4
:1033B0004FF6FF73994204460E4602D10020BDE845
:1033C000F883836B8B42F9D90025DFF834902F46C0
:1033D000B54206D1A36BAB42F0D0E36A53F82700A5
:1033E000EDE7E36A07F10108494653F82800013583
:1033F0001BF099F908B907F102084746E8E700BF52
:103400009D9403002DE9FF41B2480E460BF0E3F80E
:1034100001281AD1304619F0C6FC0546304619F08D
:10342000BEFC1B2D044627D1C36B73B1C56ADFF800
:10343000A882043D002755F8040F30B141461BF027
:1034400072F910B12B681B7813B904B0BDE8F08194
:10345000636BDB5B5B0507F10207ECD5E16B29B120
:1034600020460BF01FFBE16BB0FBF1F1304604B0DE
:10347000BDE8F0410BF0F6B8322D04D104B0BDE840
:10348000F041FFF729BE132D2ED8002DDDD0013DD0
:10349000122DDAD801A353F825F000BF033501003F
:1034A0007D3501005B3601004B3401004B340100D7
:1034B0004B3401004B3401004B340100393601001C
:1034C0004B340100C13501004B3401004B34010085
:1034D0004B3401004B3401004B340100FD36010038
:1034E0004B34010069360100292D00F0E681312DB1
:1034F000C4D01D2DA9D1304604B0BDE8F041FFF77E
:1035000045BC3046F1F7A2FA216C054620461BF077
:10351000F4FDF7F7F3FE17F066FD00F0FD0001285B
:1035200017D102A9284617F071FD02A920461BF009
:103530003FFE4FF6FF7398420146236409D0636B48
:1035400033F8103003F050031BB9206420461BF001
:10355000D4FD236C4FF6FF7293423FF476AF626B5B
:1035600032F8132002F4CA62002A7FF46EAF01938E
:1035700001AA23212046F1F7FBF966E7036C4FF619
:10358000FF77BB423FF461AF3046F1F75FFA054683
:1035900017F029FD00F0FD0001287FF456AF02A9C5
:1035A000284617F033FD02A920461BF001FE216CCE
:1035B00081423FF44AAF20461BF09FFD276444E759
:1035C000026C4FF6FF739A422CD0416B31F81230E7
:1035D000180614D55F0612D4DE052AD594F84400E7
:1035E000C50726D423F480739BB221F8123094F8D7
:1035F0004430D80703D5216C20461BF00CFF236C08
:10360000626B32F8132012F4C06F0BD012F0500F1F
:1036100008D102AA232120460293F1F7A9F9012833
:103620007FF413AF216C204604B0BDE8F0411BF0DD
:1036300064BD43F48073D8E7036C4FF6FF72934286
:103640003FF403AF426B32F8132002F07002002AFD
:103650007FF4FBAE029302AA8BE7016C1BF04DFDD9
:103660004FF6FF732364F0E6836B002B3FF4EDAE5F
:103670003046F1F7EBF9064617F0B5FC05462EB9D2
:103680003046F7F731FE17F0AEFC0546204609F04C
:10369000C3FF09F07AFC226C4FF6FF739A427FF465
:1036A000D4AE022D05D0042D7FF4CFAE00283FF418
:1036B000CCAE94F84430A26B13F001031CD19342BA
:1036C00018D0616B31F8131001F0500189B101334A
:1036D000F5E700BF304E03009D9403000133934291
:1036E00008D0616B31F8131011F0500FF6D1C905F5
:1036F000F4D51A462264A8E60023F0E7016C1BF01B
:10370000FCFC30460AF096FF132821D1236CA16BF4
:10371000606B4FF6FF72934214BF0133002399424E
:1037200023649CBF00232364256C236C30F8132092
:1037300002F05002002A3FF475AF0133994298BF5E
:1037400000239D422364F0D14FF6FF73236469E7A1
:1037500014281CD1226C4FF6FF739A4204BF002339
:103760002364226C02B9A26B606B013A2264236C61
:1037700030F8131001F0500100293FF453AF23B18A
:10378000013B9A422364F2D1DEE7A36BF8E71228EB
:1037900047D120461BF0A9FC236C4FF6FF729342E1
:1037A000054610D10023616B2364236C31F813208C
:1037B00002F05002002A3FF435AFA26B013393426E
:1037C0002364F2D3C0E71A01206B865800EB031084
:1037D00018F08BFF236C06EB6002A66B4FEA031C0C
:1037E0009E427FF61FAF216B01EB0C0801EB03102B
:1037F000D8F80470D0F80480B8454FEA031E0EDDF7
:1038000051F80E1091420ADC81682944914206DB8E
:10381000616B31F8131001F05001002996D001338B
:10382000DEE711287FF4FEAE20461BF05EFC236C21
:103830004FF6FF729342054610D10023616B23645B
:10384000236C31F8132002F05002002A3FF4EAAE54
:10385000A26B013393422364F2D375E71A01206B04
:10386000865800EB031018F040FF226C13B206EBF1
:1038700060004FEA021C5E00002BFFF6D3AE226B05
:1038800002EB0C0E02EBC601DEF80470D1F804E086
:10389000BE450EDA52F83620521B824209DC8A6895
:1038A000824206DB626B925B02F05002002A3FF418
:1038B0004DAF013B1BB2023EDEE790F844309B0760
:1038C0007FF5C3AD04B0BDE8F0411BF0F3BB00BF12
:1038D0002DE9F84F4FFA82F80123818680F836806F
:1038E00080F8373004460F46C06A40211BF043FD84
:1038F00000252946E06A402201351BF04BFD072DCB
:10390000F7D1BFB2414638461BF09CFD4146054603
:1039100038461BF068FEDFF8ECB00646411C054453
:1039200004F1F90A8B1B01F1010901398D42DBB267
:1039300037D808F1FF3138461BF084FDC6F101038A
:1039400000EB030804F22119DFF8B8B05FFA88F839
:103950000027CA4608EB0703B742DBB229D3DFF8DA
:10396000A490C5F101074FF01408292D2FD9204646
:103970001BF061FEE06A1BF03FFD4FF6FF739842BB
:1039800003D0E06AF11D1BF0C9FC20460BF03FFAA2
:1039900020460CF079FF00250646B54225D1BDE84A
:1039A000F88F142101FB09A05A46FCF709F8494693
:1039B000B8E75A4614214846FCF702F8F91DE06AB8
:1039C00040221BF0E7FC013709F11409C2E77B191B
:1039D0004A46142108FB05A0FBF7F2FFE91DE06A47
:1039E00040221BF0D7FC0135BFE7294620460CF0EA
:1039F00018FFE36A834203D022462321F0F7B8FF81
:103A00000135CAE74A8E03003A4B2DE9F041002503
:103A10000C46C1E90C33C1E90E554FF452722946E8
:103A200004F22110344E354FDFF8D4801AF00BFE2B
:103A300029462A4604F13C0314254FF0780C40F245
:103A4000211E043351B1481C10F0070F50D0062935
:103A500007D858F8211019600146F2E71E600120CE
:103A6000FAE705FB024181F821C115FB02E10132B1
:103A70002144D2B238281960EED1224BC4F81C314F
:103A80002046FFF719FC04F14001E062FFF720FC3B
:103A9000E06A4FF408711BF0A0FC002322221A49AF
:103AA000E06A0AF0AEFD6420E56AFBF711F9014611
:103AB00028460AF036FFE06A4FF4042109F090FF2F
:103AC0002046012117F004FEE06A012117F024FED0
:103AD0002046002202210CF052FE204694F93620A6
:103AE000A18EFFF7F5FE2046BDE8F0411BF0A3BD17
:103AF0003946BFE7E80701014D8E03009D9403009E
:103B0000704E03009E940300A7F40200F8B50C4623
:103B1000204600210CF08AFF2046002117F0D8FD36
:103B2000002319460222204617F0DEFD2046FFF74B
:103B300021F900222A492B4F05460CF00AFE642089
:103B4000FBF7C6F8014628460AF002FF2846F1F7BF
:103B5000B1FB28460AF093FF0646014628460AF0C4
:103B6000E0FE00230A22394628460AF04AFD0421D5
:103B7000284609F0E9FC204601F0B2FB0321054686
:103B800001F062FF0022284602210CF0F8FD01211D
:103B9000284617F0C1FD2046FFF7ECF8124905460C
:103BA00000220CF0D6FD3246314628460AF0E7FEE8
:103BB00000230A22394628460AF023FD284604211C
:103BC00009F0C2FC09490023232220460AF019FD0E
:103BD00020460022BDE8F8402321F0F7C9BE00BF0F
:103BE0006E8E03002D3C0100728E0300F13B01003C
:103BF00070B519F0D4F805460CF010FE1BF05AFD14
:103C00000446012128460CF00CFE94F90230054AC6
:103C10000549013B52F823302288BDE870401DF071
:103C200079BB00BFB04E0300768E03002DE9F0474C
:103C300019F0B5F880460CF0F1FD06460CF0EEFDEB
:103C400007461BF037FD0021058890F90290847823
:103C500030460CF0E6FD80451BD1B9F1010F15D1BE
:103C6000013DADB20C24224629463846FFF730FE0E
:103C7000012130460CF0D5FD013C0A4B0A4953F8AE
:103C800024302A46BDE8F0471DF044BB013C64B235
:103C9000E9E7B9F10C0F03D10135ADB20124E2E738
:103CA0000134F4E7B04E0300768E030070B5084689
:103CB0000C460CF0B3FD0021064620460CF0B6FE83
:103CC0000021204617F004FD204600F0E1FC1649D3
:103CD00005461CF04CFC33462322144928460AF0C2
:103CE00090FC0121284617F017FD204600F0D0FC7B
:103CF0000F4905461CF03BFC334623220D4928465C
:103D00000AF07FFC2846012117F006FD0A4923220C
:103D1000204600230AF075FC20460022BDE87040D2
:103D20002321F0F725BE00BFEB8E030059F70200F8
:103D30005C91030029F70200B9F602002DE9F04F6B
:103D4000AF48C5B00D460AF046FC012832D12846DE
:103D500019F029F80646284619F021F8012E0446E4
:103D600040F08480F7F7CAFA28A917F04FF9636981
:103D7000289E2046F61A2896F1F716FD064420469E
:103D80000AF080FE074620461BF08DFD361A14D53A
:103D90000025636EAB420DD0294620461BF08BFDFB
:103DA000616E20461BF087FD6566002223212046B8
:103DB000F0F7DEFD45B0BDE8F08FB74202DA256FBF
:103DC000013DE6E794F8743003F00703012B07D1B7
:103DD000236F7D10013B06FB0355B5FBF7F5D8E7D4
:103DE000022B02D1256F7543F7E7032BD0D104F1E5
:103DF0002C0019F030FA81460028C9D04FF0000895
:103E000045466FF0004A29E099F81010D9F80000F3
:103E10000097C1F3C00104EB81010023CA6D50F883
:103E20002800496D19F05FFB99F81010C1F3C0012B
:103E300004EB81018642D9F800000097CA6D50F862
:103E40002800496D4FF000030CDD19F04CFB301ACF
:103E50008245C4BF4546824608F10108236F984554
:103E6000D2D396E719F03FFB801BF1E70B2E06D16A
:103E7000416E1BF020FD6FF0004363669AE71D2E34
:103E800098D128460AF0CEFB04F1140900F1180677
:103E900014AD039032464946284618F0C8F8002869
:103EA00051D096E80F0018AF87E80F0095E80F0093
:103EB00086E80F0020461BF0EEFC049020461BF025
:103EC000F2FC089020461BF08CFD054620460AF0C7
:103ED000D9FD059020460AF0E5FD804628A80DF0A2
:103EE000AEFC039B2C9328AA002120460AF013FA6B
:103EF0003222002120460BF03BFFC3B21090204637
:103F000007931BF0C8FC34220021069020460BF0DA
:103F10002FFF1090C7B22046F1F746FC09902046CB
:103F20000BF0B6F9D4F868B0BBF1000F25D1D4F886
:103F30006CA0BAF1000F65D1039B03F1180518AB13
:103F40000FCB85E80F0004F12C031846069319F0F7
:103F5000C2F9054650B994F8743003F00703012BF9
:103F600040F09880039920461BF043FD03992046BA
:103F700045B0BDE8F04F1BF0C0BF049B1D44A369D2
:103F80001D442B1A0A9363692F93E3693193079BAE
:103F9000022B0FFA8BFA31D9069B002B2EDD17F07E
:103FA000020505D020461BF01CFDB0FA80F56D0916
:103FB000FA070AD51122002120460BF0D9FE1090F5
:103FC00018B90BF1FF3B0FFA8BFA08FB05FB2B46E8
:103FD0005545ACDAA26E0A9903982A93013ABBFBC5
:103FE000F2F20A4428A90B93309232920DF041FC70
:103FF0000B9B01352DB2C3440133E9E70025E4E70B
:10400000284F0300089B049D1D4463691D44099BC0
:10401000ED1AA3693093236A3293079B022B0FFAA0
:104020008AF834D9069B002B31DD17F0040B06D03B
:1040300020461BF038FCB0FA80FB4FEA5B1B3B07C5
:104040000AD51322002120460BF092FE109018B9D9
:104050000AF1FF3A0FFA8AF8059B5F4603FB0BFA59
:10406000C345BFF669AFE36E03982A97013B28A9C1
:10407000BAFBF3F32B442F9331930DF0FAFB059B1E
:104080000BF1010B0FFA8BFB9A440137E8E74FF075
:10409000000BE1E7022B40F0E68010AF32464946C4
:1040A000384617F0C4FF00283FF460AF039B03F1CC
:1040B000180696E80F000DF1500C8CE80F0097E8F9
:1040C0000F0086E80F0020461BF0EDFB81462046DE
:1040D0001BF087FC804620460AF0D4FC824620462E
:1040E0000AF0E0FC049004F12C0019F0C1F8064637
:1040F00000283FF43BAF294620461BF067FB236FA7
:104100005F1E4FF4A02100FB17A72046B7FBF3F773
:104110001BF05CFB721E00FB12720790B2FBF6F6FE
:104120002046012EB8BF01261BF0B5FB8346204672
:10413000F1F73AFBA9EB000920460BF0A9F8A8EB30
:10414000000828A8F4F7E8FC039B2C9328AA4FF456
:10415000A021204609F0BFFD9DF8CF202F9965F3DF
:1041600003028DF8CF20FF22AAEB07038DF8C020B1
:10417000226A0593079B0A443344D9441B92C344E3
:104180000793A846236FAB4207D8039B03F118059A
:1041900014AB0FCB85E80F00E8E6626906982B9513
:1041A000012B18BF03F1FF3309EB020A1CBFB8FB58
:1041B000F3F39A4400232A9319F04DF8074608B305
:1041C0003B7C13F0010314D194F87420109912F081
:1041D000180F06EB0A0202F1FF3208BFFB68CDF8A8
:1041E00060A08A421A9209DA2A9B079A0133924404
:1041F0002A930698394619F034F8DFE71299226FAE
:104200008A4503DD059B01359844BBE73889B97AB7
:104210008DF8C310ADF8C1002B44B3FBF2F102FBE3
:10422000113C397C7A68049B52F82C20C1F30011B0
:1042300004EB8101486CC96C121A5A43091A92FBAB
:10424000F1F2A1699A1A0A445A4419927A6852F80A
:104250002C306FF000429342C6D0039818AA28A9C8
:104260000DF09CFBC0E7032B7FF480AE0CAD324613
:104270004946284617F0DBFE00283FF477AE96E863
:104280000F0010AF87E80F0095E80F0086E80F00D9
:1042900020461BF000FB064620461BF004FB0746A9
:1042A00020461BF09EFB054620460AF0EBFB0790DC
:1042B00020460AF0F7FB6369049020461F44F1F79B
:1042C00073FA37443B1A0593A36920461D440AF04C
:1042D000DFFF35442B1A18A808930DF0B0FA039BA2
:1042E0001C9318AA4FF4A02120460AF014F828A81D
:1042F000F4F712FC039B2C9328AA4FF400312046BC
:1043000009F0E9FC4FF4003120461BF058FA00EBAD
:10431000D0704FEA600802224FF4003120460BF0C3
:1043200027FD149000EBD070249B4610B045424608
:1043300003EBD371A8BF3246B2EB610FC2BF9DF849
:104340009D2042F004028DF89D20012B08BF9DF8AE
:104350009D3004F12C0004BF43F004038DF89D3020
:1043600018F07CFF6FF0004B0546002D3FF4FEADCA
:104370002F7C17F0010740F0C480AB68ADF88C309B
:104380001B0C8DF88E30AB7A2A89ADF8C1208DF8E0
:10439000C33094F8743013F0180F059B08BFEF6812
:1043A0001F9321936B68099753F827300A2B28D065
:1043B000297C2868079B0093C1F3C00104EB8101AD
:1043C0000023CA6D50F82700496D19F08CF8059B41
:1043D00018442190297C6868049B0093C1F3001164
:1043E00004EB81010023CA6C50F82700496C19F0D6
:1043F0007AF8049B181A089B184422904FF0000A80
:104400006FE04C4B21931846F7E7219A1F92229AAE
:104410002092099A5244B2FBF3F103FB11294FEAAF
:1044200089030A936B6853F82900584556D0297CB4
:10443000049B0093C1F3001104EB81010023CA6CBB
:10444000496C19F050F8049B181A089B18442290E4
:10445000297C2868079B0093C1F3C00104EB81010C
:104460000023CA6D50F82900496D19F03CF8059BEE
:1044700018442190BAF1000F26D01F9BA3EB08022D
:1044800043441693209B14929A1B3344159217931E
:104490006B6853F827205A4515D04FEA89029B587C
:1044A0005B4510D00AF1FF3703981B9718A90DF050
:1044B000E0F9B8F1000F06D02EB103982B9714AA9B
:1044C00028A90DF06BFA4F46236F013B9A4504D1A2
:1044D0006B680A9A9B585B4519D1B9460AF1010AE3
:1044E0004F46236F9A4590D31A9B01331A932A9B08
:1044F00001332A93039B03F1180710AB0FCB87E816
:104500000F002946069818F0B0FE05462DE7219BBE
:104510000398CDF8ACA0A3EB080243441693229B6A
:1045200014929A1B1592334414AA28A917930DF0DC
:1045300035FAD2E7010000E010B50E4BCB6291F8DE
:1045400030300C4643F0010381F830302046022120
:1045500009F046FA2046082109F042FA20464FF4B5
:10456000806109F03DFA20461021BDE8104008F0B6
:10457000EBBF00BFA59103002DE9F047434888B089
:104580000D460AF028F8012864D1284618F00BFCE3
:104590000646284618F003FC342E04465DD1284612
:1045A00018F005FC5A220746002120460BF0E0FBDC
:1045B0000546069016F0E5FC5C22064600212046E2
:1045C0000BF0D6FB5B2280460690002120460BF0C4
:1045D000CFFB4FF000096FF06042CDE90129069052
:1045E000CDF8008003462A46E16A06A819F067FD67
:1045F0004946152220460BF0BBFB1222814605904E
:104600004FF4003120460BF0B3FB13220546059012
:104610004FF4003120460BF0ABFB10228246059090
:104620004FF4003120460BF0A3FB11228046059089
:104630004FF4003120460BF09BFB3544069B55445C
:104640001D444D443D604644079B06449E42ACBF1A
:104650007E607B6008B0BDE8F0871B2E0ED1284637
:1046600018F0A5FB4FF400310546204609F01FFF66
:104670002B688342ACBF2B602860EBE71D2EE9D18D
:10468000284608B0BDE8F0471BF024BD4C4F03009E
:1046900010B501460348F0F70FF9044609F03AFA5D
:1046A000204610BD944F030038B5154A0023C1E9D8
:1046B0000C32C1E90E33C1E91033CB624FF6FF7300
:1046C0008B6491F84C3023F03F030C4643F03803E1
:1046D00081F84C3020464FF4806109F081F9094996
:1046E00020461BF07CFF20460CF090F8014606485F
:1046F000F0F7E2F8054609F00DFAE562EC6238BD24
:10470000BB910300BF910300704F0300806B024B0D
:10471000002808BF184670479E9403002DE9F04713
:10472000084688B0884618F03EFB202807461CD172
:10473000404618F034FB404618F031FBC46A40464E
:1047400009F070FFE26A00F11805EA4606461432E5
:104750002946504617F06BFC002873D15D4841464E
:1047600008B0BDE8F04709F036BF5A48414609F0A5
:1047700032FF01283FD1404618F011FB0B2FC66ACB
:10478000044641D1F6F7BAFD16F05DFC064690BB33
:10479000E46AF6F7B3FD054616F025FC04280CD1B3
:1047A000236C6364204608F037FF074608F0EDFBF2
:1047B00018B13146384608F083FB284616F013FC42
:1047C00001281BD104A9284616F020FC0599204693
:1047D0001BF0AAFEC4E9100020461CF071F9236BFF
:1047E00013B920460AF013FB236C049304AA232177
:1047F0002046F0F7BDF808B0BDE8F087284616F06F
:10480000F2FB0328E8D1DDE7012F59D1F6F776FD59
:1048100005460028EFD016F0E6FB01280CD104A9CC
:10482000284616F0F3FB059930461BF07DFEB06478
:1048300020460AF0ECFADEE7284616F0D4FB0328FF
:10484000D9D1ECE795E80F000DF1100989E80F00C8
:104850009AE80F0085E80F0094F84C309B0627D5A6
:10486000A26C236C9A4207D12123314620461BF0CB
:1048700003FE2123A26C12E03B46314620461BF08A
:10488000FBFDA26C3B46314620461BF085FD226CA9
:104890000123314620461BF0EFFD226C01233146F7
:1048A00020461BF079FD99E80F0085E80F0055E7D9
:1048B0003B46A26C314620461BF0DEFD3B46D9E765
:1048C0000C2F98D14FF6FF73B36408B0BDE8F047E2
:1048D0000AF09DBA704F030073B55D480E4609F0AB
:1048E0007AFE012822D1304618F05DFA054630469E
:1048F00018F055FA132D044612D108F08DFE08F079
:1049000044FB0546F6F7FAFC16F06DFB04280DD1C2
:10491000002D71D0204602B0BDE870401BF0D1BF21
:104920001D2D25D8102D03D80B2D72D002B070BDCF
:10493000113D0C2DFAD801A353F825F0A14901002F
:104940001D4A01002D490100FD490100FD490100FA
:104950002D4901002D4901002D4901002D4901007B
:104960002D4901002D4901002D490100434A010054
:10497000322D03D0342D06D0312DD7D102B0BDE871
:1049800070400AF0C2B8304618F011FA5A220546B3
:10499000002120460BF0ECF916F0F3FA6860C5E749
:1049A000304609F047FEA0F11203012B11D8204632
:1049B0001CF099F80028ADD0236CE26B01339342D0
:1049C000B4D223640121204602B0BDE870401BF040
:1049D0008BBC142804D00DD80A2815D01128A5D1D5
:1049E00020461CF080F8002894D0236C002B9DD02A
:1049F000013BE6E71B2899D1636C2364204602B093
:104A0000BDE870401CF05CB8F6F77EFC84428DD0A7
:104A1000204602B0BDE870401CF06EB81CF063F890
:104A200000283FF477AF304609F010FE236C18449D
:104A3000E36B013B9842A8BF184620EAE07020646F
:104A4000C0E7304602B0BDE870401BF038BE00BF82
:104A5000944F030038B591F8583023F07F030025B8
:104A600043F00303CD6281F8583008460C460AF043
:104A700003F8E06320460AF002F84FF48073C4E9BB
:104A8000123394F8583043F0800384F85830C4E966
:104A900010052A46294604F1340017F03AFE0C4A64
:104AA00004F15000114617F034FE94F859300922F1
:104AB00062F30303204684F85930022108F044FDD4
:104AC00020464FF48031BDE8384008F089BF00BF70
:104AD0003200002010B501460348EFF7EDFE044612
:104AE00009F018F8204610BDB84F03002DE9F04F2B
:104AF0000846ABB00D4618F056F929460646A948B7
:104B000009F069FD012814D1284618F048F905AFCD
:104B1000394604461CF042F8322E0DD194F8583034
:104B200003F00303022B40F08880E16A20461CF06A
:104B30002FFA2BB0BDE8F08F202E1DD8152EF8D9F6
:104B4000163E0A2EF5D801A353F826F0434C010077
:104B5000334B0100334B0100334B0100D34C0100B8
:104B6000914B0100334B0100D34C0100334B01004A
:104B7000334B0100D34C0100312E47D0342ED8D115
:104B8000284618F014F9E36B0360236C4360D0E708
:104B9000284618F00CF9636C05463BB9A36CB3F5D5
:104BA000807F03D1E36CB3F5807FC2D0204609F04B
:104BB00063FF8046204609F062FF0297B4F84C304C
:104BC0000193B4F8483000930246636C06464146B0
:104BD0000FA80CF0F1FC0F9A2B6852429A42B8BF12
:104BE0001A462A60109B5B429342B8BF13462B6063
:104BF0001199A1EB08019942B8BF19462960129B8F
:104C00009B1B8B42ACBF2B60296092E794F8592024
:104C10004FF4D04302F00F02D340DA0789D5204683
:104C20001CF032F9636C43B9A36CB3F5807F04D1F7
:104C3000E36CB3F5807F3FF47CAF204609F0A3FC22
:104C400077E7284618F0B3F805462046E66B09F0EA
:104C500013FF864238D12046266C09F010FF8642A9
:104C600032D1A36CB3F5807F05D1E36CB3F5807FBF
:104C700001D1636C43B3204609F0FEFE0646204690
:104C800009F0FDFE0297B4F84C300193B4F84830B7
:104C900000930246636C31460FA80CF08DFC6169ED
:104CA0000F9B0B440F93A269109B13441093119B0D
:104CB0000B441193129B13441293296800220FA8EE
:104CC00017F0F1F9287134E70FA920460AF052F9DC
:104CD000F3E7284618F067F80646284618F05FF80C
:104CE0001A2E044660D1284618F061F80378022B8A
:104CF00005463FF41EAF94F85800830702D5012300
:104D00002B7016E7C0F38400FAF72EF8014600284E
:104D1000F5D1442220460BF02BF80F90C0B2FF28AB
:104D2000EDD1626C002AEAD1A36CB3F5807F0ED17D
:104D3000E36CB3F5807F0AD104F11401686817F0C1
:104D400032FA0028DBD0236B002BD8D1F1E60BAF71
:104D5000394620461BF022FF204609F08DFE06460C
:104D6000204609F08CFE0297B4F84C300193B4F859
:104D7000483000930246002331460FA80CF01CFC7B
:104D800061690F9B0B440F93A269109B134410930E
:104D9000119B0B441193129B1344129300220FA9F1
:104DA000CCE700BFB84F03001D2E7FF4C2AE036CEA
:104DB000002B3FF4BEAEC36B002B3FF4BAAE836C46
:104DC000002B3FF4B6AEC36C002B3FF4B2AE2846C6
:104DD00009F028FC94F8583013F00206804640F0A1
:104DE000BE800FA8F3F7F0F808F1180731460FAAB4
:104DF0002046CDF84C8009F015FA97E80F000DF128
:104E00001C0A8AE80F0020A920461BF0C7FEA36CED
:104E10001C93E36C1D93636C1B9394F8582094F8D7
:104E20005930C2F3C012C3F3031343EA02139DF8CF
:104E30008D2022F01F0213438DF88D30236B2993B0
:104E4000E36A1693D4E90512206CE36B10440B441B
:104E5000013825AD013B0090284617F0B4F80C222C
:104E6000314620460AF084FF0B901A9094F859308E
:104E700003F00F02092A0BAE0CD8A36B0093636BEF
:104E8000294604F1140017F08FFA95E80F0086E820
:104E90000F005AE003F00F03A3F10D02012A26D8F8
:104EA000D4F848B0204609F0E7FDE36B5A46534377
:104EB00048BFFF33A0EB232000EBD0704FEA60091E
:104EC000204609F0DCFD236C5A46534348BFFF33AC
:104ED000A0EB232000EBD07042104946284617F083
:104EE00099F8D4E90D12284617F094F8CDE70C2B69
:104EF000CBD104F114023946384617F098F8D4E9BA
:104F00000D12284617F086F8D4E90F14D8F81C3093
:104F1000269A25989A1A631ED21AD8F8183092FB4E
:104F2000F4F21B1A481E1B1A624393FBF1F3284646
:104F3000594317F06FF897E80F0086E80F009DF8C7
:104F40008D3043F020038DF88D3032460FA9404656
:104F5000F3F714F99AE80F0087E80F00E9E503F08A
:104F60000303022B7FF4E5AD0FA8F3F7EBF90FAACB
:104F700000212046CDF84C8004F1140509F0E9F831
:104F8000E36A16932846E66B17F0AFFB864230D0F3
:104F900094F85930626B03F00F03012B38D80AB92B
:104FA000A36B03B300266FF06043CDE901361B9B72
:104FB000199A1699009307A81C9B19F080F8089B72
:104FC00000933246079B31460BA816F0FCFF94F87D
:104FD0005920A36B00932846636B02F00F020BA9C4
:104FE00017F0E2F90BAD2A460FA940460CF0FFFB83
:104FF0009FE52846266C17F07DFB94F85930626BCC
:10500000864203F00F03C8D112B9A26B002AEAD07E
:10501000092BE8D8C6E700BFF8B590F84D30174F18
:1050200013F00105044607D090F84C3057F82310D0
:10503000BDE8F8401AF066B9806B4000FAF7E2FC70
:1050400094F84C30A26B57F823100646520019F022
:105050002AFAB21E2B46A16B8B4208D3204631465A
:105060001AF050F93046BDE8F840FAF7E5BC32F8DE
:10507000021F21F4806111800133ECE72C01002034
:1050800010B5064B90F84C20044653F82210FEF75A
:105090001FF92046BDE81040FFF7BEBF54010020B5
:1050A00038B50C462046042108F04EFAB4F84C30CE
:1050B00023F4FF73002523F00103A4F84C302A46A3
:1050C0002B462046A564052109F086FC2B4607499E
:1050D0002322204609F095FA20462A4629460BF05D
:1050E0005CFB2046BDE83840FFF7CABFF150010025
:1050F00070B517F054FE04461AF07EF94FF6FF73B0
:105100009842014600F0D0802046FEF74FF9054650
:10511000002800F0C980654919F005FB58B9644BB7
:1051200084F84C0019682046FEF7D2F82046BDE806
:105130007040FFF771BF5F49284619F0F4FA28B9AB
:10514000012384F84C305A4B5968ECE75A492846F9
:1051500019F0E9FA28B9022384F84C30544B9968C5
:10516000E1E75649284619F0DEFA88B900222721DE
:105170002046EFF7FDFB012840F09680A06C002848
:1051800000F0928000222721BDE87040EFF7F0BBCD
:105190004B49284619F0C7FA0028E7D04949284664
:1051A00019F0C1FA024658B926212046EFF7E0FB74
:1051B000012879D1A06C002876D000222621E3E7CF
:1051C000A36C002B70D04049284619F0ACFA60B9A6
:1051D000A06C0A2103F082FDA06C1EF0DFF900280C
:1051E00062D0A06C00222621CEE73849284619F06B
:1051F0009AFA0028ECD03649284619F094FA20B9DA
:10520000A06CBDE870401EF046BA3249284619F03D
:105210008AFA20B9A06CBDE870401EF038BA2E4959
:10522000284619F080FA20B9A06CBDE870401EF045
:10523000D6B92A49284619F076FA064670BBA06C02
:105240001EF0A7F90546A06C1EF09AF903782D2BE5
:1052500010D10121A06C03F069FBA06C1EF0BFF916
:105260002B21A06C03F03AFD2946A06CBDE87040EC
:1052700003F05CBB2B2BA06C07D1012103F056FB84
:10528000A06C1EF0ACF92D21EBE7314603F04EFB8C
:105290002D21A06C03F022FD691CE6E7A06C2946D5
:1052A000BDE8704003F092BC70BD00BF00920300E7
:1052B0005401002004920300089203000B920300A3
:1052C0000F920300F98D030013920300199203005B
:1052D0006E8E0300728E03001D9203002192030064
:1052E00010B501460348EFF7E7FA044608F012FC50
:1052F000204610BD645203002DE9F04FC46A95B0FA
:10530000924609912246002106460AF062FE059067
:105310002078A8B9059BCAF80400022B09D0032BFA
:1053200002D1304609F0AEFBCAF8000015B0BDE866
:10533000F08F304609F0A6FB00EBD0704010F3E789
:1053400030461BF07FFF454B09991B6807462046F6
:105350009847804630461BF05DFF069030461BF0B4
:1053600061FF049030461BF065FF079015F009FEC1
:1053700010A90890304609F0A5FB10A817F0B5F960
:105380000A9010A817F0B6F9089A069B0B9003EB49
:1053900042030C93069B00251344AB460D93635DBB
:1053A0006019002B34D1A946B8F1000F0FD004EBDF
:1053B000080313F8013C0A2B01D00D2B07D114F878
:1053C000083023B9069B089A13449B4445462C4455
:1053D000049B079A0097A8EB0501204618F032FEBF
:1053E000099B059903979D421CBF049BC01810ABF5
:1053F0000293049B0193079B0F9000932246A9EB15
:1054000005030FA81BF08AFE0F9BCAE9003B8DE73E
:105410000C9B0B9A5B449A4208DA96F85C3003F0D6
:105420000F03012B04BF47F00407FFB200230193D1
:105430000A9B0093079A049B02974FF0FF31F9F7FC
:1054400043FE05EB0009C845AED314F80930002B24
:10545000AAD00D9B4D469B44A1E700BFB04D030071
:105460002DE9F04F97B00B6807930C4612220021EC
:1054700005460AF07DFC1022069012900021284675
:1054800064680AF075FC12A9231A12902846089342
:1054900009F018FB12A8D5F82C9017F026F90990FE
:1054A00012A817F027F90A9028461BF0C3FE82467F
:1054B00028461BF0AFFE044628461BF0B3FE0490BE
:1054C000504615F05EFD804628461BF0BBFE04EBFF
:1054D000080307460B93002619F8063009EB060B64
:1054E0000BB934462CE00B9B43440593059A0A9B69
:1054F000934208DA95F85C3003F00F03012B04BFE8
:1055000047F00407FFB200230193099B0093029721
:10551000049B52464FF0FF315846F9F7D5FD089BE2
:10552000434506EB00045EDC334B11941B6811A964
:10553000484698470A2803D019F8043003B90134C3
:105540004FF00008EA6ACDF83880414628460AF054
:1055500040FD12AB0293049B0397CDE900A30146E3
:10556000A31B5A460EA81BF0D9FD8DF83780CDF845
:105570003C805CB3DDE9062307F008079D1A0F9B0A
:105580003344A34222D20FAB11AA10A9584618F0F7
:1055900048FD47B10F9B0DF137001BF8031018F0C1
:1055A000CDFC0028EBD1DDE91012504615F0B6FC19
:1055B0000E9B1844854207DB0F9B9A19A24203D029
:1055C00009EB0802925D92B9CDF83C800B4B0F9924
:1055D0001D685846A847314604464846A847204417
:1055E00017B0BDE8F08FDDF81480264674E7049A02
:1055F00010440E909846C2E7B44D0300AC4D030032
:105600002DE9F047C36AA4B00446002B00F00981DD
:105610004FF0FF33836390F85C3043F0800380F8F1
:105620005C3008A909F04EFA08A817F05EF8814628
:1056300020461BF0FFFD064620461BF0EBFD07460B
:1056400020461BF0EFFD054620461BF0FBFD824681
:1056500020461BF0AEFDCDE9019A0DF11808009728
:105660003246E16A2B46404618F029FD98E80300CF
:1056700004F1600383E80300204609F046FA94F839
:105680005C2002F00F02022A40F0E2806622002134
:1056900020460AF06DFB67220C9007460021204649
:1056A0000AF066FB05460C9038B942F210724FF4CE
:1056B0009671282016F0BFFB05460CA8F9F76AF989
:1056C00021460CA816F0FBFB4FF0FF310CA816F09A
:1056D00011FC4FF496710CA816F00AFC1A990CA84C
:1056E00016F00AFC08A8DDF8188016F0FEFF8045C9
:1056F00055DD08A816F0F9FF069BA0EB030842460B
:1057000000210CA816F0E4FB9A490CA816F0D9FB6E
:1057100098492046F9F77CF900283DD090F85C6064
:10572000D0F83490C6F3400642460021284616F0D1
:10573000F9FB4845A8BF4846804619904EB19DF8F0
:105740008C30179A43F002038DF88C30159B179319
:10575000159229460CA816F0B6FB29460CA816F09F
:10576000C5FB3FB194F85C20394602F00F020CA84B
:105770001BF000FD0CA8F9F759FAB8F1000FBCBFF7
:105780000023636508A816F0B5FF7B492046F9F7AA
:105790001BF90023A36541E006468146C4E775492D
:1057A00020464FF00009F9F70FF9C4F8549008A803
:1057B000DDF81C8016F09EFF8045E6DD08A816F097
:1057C00099FF079BA0EB0308304615F0DAFB49462A
:1057D000A8EB00020CA816F07BFB67490CA816F09A
:1057E00070FB65492046F9F713F9189BE0B903EA05
:1057F000E373199329460CA816F065FB29460CA8FB
:1058000016F074FB3FB194F85C20394602F00F02A9
:105810000CA81BF0AFFC0CA8F9F708FA204609F019
:10582000F6FA24B0BDE8F08790F85C20416B99420D
:10583000D4BF199119939307DCD59DF88C30179A32
:1058400043F002038DF88C30159B17931592D1E726
:10585000032A40F093806622002120460AF088FA4D
:1058600067220C900746002120460AF081FA05467F
:105870000C9038B942F210724FF49671282016F04D
:10588000DAFA05460CA8F9F785F821460CA816F0B7
:1058900016FB4FF0FF310CA816F02CFB08A8DDF822
:1058A000188016F022FF804530DD20221146304658
:1058B00015F034FB069AA0EB8000821A00210CA898
:1058C00016F006FB2B490CA816F0FBFA29460CA88B
:1058D00016F0F9FA27492046F9F79AF8064600B17A
:1058E000466B179A1599284616F01CFBB042C8BFA4
:1058F00019963FB194F85C20394602F00F020CA8CB
:105900001BF038FC0CA8F9F791F93BE71949204640
:105910004FF00009F9F758F8C4F8549008A8DDF8DA
:105920001C8016F0E7FE80457FF72FAF079A3046C0
:10593000C2F1000815F025FB4946A8EB00020CA8AF
:1059400016F0C6FA0C490CA816F0BBFA29460CA8AA
:1059500016F0B9FA08492046F9F75AF8034600B19B
:10596000436B002F7FF44FAF189A9A42C8BF199328
:1059700051E700BFFF100300F9100300012A7FF474
:105980004DAF08A8DDF81C8016F0B4FE80457FF707
:1059900045AF3046DDF81C8015F0F3FA80457FF7FF
:1059A0003DAF264BE06A1B68984703287FF636AF69
:1059B00008A816F09AFE2E2211468046304615F0B1
:1059C000ADFA4319A3EB8303434408A80C9316F0E4
:1059D00091FE0546304615F0D4FA384495FBF0F8B0
:1059E00000FB1858304615F0CCFA8045A5EB0805A9
:1059F0001DDB304615F0C5FA054400220CA92046EF
:105A00000D95FFF72DFD0646E06A18F064FE0C4B7D
:105A100031461B680B4E0546E06A9847059005998C
:105A2000CB1C9D4205D320461BF0D9FBF6E6ED1BAF
:105A3000E3E73368E06A05A99847F0E7A84D03005B
:105A4000B04D0300B44D030038B505460C4611496E
:105A5000F8F7BAFF10492846F8F7B6FF002205F11B
:105A60005400114616F055FEA31E022B8CBF0023D6
:105A7000012304F00F0444EA831495F85C3023F00A
:105A80004F031C4385F85C402846BDE83840FFF7CB
:105A9000B7BD00BFFF100300F910030070B591F807
:105AA0005C300C4600254FF0FF3623F03F032A46BA
:105AB000CD624E6381F85C3004F15400294616F043
:105AC00028FE4FF6FF73C4E911332046C4E90F5591
:105AD000A663022107F038FD29462046FFF7B4FFF0
:105AE00020460249BDE870401BF0DDBB9D920300DB
:105AF0002DE9F04F5348ADB00E4608F06CFD01287B
:105B000040F09380304617F04EF90546304617F0C6
:105B100046F9A5F13103012B044604D82DB0BDE8A8
:105B2000F04FFFF76DBD1B2D0DD11BF083FB15F062
:105B300028FA011EB8BF0331891030462DB0BDE8E8
:105B4000F04F08F08FBD342D7ED190F95C30002BE2
:105B50005CDA1BF06FFB804620461BF063FB81463E
:105B600020461BF057FB94F85C30C3F340175A06ED
:105B700082464FEAC7074FF001024FF0000120466E
:105B800048BF47F001070AF0F3F86FF0404398422E
:105B9000119003D194F82B301B0749D5204608F00B
:105BA00071FF05460522002120460AF0E1F88542F2
:105BB000119006DB0522002120460AF0D9F805469F
:105BC00011902046D4F834B01BF0F3FACDE9015718
:105BD000CDF800A04B464246E16A04F14C0018F0B3
:105BE0006EFA594620461BF0FAFA07220021204699
:105BF000256D0AF0BDF8854211901CDA206D94F8ED
:105C00005C3020656FF3C71384F85C30304617F0C2
:105C1000CEF8E36C02689A42ACBF02600360236D69
:105C200042689A42ACBF426043602DB0BDE8F08F3D
:105C30006FF06045B6E70722002120460AF098F889
:105C40001190DCE7645203001D2DEED1304617F0B1
:105C5000A6F80446304608F0E5FC05A98046204633
:105C600008F030FF20461BF0EDFA054611A8F2F7C8
:105C700069FBE36A189394F85C309DF8A020C3F3A5
:105C8000001363F341028DF8A020636D1F93A36D91
:105C90002093D4E9180119AB83E8030094F85C3031
:105CA00003F00F03032B08D005A816F023FDB0F571
:105CB000806FA4BF04F1380329939DF89F30CDF87D
:105CC000548065F3C70311AA002120468DF89F3048
:105CD00008F03FFA9DF89D3013B901238DF89D30EF
:105CE000616C22914FF6FF73A26C2392994226D0E9
:105CF0009A4224D058224FF4802120460AF038F8E6
:105D00004FF480210246049020460AF065F81C22D8
:105D1000C0F307430D90ADF890004FF4802120466A
:105D20008DF892300AF024F8C0F30722C0F307433D
:105D30000D908DF893008DF894208DF895306122A8
:105D4000002120460AF014F8C0F30722C0F30743ED
:105D50000D908DF8A9008DF8AA2000216022204620
:105D60008DF8AB300AF004F85F220D908DF8A80092
:105D70000021204609F0FCFF2B9094F85C300D9038
:105D800003F00E03022B0DD19DF89D30023B012B39
:105D900008D805A8256E16F0A8FC8542C4BF0123CB
:105DA0008DF89D3008F1180509AF2A4605A9384637
:105DB00016F03DF900283FF438AF94F85C1011F06C
:105DC0000F0609D1204609F063FA3146424205A880
:105DD00016F020F9236A089394F85C3003F00E0261
:105DE000022A0DAE03D003F00F03042B4FD195E828
:105DF0000F0086E80F0097E80F0085E80F0005AA5E
:105E000011A940460BF0F3FC96E80F0085E80F005F
:105E100095E80F0086E80F0097E80F0085E80F006F
:105E200094F85C3003F00F03032B2BD105A8D4E9C1
:105E3000189716F05AFC814511DD636D1B982022DE
:105E40001146994415F06AF800EB400048441F9051
:105E5000A36D209305AA11A940460BF0C8FC05A824
:105E600016F048FC87420DDD636D1F93A36D1B98F0
:105E70001F4415F086F805AA074411A9404620974B
:105E80000BF0B5FC96E80F0085E80F00CDE605AAFB
:105E900011A940460BF0ABFCBAE700BFF8B590F88B
:105EA0005C30DB0604460D46174622D408F0AFFFEF
:105EB000E06A18F010FC0646384618F00CFC311861
:105EC0000131E06AF9F7C2FDE06290B14FF6FF736D
:105ED0009D4203D1074B1B6898470546E06A294657
:105EE0003A4618F044F820460021BDE8F8401BF07F
:105EF000DAB9F8BDA84D030070B50846A8B00D4644
:105F000016F051FFA0F11D03012B06460ED90648DD
:105F1000294608F060FB012840F0D981284628B0C6
:105F2000BDE8704016F03BBF88520300284616F0CB
:105F300036FF1D2E044640F0CA81284608F072FB49
:105F400005460CA8F2F7E8FD00210CAA20461095A2
:105F500007F0C1FE16F0F2FCC0F307239DF85220B3
:105F60008DF800008DF80130C0F307409DF85130E6
:105F70008DF802009DF8530043EA022343EA0040F3
:105F800016F0EFFD00990246E06A16F079FDC0F3C5
:105F900007238DF85100C0F307408DF852308DF87B
:105FA000530016F0CBFCC0F307238DF80400C0F3B8
:105FB00007408DF8060015988DF8053016F0D1FDD4
:105FC00001990246E06A16F05BFDC0F307238DF8E5
:105FD0005400C0F307408DF855308DF8560016F088
:105FE000ADFCC0F307239DF85A208DF808008DF80A
:105FF0000930C0F307409DF859308DF80A009DF82C
:106000005B0043EA022343EA004016F0AAFD02992E
:106010000246E06A16F034FDC0F307238DF85900FC
:10602000C0F307408DF85A308DF85B0016F086FCFF
:10603000C0F307239DF88A208DF80C008DF80D30F1
:10604000C0F307409DF889308DF80E009DF88B0055
:1060500043EA022343EA004016F083FD0399024617
:10606000E06A16F00DFDC0F307238DF88900C0F338
:1060700007408DF88A308DF88B0016F05FFCC0F376
:1060800007238DF81000C0F307408DF811308DF80C
:106090001200BDF86E309DF8700043EA004016F023
:1060A00060FD04990246E06A16F0EAFCC0F307239B
:1060B0008DF86E00C0F307408DF86F308DF87000DA
:1060C00016F03CFCC0F307238DF81400C0F3074022
:1060D0008DF815308DF81600BDF87A309DF87C00EB
:1060E00043EA004016F03DFD05990246E06A16F0CD
:1060F000C7FCC0F307238DF87A00C0F307408DF882
:106100007B308DF87C0016F019FCC0F307239DF856
:1061100052208DF818008DF81930C0F307409DF813
:1061200051308DF81A009DF85300069943EA022376
:1061300043EA004094F82F2016F0A2FCC0F3072396
:106140008DF85100C0F307408DF852308DF85300A0
:1061500016F0F4FBC0F307238DF81C00C0F30740D2
:106160008DF81D308DF81E0094F82F200799159892
:1061700016F086FCC0F307238DF85400C0F30740E7
:106180008DF855308DF8560016F0D8FBC0F3072374
:106190009DF85A208DF820008DF82130C0F307407B
:1061A0009DF859308DF822009DF85B00089943EA6C
:1061B000022343EA004094F82F2016F061FCC0F35C
:1061C00007238DF85900C0F307408DF85A308DF839
:1061D0005B0016F0B3FB8DF82400C0F30723C0F377
:1061E00007408DF825308DF82600BDF86E309DF8FB
:1061F000700094F82F20099943EA004016F040FC03
:10620000C0F307238DF86E00C0F307408DF86F30A0
:106210008DF8700016F092FBC0F307239DF88A20DA
:106220008DF828008DF82930C0F307409DF889309B
:106230008DF82A009DF88B000A9943EA022343EA6D
:10624000004094F82F2016F01BFCC0F307238DF8B4
:106250008900C0F307408DF88A308DF88B0016F066
:106260006DFB8DF82C00C0F30723C0F307408DF8B9
:106270002D308DF82E00BDF87A309DF87C0094F812
:106280002F200B9943EA004016F0FAFB8DF87A00B4
:10629000C0F30723C0F307408DF87C008DF87B30F6
:1062A00094F82F30239A2699503B5343AF2293FB07
:1062B000F2F3239394F82F30503B4B43284693FB43
:1062C000F2F30CA904F1140226930BF067FB28B03B
:1062D00070BD00BF2DE9F04F644897B00D4608F03F
:1062E0007AF9012816D1284616F05DFD06462846A3
:1062F00016F055FD1B2E04460FD14822002109F04F
:1063000037FD04460690284616F051FD0368A34267
:1063100000DA046017B0BDE8F08F342E34D1036B7F
:10632000002BF7D0C36A002BF4D0284616F03FFDAF
:106330000023276B1A4619466FF06046BB4202D114
:10634000C0E90012E6E7E56A05EBC30C55F83350E7
:1063500005F0C04EBEF1005F03D125F0C04EB6453A
:1063600002D1A942B8BF2946DCF8045005F0C04C60
:10637000BCF1005F03D125F0C04CB44502D1AA4264
:10638000B8BF2A460133D9E71D2EC3D1284608F0ED
:1063900049F9236B8146002BBCD0E36A002BB9D0AE
:1063A00002A9204608F026FB2046029D08F066FF61
:1063B000A5EB000A2046039D08F065FFA5EB000849
:1063C00006A80BF03CFA06AA00212046CDF828903A
:1063D00007F0A1FF0027236B013B9F429AD2204682
:1063E00008F04AFB8346204608F049FBE36A009325
:1063F0000546FA0053F837000192594603EBC706E9
:106400001BF0B1F850440D90706829461BF0ABF8B2
:10641000019A009B0E90064602F108001A18594690
:10642000185800921BF09FF8009A50440F9029468C
:1064300050681BF098F894F83430DB0747BFAE1B68
:106440002D1A08EB0005464444BF4644454406A9BE
:1064500048460E9610950BF00CFA9DF855306FF3E8
:10646000000301378DF85530B5E700BFAC5203008B
:106470002DE9F0410C462046012108F0A2FA204601
:10648000002115F025F994F86A30414F23F01F03DD
:10649000002584F86A30042104F15C00A4F86850F7
:1064A00016F031FE2046EEF7F9F90121E06207F01F
:1064B00097FA2146C4E9135565646565A5643548B6
:1064C000EEF7FAF9064607F025FB3946304608F0A4
:1064D0003FFA3046012115F01FF93046012115F031
:1064E000F7F830464FF4804107F07AFA304602213F
:1064F00007F02AF8314626632748EEF7DDF906460D
:1065000007F008FB6FF040423946304608F037FA92
:106510002946304615F0DCF802231A462946304653
:1065200015F0E2F83046022107F00EF84FF48041F2
:10653000304607F055FAA6633046FCF71BFC2346AD
:106540000A220646154908F05CF830464FF48041AF
:1065500007F046FA2946304615F0BAF8E6633046A9
:10656000FEF7B8FA0E491AF013FDA06BFEF7B8FE5D
:106570000121064607F034FA26646563A5652346C3
:1065800020460849BDE8F041232208F03AB800BF90
:106590006400002084530300605303000F180300BD
:1065A0006E8E0300011603002DE9F04F9BB00646E6
:1065B00001911BF07DF9054600285AD01AF071FEB2
:1065C00000210246284609F004FD022854D0032881
:1065D0005ED00021284608F06BF9002130461BF000
:1065E00060F9804630461BF066F98146404614F05B
:1065F000C8FC8346304608F055FA6722074600215A
:10660000304609F0B5FB019B029080464FEAD77AED
:106610004FEADB74D944002B43D0002841D05C44BE
:10662000336BBA446410C4EB6A0403FB194402A838
:10663000F8F7B0F9294602A815F041FC264902A84E
:1066400015F03FFC284608F0F1F92246014602A861
:1066500015F03EFC414602A815F035FC1F4902A882
:1066600015F040FC02A81E4915F038FC02A8F8F706
:10667000DDFA1BB0BDE8F08F304608F003FA04469F
:10668000284608F0F9F9231A03EBD3735910A1E750
:10669000304608F0F7F90446284608F0EDF9211ACB
:1066A00098E730465C441BF045F9BA44336B6410FC
:1066B000C4EB6A0403FB1944019B13B1B8F1000F4A
:1066C000B5D105492846F8F77FF9214628461BB081
:1066D000BDE8F04F08F003B99F180300B11903009B
:1066E00079BE02002DE9F0430846B1B00C4616F021
:1066F0005AFB1D2805467ED1204616F050FB204649
:1067000016F04DFB05460AF089F80646204607F0CC
:1067100089FF814615A8F1F715FE304615AA00211C
:10672000CDF8649007F015FD28461AF004FF002804
:1067300040F08D8009F1180494E80F0001AF0DF1CD
:10674000140887E80F0006F114022146404615F0B0
:106750006EFC002878D098E80F0084E80F003046DF
:1067600009A91BF0B0F86B690D93AB690E930DAEE0
:10677000EB690F9332460A9B10932146304615F081
:1067800056FCB8B194E80F000DF1440888E80F00FA
:1067900096E80F0084E80F0028461AF082FD05F104
:1067A00014021C9015A948460BF021F898E80F0038
:1067B00084E80F006B690D930C9B0E93EB690F93AC
:1067C00032462B6A10932146304615F030FC68B1F2
:1067D00096E80F0084E80F0028461AF062FD05F1E4
:1067E00014021C9015A948460BF001F897E80F0019
:1067F00084E80F0028E01948214607F0ECFE012844
:1068000022D1204616F0CBFA1B2D064609D0312D99
:106810001AD10AF003F8002131B0BDE8F043FFF7C8
:10682000C3BE204616F0C3FA0546304609F0F6FF0F
:106830001BF0EDF90446304608F01EF92B68241AC7
:10684000A342ACBF2B602C6031B0BDE8F0839DF853
:10685000AF3043F040038DF8AF306BE77C55030059
:1068600038B591F83C300C466FF30103002581F8F0
:106870003C30C1E90B554D632046102106F064FE03
:1068800020464FF4007106F05FFE21460548EEF702
:1068900013F807F03FF92A4620460349BDE838407F
:1068A0001BF0DCB97C550300A39303002DE9F04FE6
:1068B000BF4885B00E4607F08EFE012811D1304644
:1068C00016F071FA0546304616F069FA342D044682
:1068D0000AD1304616F06BFA054620461BF097F9B0
:1068E000286005B0BDE8F08F202D47D8002DF8D0E6
:1068F000013D1F2DF5D801A353F825F0AB69010028
:10690000E1690100276A0100E3680100E368010012
:10691000E3680100E3680100E3680100E368010047
:10692000CD690100276A0100E3680100E368010006
:10693000E3680100E3680100E3680100BD6B01004A
:10694000076C0100776B0100AB6B0100E36801008D
:10695000E3680100E3680100E3680100E368010007
:10696000E36801002F6C0100E36801003D6C010049
:10697000E3680100E36801003D6C0100312D0ED099
:10698000322DAED11AF094FF18B100222946EDF74E
:10699000EFFF204608F0B9F80021204600E0002172
:1069A00005B0BDE8F04FFFF7FFBDC36A012B98D9D2
:1069B00090F83C306FF3820380F83C301AF078FF97
:1069C0007C4905B0BDE8F04FF7F7FEBF90F83C30CA
:1069D0005B0786D5304605B0BDE8F04F16F0EBB941
:1069E000C36A012B7FF67DAFF4F788FC02A914F08F
:1069F00034FB02A920461BF0BCF8039B002B3FF49C
:106A000070AF20461AF054FF054608F02DF80399A0
:106A10000144284607F063FF94F83C3043F0040338
:106A200084F83C305DE7C36A012B7FF65AAF1AF059
:106A30003FFF064600283FF454AFF4F75FFC804662
:106A400014F0D1FA04280DD1236B6363204606F0BD
:106A5000E3FD054606F099FA40B10021284606F00C
:106A60002FFA03E0022801D1236B6363404614F040
:106A7000BAFA012802AF37D194F83C5015F004055A
:106A80003FD0002120461AF00CFF054620461AF0A0
:106A900012FF8146284614F074FAA569236A8144DE
:106AA000D8E918015B1B87E8030003EBD373394671
:106AB000204605EB63051BF05CF898F82510039B56
:106AC0000022C1F164016420002B4FD1B3691A4444
:106AD000E36AAD1A95FBF9F525EAE5759D42A8BF75
:106AE00003F1FF352DB229E0404614F07CFA03286B
:106AF000C2D0236B02933A4623212046EDF738FF9C
:106B0000EFE64046394614F081FAB269039BDFF89C
:106B1000A8B09B1A03937269029B39469B1A3046B0
:106B200001220293FEF79CFC804630461AF0B9FB26
:106B3000AA4606460195A946D04507D1002DD8DBC7
:106B40000122294620461BF010F9D2E7DBF800307D
:106B500001A9304698470A2803D1C8451CBF6B1CC1
:106B60001DB2DDF804900AF1010AE5E71A444B432F
:106B700093FBF0F3A8E706F04FFD0546F4F7BEFBE4
:106B800014F031FA04280DD1284606F0FEF9226BE4
:106B900008B16263A5E6636B9A423FF4A2AE236339
:106BA0000121FAE6236B63639BE6D0E90C23F3E74C
:106BB000A05503009F180300B84D0300C36A012BC2
:106BC0007FF68FAE304607F035FDA0F11203012BA2
:106BD00008D8216BE36A01319942BFF482AE656B3C
:106BE00001220BE0142802D011287FF47AAE216B29
:106BF00000293FF476AE656B0122013920461BF077
:106C0000B4F865636DE6C36A012B7FF66AAE304661
:106C100007F01CFDD4E90B13013918448142A8BFC9
:106C2000014621EAE17199423FF45BAED7E71AF0E1
:106C30003FFE05B0BDE8F04F07F0A5BC304605B0FB
:106C4000BDE8F04F1AF0BCBE2DE9F04F85B0B0F8AA
:106C50004870036C0293C7F30E07436CDFF89890FB
:106C600003930646002507F1FF3BBD4202D305B062
:106C7000BDE8F08FB36C19EA030408D0C3F3CE3338
:106C8000B5FBF3F403FB1454B4FA84F46409039BD6
:106C900000935A46029B0021284616F024FC06F178
:106CA0002C0A8046504616F0D9FA014608B901353B
:106CB000DBE7CB6843451ADC0B69434517DB4B69BF
:106CC000FF2B01BF91F834304D6164F3000381F86C
:106CD00034308B69FF2B07D191F834308D6164F328
:106CE000410381F8343002E04B69AB42F4D15046A5
:106CF00016F0BBFAD9E700BF0080FF3F10B50C4685
:106D000004F12C00382116F0FEF9012384F83C3000
:106D100064220023C4E910320B4AA26494F84C2088
:106D2000236663F3000284F84C204FF487718722B6
:106D3000C4E91412C4E91633A36320461021BDE848
:106D4000104006F001BC00BF0B8002402DE9F04F5F
:106D5000B0F84890C9F30E09B9F1010FA7B0044685
:106D60006DD990F83C30102B69D0082B67D006A85D
:106D70000AF065FD06AA4FF40031204607F0CBFA71
:106D800016A80AF05CFD16AA4FF4A021204607F0D1
:106D9000C2FA0027A36C684A12EA030608D0C3F3BC
:106DA000CE33B7FBF3F603FB1676B6FA86F6760912
:106DB000636C0093236C09F1FF320021384616F012
:106DC00092FB04F12C0A80465046354616F046FAEE
:106DD000834680B1DBF80C30434539DCDBF81030FA
:106DE000434535DB76B3DBF804204FF4003306A9C6
:106DF00020461BF0E5F804AB00932A4602AB394667
:106E000020461BF03AFBB4F84820129B2299C2F3AB
:106E10000E02002E08BF0B46BA422AD02FB994F8B2
:106E20003C20082A01D0102A2FD1504616F016FA1D
:106E30005FFA87FB054675BB0137B945AAD827B06D
:106E4000BDE8F08FDBF808204FF4A02316A9CFE7A8
:106E500006AA20464FF4003107F05DFA204616AA34
:106E60004FF4A02107F057FA5946504616F0FDF9A5
:106E7000AEE794F83C20082AD7D0102AD5D0022AB1
:106E800001D0042A05D1E365CFE7022A01D0042A04
:106E9000F9D12366C9E7EB6898450BDB2B69984568
:106EA00008DC002E3ED06A684FF4003306A9204665
:106EB0001BF086F86B695B4515D195F83430DDE938
:106EC0000201DB074CBF129B229B05F1240282E8E2
:106ED0000300D80706D594F83C20022A01D0042AE2
:106EE00025D10133EB61AB695B4515D195F83430A1
:106EF000990702A903C94CBF129B229B05F12C02E2
:106F000082E80300DA0706D594F83C20022A01D073
:106F1000042A0ED1013B2B622946504616F0A5F9F2
:106F2000054688E7AA684FF4A02316A9BFE7013BEE
:106F3000D8E70133EFE700BF0080FF3F2DE9F04FB6
:106F40000446ADF5037D0846059107F06BFBB4F8E8
:106F50004830C3F30E03012B06463DD94CA8F1F788
:106F6000F1F94CAA4FF400312046509607F0F1F8A1
:106F70001CA80AF064FC1CAA4FF40031204620969D
:106F800007F0C9F994F83C30102B01D0082B05D13B
:106F90009DF8AD306FF382038DF8AD302CA80AF068
:106FA0004EFC2CAA4FF4A0212046309607F0B3F9EE
:106FB0003CA80AF044FC3CAA00212046409607F079
:106FC000AAF9B4F848304FF0000AC3F30E03049353
:106FD0005546049B9D4203DB0DF5037DBDE8F08F14
:106FE000A36CA94A12EA03090CD0C3F3CE33B5FB54
:106FF000F3F203FB1253002B40F095800AF1010AD3
:107000004FF00109636C049A0093236C013A00214C
:10701000284616F068FA04F12C0BCDE94E50804654
:107020005846509616F01AF90746002842D0FB68D9
:10703000434500F3C3803B694345C0F2BF80B9F1CB
:10704000000F00F0B680D7F804B0BBF1000F00F0DD
:107050008A8017AA5821584616F0AFFC012865D13E
:10706000179BADF85C311B0C17AA592158468DF8B7
:107070005E3116F0A2FC012864D19DF85C008DF809
:10708000880117AA5B21584616F097FC012862D1A7
:107090001798599017AA5A21584616F08EFC0128C5
:1070A0007FD1179856907A684FF400331CA9204678
:1070B0001AF086FF0DF1340B0BABCDF800B04A4649
:1070C000294620461BF0D9F994F84B305F0640F171
:1070D000BE81B9F1000F00F0BE81059807F0A2FA59
:1070E00017AF4FF0000902901022C7F800904946F0
:1070F00018A81CF033FFA26B002A00F0B980A16D24
:107100001FFA8AF38B4270DC03F18043013B52F893
:107110002330002B69D053939DF88C3169F3000321
:107120008DF88C3163E04FF000096BE758224FF483
:107130000031204608F01CFE6790C0F30743ADF80D
:107140005C0191E759224FF40031204608F010FE0F
:107150006790C0B293E75B224FF40031204608F0FD
:1071600007FE679095E758224FF40031204608F05B
:10717000FFFD5922C0F307436790ADF85C014FF45F
:10718000003120468DF85E3108F0F2FD5B226790F9
:107190008DF888014FF40031204608F0E9FD679032
:1071A00059905A224FF40031204608F0E1FD6790D3
:1071B00078E7BA684FF4A0232CA978E74CAA2046B8
:1071C0004FF4003106F0C5FF1CAA20464FF40031F1
:1071D00007F0A1F820462CAA4FF4A02107F09BF855
:1071E0003946584616F041F81EE7002353936C22A7
:1071F0004FF40031204608F0BBFD6D2267904FF43C
:1072000000310746204608F0B3FD702203906790D6
:107210004FF40031204608F0ABFD94F83C30679005
:10722000022B814600F0AE80082B33D030D8012BE2
:1072300040F2A880042B00F0A58008AF0BA93846C7
:1072400015F062FA97E8030023AB83E803000DA969
:10725000384615F059FA97E80300CDE91E5825ABDA
:1072600083E803001CA930460AF003FB0135B0E6B1
:107270004346064A14213846F8F7A2FB9DF88C31A4
:10728000539743F001034BE70080FF3F4A8E030012
:10729000102BD2D177224FF40031204608F068FD40
:1072A0000E22069067904FF40031204608F060FDF2
:1072B00067A9679000F10F0B204607F003FC67A851
:1072C00015F013FA079067A815F014FA079A00EB67
:1072D000D070431002EBD272B3EB620F67A840F399
:1072E000968015F002FA679A00EBD07043101A44AA
:1072F0000F92689A07931A4410924FF400310322B8
:10730000204608F035FD216DB4F84820069B139007
:107310004FF00A0C6943C2F30E02013A0CFB01F173
:10732000B1FBF2F1626D0CFB03110CFB021194F83E
:107330003C20079B082A6DD1181A599B5B44C01A40
:107340000F9A17440744109A03981197024419F4AE
:10735000801F0FAB1292C9F3120703D019F4002F4C
:107360000F4462D10022CDE900324FF480731A46F7
:1073700011A815F0ACF913AB11AA4CA920461AF0CC
:1073800081FD10E0DBF80030039A3B446793DBF8A3
:1073900004301344689367AA13AB4CA920461AF033
:1073A00071FDC9F31207002F13AA4BDD10210298BB
:1073B0000AF0D9F813AA4CA903900AF018FA13A8F6
:1073C00015F093F9814613A815F094F9834667A840
:1073D000F0F7FAFD039B6E9309EBD9735B100BEB8F
:1073E000DB7B7893029873974FEA6B0313AA67A924
:1073F0007993F0F777FE9DF88C31DA077FF51DAFB2
:10740000002262F3000353928DF88C3115E715F0DA
:1074100071F968E7102A01BF599A1B185A44D0180D
:1074200018BF00208CE7A7F56167B7F5616FFADC3C
:107430006FF46170381840F2DA52904298BF07F545
:10744000E1678FE702984CA90AF0D1F9D3E7B9F1C7
:10745000000F7FF4F2AE08AF0BA9384615F054F9CF
:1074600097E8030033AB83E803005946384615F02C
:107470004BF997E8030035AB83E80300CDE92E58BC
:107480002CA9F0E670B51F480D4607F0A4F80128B6
:1074900026D1284615F087FC0646284615F07FFCC5
:1074A0001D2E044616D190F94B30002B18DBFFF748
:1074B000CBFB2046FFF74AFC94F84C30DB0729460B
:1074C00020460ED51AF0D6FD29462046BDE870406C
:1074D000FFF734BD202E0CD190F94B30002BE6DBAA
:1074E00070BDFFF72BFD29462046BDE870401AF01D
:1074F000C1BD1B2EF4D128466421BDE8704007F0C1
:10750000B1B800BFC45503002DE9F04FC54887B09E
:107510000E4607F060F8012846D1304615F043FCCE
:107520000546304615F03BFC04461BF0B3F9162D1A
:1075300007463CD1304615F03AFCA568804605B1B7
:10754000AD6AD4F884300293D4F888300393D4F829
:107550008C300493D4F8903005932A46294602A82B
:1075600014F04BFDD8F80010002202A814F09BFD87
:10757000064688F80400B8B9022F15D1636F02934C
:10758000A36F0393E36F0493D4F8803005932A46E6
:10759000294602A814F031FDD8F80010324602A89E
:1075A00014F081FD88F8040007B0BDE8F08F1D2DB0
:1075B00040D8102D1ED8013D0A2DF5D80A2DF3D83C
:1075C00001A353F825F000BF637601008176010026
:1075D0008F760100A9750100A9750100A975010048
:1075E000A9750100A9750100A9750100A97501001F
:1075F0008F760100113D0C2DD6D801A353F825F04C
:10760000297801008D78010025770100A975010016
:10761000A9750100A9750100A9750100A9750100EE
:10762000A9750100A975010051770100A975010034
:10763000B3780100312DB7D120461BF0B6F80028F1
:107640007ED04FF40071204606F0CAF94FF48071E5
:10765000204605F079FF204607B0BDE8F04F06F060
:1076600092BF04F19405F3F749FE294613F0CEFCCE
:1076700003222946204607B0BDE8F04F07F0CEBAF6
:107680000121204607B0BDE8F04F1BF00DB90021E5
:1076900020461BF009F994F8A03000266FF3000390
:1076A00084F8A0302046C4F89C6007F0B0FB204668
:1076B00005F0B2FF054605F068FC0746F3F71EFE2D
:1076C00013F091FC04281BD1002F3FF46DAF20462E
:1076D0001BF0E0F802280CD194F8A030980704D4ED
:1076E00043F0020384F8A0305EE766F3410384F8B8
:1076F000A0303146284607B0BDE8F04F05F0E0BBAA
:1077000001287FF451AF20461BF04FF838B14FF4F9
:107710000071204607B0BDE8F04F06F061B94FF4A4
:107720008071F6E7F3F7EAFD13F05DFC042802D060
:1077300002287FF439AF94F8A0306FF34103D1E70A
:107740004FF48071204606F04BF94FF400717FE74B
:1077500012224FF44031204608F00AFB1322029017
:107760004FF440318246204608F002FB102202907E
:107770004FF440310746204608F0FAFA11220290F1
:107780004FF440318146204608F0F2FA6A22029016
:107790004FF440318046204608F0EAFA6B22054655
:1077A0004FF440310290204608F0E2FACDE90100A2
:1077B000204607F061F94FEA450B00EB45052046EE
:1077C00007F05DF9019A00EB420085424FEA42035F
:1077D0001FDA204607F050F983444FEA6B03574500
:1077E000B8BF57464F45B8BF4F464745ACBFDB19FA
:1077F00043444FF4403120469D1C06F058FE05449A
:10780000304615F0D4FA0368AB42ACBF03600560A4
:10781000CAE62046019307F032F9019B03445B104E
:10782000DDE700BFE8550300304606F003FF20F017
:107830000203112B13D194F8A0309907204633D4BA
:1078400017F0FFFB01228118204617F092FB00225F
:107850002321204607B0BDE8F04FEDF789B8142882
:1078600002D012287FF4A0AE94F8A0309A072046E8
:1078700004D417F0E6FB0122411EE5E717F0E7FB11
:107880000122411E204617F0BDFBE0E7304606F01E
:10789000DDFE94F8A0309B070546204604D417F07F
:1078A000D0FB01222918CFE717F0D1FB0122811864
:1078B000E8E7304607B0BDE8F04F1BF05FB900BF06
:1078C00008B540F20470F8F79DF8024BC3F8CC01FC
:1078D00008BD00BFFC4700202DE9F04304468BB0F3
:1078E00000260E22314606A805961CF037FBE26FF3
:1078F000636FB24241DAB342B4BF2D222B228DF81E
:1079000014200DF11505002B01AF2F4AB8BF5B42C3
:107910000E213846F8F754F8384616F0DCFE94F895
:10792000849009F00F09B9EB0002C84628D194F8F9
:1079300084200F2A01D94FEA1218384600239845AF
:1079400002DD10F8011B51BB0F2A2CD805A92046D7
:1079500001F03CFA94F88410D4F8803001F00F0163
:107960000A22092B2BDC414588BF0131891B2046A7
:1079700000F0DCFF0BB0BDE8F083012605ADC2E7E7
:107980003B18002806DA22EAE272302138461CF061
:10799000E5FACCE7197899540138013BF1E705F88D
:1079A000011B0133CBE72E2205F8012B9945CDDDD4
:1079B000FA5C002ACAD005F8012B0133F6E7013939
:1079C00093FBF2F3CDE700BF4A8E030038B5114BAD
:1079D0000022C1E91D23104B0125C1E91F35B1F873
:1079E000843023F4FF6323F0070343F480630C46E1
:1079F00043F00503A1F88430204629461BF08AFD98
:107A0000204629461BF07FFD2046BDE83840FFF7A1
:107A100063BF00BF9F8601006179FEFF70B55648C5
:107A20000D4606F0D8FD012840F0A580284615F047
:107A3000BAF90646284615F0B2F90B2E044676D15F
:107A4000F3F75CFC13F0CFFA042834D1204605F09C
:107A5000E3FD05F09AFA70B394F8842002F00F0267
:107A6000012A40F2888094F88530D4F8805003F0E1
:107A70000603042B12D1012D04DD2046BDE8704021
:107A80001BF023B9023A0A20002115F014FDC4F8B6
:107A900080002046BDE870401BF023B9013A0A205F
:107AA000002115F008FDEB1785428B41F1DB0A231D
:107AB000C4F88030E1E720461BF062FD054616F071
:107AC0000AFEE36CEA5C2E2A20D120461BF0E3FD7F
:107AD000E26C94F88430B2EB131F03D90F2B88BFEC
:107AE00002F1FF3203F00F03013B9B1AE26F002A01
:107AF000B8BF0133012200210A20994214D1C4F8F1
:107B000080202046BDE87040FFF7E6BE984204D1D1
:107B1000411E204600F00AFFDAE7002BD8D1E36FC0
:107B2000002BD5DA0121F4E742430131E5E7112EBC
:107B300021D1F3F7E3FB13F056FA0646284615F079
:107B400036F901681329204605D1042E96D1BDE8E7
:107B500070401BF0D8B8142905D1042E9AD1BDE885
:107B600070401BF0F0B81129F1D01229F7D0BDE810
:107B7000704001F0B3B870BD0C56030070B50E46EE
:107B80009AB0002115460446F6F71EFF02A8F6F744
:107B900001FF214602A814F092F902A81E4914F030
:107BA00090F902A84FF0FF3114F0A4F9314602A871
:107BB00014F089F905F5B472294602A814F088F981
:107BC00002A8F7F733F802A8144914F087F94FF424
:107BD0008063009302A8002340F251224FF4D77132
:107BE00014F095F94FF4B47202A8002114F070F962
:107BF0000B4902A814F065F902A8F7F717F84FF43B
:107C0000B4722046002117F05FF94FF487712046C7
:107C100017F066F91AB070BD892D0300A1BE0200ED
:107C2000852D03002DE9F041534898B00E4606F02B
:107C3000D2FC012849D1304615F0B5F8044630464B
:107C400015F0ADF81B2C054648D112224FF44031F7
:107C500008F08EF81322804600904FF440312846F9
:107C600008F086F81022044600904FF44031284670
:107C700008F07EF81122074600904FF44031284664
:107C800008F076F84445B8BF4446BC42B8BF3C460D
:107C90008442B8BF04464FF440310090284606F0B5
:107CA00006FC02340444304615F081F803689C4217
:107CB000B8BF1C46046006464FF40031284606F063
:107CC000F6FB844204DD3068306018B0BDE8F08116
:107CD0004FF40031284606F0EAFBF5E7232C42D1A9
:107CE0006722002108F044F80746009098B3284620
:107CF00005F08AFCEC6A631C00F0010631D1002E0D
:107D000008BF4FF480744FEA062618BF00240021F4
:107D10002846F6F759FE6846F6F73CFE29466846BF
:107D200014F0CDF81549684614F0CBF832462146D8
:107D3000684614F0CDF81249684614F0D3F8A11B38
:107D40000029B8BF494279436846090A14F0BBF8D4
:107D50006846F6F76BFF284618B0BDE8F04107F01B
:107D600056B83602D3E71D2CAFD1304618B0BDE867
:107D7000F0411BF040B800BF54560300B52D03007E
:107D8000A92D03002DE9F04FADF51B7D054615F03B
:107D900006F80446284606F045FC14AE00F1180724
:107DA00005463A4604F11401304614F040F9002823
:107DB00079D097E80F000DF1600C8CE80F0096E881
:107DC0000F0087E80F0030220021204607F0D0FF87
:107DD000002104907E9020461BF0EFF811220890BD
:107DE0000021204607F0C4FF00210D907E90204620
:107DF0001BF0D5F80021099020461BF0D7F8238D01
:107E0000A26A0B93A74B0A90134043F40023A3628A
:107E100062A8F0F781FE62AA4FF4A0212046669581
:107E200005F059FF2CA8F0F78DFA4FF4A0212CAAE9
:107E30002046309506F08DF90B9B238594F82A3067
:107E4000089A6FF3C30384F82A30A36920461344C9
:107E50005F1E07F018FA049B3F1A1F441F97204625
:107E600000271C971E9707F009FA27220C90394625
:107E7000204607F07DFFC3B27E900793BB46236B7D
:107E8000BB420BD9A36B53F827201F9B01339918D2
:107E900001391F91F1681D938B4208DD18AB0FCBA0
:107EA000183585E80F000DF51B7DBDE8F08F079BA9
:107EB000012B0FD10A99E3695B1A0C99013B5B1AFC
:107EC00004995B1A1C9302EBD27253100E934FF07D
:107ED00000094CE0099963690B440C99013B5B1A5A
:107EE00004990B441E93EEE74FEA8B030593636BF3
:107EF00003EB8B0253F82B3083B193F800A0079B60
:107F0000E16B012B0CD11C9B013B1E9351F8290006
:107F10001B1A01331C9309F101081EE09A46EEE793
:107F20001E9B01331C9351F829000344013B1E930F
:107F3000F1E752F8043B93B11B78D8070FD50798A7
:107F400051F8283001280BBF1C981E98C01A1B1826
:107F50000CBF1C901E9308F10108C445E9D1A8EBA1
:107F600009031F9A9B4473689A4206DAC146D4F803
:107F70002CC0CC45B8D8013781E79DF8D1311E9887
:107F8000DDF870E0DDF874C0CDF880E003F01F018B
:107F90005B07CDE92202CDF884C006910AD563695A
:107FA00009990B447345BFBF739B03EBD373AEEBCF
:107FB00063032093069B99070AD5A36908990B448C
:107FC0006345BFBF739B03EBD373ACEB6303219398
:107FD000069B1B070ED5E3690A995B1A013B834296
:107FE00008DD739B03EBD37C03F0010303EB6C030D
:107FF00003442293069BD9070ED5236A0D995B1A79
:10800000013B9A4208DA739B03EBD37103F001033F
:1080100003EB610313442393636CBB4247D1236C8E
:108020004B4544D1228D02F06003A3F120014B4265
:108030004B4102F0040002F0080192074FEA43139B
:1080400027D543F0020328BB41BB238594F82A308F
:1080500043F0080384F82A307EA8F0F75DFD47A8B6
:108060008295F0F76FF97EAA4FF4A02120464B9538
:1080700005F031FE47AA4FF4A021204606F069F82A
:108080000B9B238594F82A306FF3C30384F82A30BE
:1080900017E010B143F00403D6E729B143F0080319
:1080A000D3E700BF0000F7FF002B40F0958070225F
:1080B00062A97EA816F0F7F96C222CA947A816F041
:1080C000F2F920AA7EA92846CDE98079CDE949793F
:1080D00009F064FC636B059A9B58002B3FF446AF94
:1080E0004FF4A02120461AF05AFF4FF4A021069029
:1080F00020461AF05BFF4FF4A0210F9020461AF0A3
:108100005CFF112281464FF4A021204607F030FE8B
:10811000069A1C9B2890134424930F9A1E9B5399F4
:108120000F919B1A26931D9B4B4425931F9B1AF07E
:10813000020AA3EB000327931FBF9DF8773143F09A
:1081400008038DF87731012208BF5246636B119204
:10815000059A9B5803F10809369B069324A8549B63
:10816000109314F0C2FA119A0F990091CDE901020F
:10817000109B069A494612A815F0A1FFBAF1000F0C
:108180000BD10E9B1D9A1A44139B03EBD3735B1008
:108190005B42D118D21A259127920DF1A00A1CAA90
:1081A0003146504613F043FF00283FF4DFAE9AE813
:1081B0000F0005F1180989E80F00059A636B9B58B9
:1081C00047A9083324AA28464E9309F010FB14ABA4
:1081D0000FCB89E80F00C9E6202336E7F0B59A48AF
:1081E00085B00E4606F0F7F9012819D1304614F093
:1081F000DAFD0546304614F0D2FD322D044604D196
:1082000005B0BDE8F0401BF054B8132D00F0178105
:108210001ED80B2D00F0938004D8013D012D3AD9D2
:1082200005B0F0BD112DFBD1304614F0C0FD07683C
:10823000D4E910014FF6FF73984202D0994240F002
:10824000A5800023C4E9103320461AF0FAFFF5E0B8
:108250001D2D00F0E180342DE2D1304614F0A7FD51
:108260000022E16A13468B4209D10023256B19468F
:10827000A9420AD1013A013B02604360D0E7E56BB5
:1082800055F8235001332A44EDE7A66B56F82160D8
:1082900001313344ECE7F3F731F812F0A4FE00F0BB
:1082A000FD000128BCD1F3F729F802A912F0AEFEB7
:1082B0002046029D06F0E2FF2722054400212046C9
:1082C00007F056FD0190C0B2012826D100212046BA
:1082D000E6691AF06BFE361A751B0026E26A334611
:1082E000B24222D100272046039D06F0CCFFA369AD
:1082F000054400212046ED1A1AF05FFE0023216B91
:108300002D1A1A4699428BD0A06B50F823000244D4
:108310009542C0F287800133F4E76369002120466B
:10832000ED1A1AF03CFE2D1AD7E7E16B51F8261032
:108330000B44AB4201DC0136D2E70127D3E706F05C
:1083400066FDF2F7DBFF12F07EFE216C4FF6FF7345
:10835000994202460DD1F2F7D1FF12F044FE00F02F
:10836000FD0001287FF45CAF4FF6FF73C4E91033C2
:1083700056E7616C9942EED00028ECD123212046CB
:10838000ECF7F6FA01287FF44BAFE4E7E66A256BD9
:10839000B042B4BF02460022A942B4BF0B4600233C
:1083A000142F24D1013A96422EDC6A1E9A42C6BF8F
:1083B0000133002206F1FF329D42D4BF05F1FF33A5
:1083C00023EAE373904202D199423FF429AFC4E912
:1083D0001023204606F01BFD20461AF032FF002233
:1083E0002321204605B0BDE8F040ECF7C1BA132FB9
:1083F00001D10132D7E7112F01D1013BD3E7122F71
:108400007FF40EAF0133CEE7002AD5DA13B1721E26
:10841000013BD1E71A46CFE7304605B0BDE8F04052
:10842000FFF7B0BC002F3FF4FBAE226CB24203D189
:10843000626C9A423FF4F4AEC4E91063204605B082
:10844000BDE8F04006F0E3BC785603004B1E2DE972
:10845000F04104460F46072B4ED8DFE803F02A4BC5
:108460004D044D4D4D280121204613F031F9204691
:108470001AF08EFF054620461AF087FF3649064659
:1084800006F04FFA0121304613F046F90021284644
:1084900013F01EF90021304613F01AF9032130467B
:1084A00006F0B3FE0021304606F0BCFE2AE00921AA
:1084B000DAE70021204613F00BF920461AF068FF96
:1084C000054620461AF061FF2349064606F040FAA9
:1084D0000121304613F020F90121284613F0F8F865
:1084E0000121304613F0F4F80021304606F08DFEED
:1084F0000321D8E70821DDE71AF04AFF05462046A8
:108500001AF043FF94F8303013F00C0F14BF01221F
:10851000002217F00C0814BF012300239A4212D046
:108520002046EDF781FEEEF713FF06466420B8F112
:10853000000F0CD0F6F7CCFB06EBD6760146721096
:10854000284606F01CFA84F83070BDE8F081F6F792
:10855000BFFB31460246F3E764000020194AF8B534
:108560000D46002681F830602846114606F007FACD
:108570002846ECF793F92846ECF790F9124F044699
:10858000314613F0A5F8334639463322204606F02B
:1085900038F833460E223946204606F032F8314686
:1085A000204606F00DFE28460421FFF74FFF204627
:1085B000802105F015FA20464FF48061BDE8F840AF
:1085C00004F0C2BF640000209733030008B51AF01E
:1085D000DFFEBDE80840014908F05AB90C4E03001F
:1085E0002DE9F347C1620D46064691461AF0CDFECD
:1085F000044630461AF0CCFE80463046FFF7E6FFD0
:1086000085422FD274B33046ECF754FE96F8301002
:1086100011F00C0129D015220021204607F0A8FBFB
:1086200082460190204606F02DFA002127220746B7
:10863000304607F09DFBC3B2012B574408BF694287
:10864000019019BF4A4605FB07F14A467943204687
:10865000EDF708FA134A134E0021404608F0F0F8EF
:10866000002490B902B0BDE8F0871422204607F03C
:108670007FFB06460190204606F014FA81194A460F
:1086800069432046EDF702FAE4E7631B5A425A4178
:108690000121013404F0A7FF32462146404608F08C
:1086A000CFF8DEE70C4E030038B50B480C4605F05A
:1086B00092FF01280ED1204614F075FB0546204696
:1086C00014F06DFB312D05D1BDE83840C16A0022A0
:1086D000FFF786BF38BD00BF9C56030030B5672248
:1086E00099B04FF4C021054607F042FB04460090C4
:1086F00058B918492846F6F767F995F8643043F0F9
:10870000010385F8643019B030BD6846F6F742F9C8
:108710002946684613F0D3FB68460E4913F0D1FB97
:108720002146684613F0CFFB2146684613F0DEFB76
:1087300000226846012113F0CBFB6846064913F07E
:10874000CDFB68464FF0FF3113F0D4FB6846F6F7D7
:108750006DFAD8E77B34030093BE02002DE9F04F99
:1087600089B004461AF0ABFE5C2200218046204608
:1087700007F0FEFA04900746E06AD4F84CB018F00F
:1087800090FD674B59461B6881469847654B1B68AF
:10879000009309EB00030193002106461846009B55
:1087A00098478246404612F0ECFBBAF10D0F01905B
:1087B00000F2B18042F2014222FA0AF212F0010FF5
:1087C0000CBF514620210022404612F0A7FB59461B
:1087D00002AA0546E06AFCF78FFDD4F82CB0584693
:1087E00018F05FFD00210246584607F0F2FBE36AED
:1087F000029A59690A44D9692A448A422ADD94F8BE
:1088000070B01BF0080B25D1032823D0019B039ADD
:10881000CDF808B01F443A440392BAF1000F7CD05F
:10882000414B09EB06001B68984706445946009BDC
:1088300009EB060098470D28014606D842F201438D
:10884000C34013F0010F18BF20210022404612F050
:1088500065FB0546266630224FF4C021204607F00E
:1088600087FA1022824604904FF4C021204607F078
:108870007FFA1122049000EB0A064FF4C021204633
:1088800007F076FA1222049000EB0A084FF4C02198
:10889000204607F06DFA1322049000EB0A074FF40C
:1088A000C021204607F064FA039B029A04909E1BA5
:1088B0009844019B9844E36A50445969D71B10447B
:1088C000226D0A4404929A69636D0544D318A06D21
:1088D0000593E36D08441A4408F1FF38069004A993
:1088E0002046013D079206F067FAC4E91476C4E910
:1088F0001658E36A5A69174404979B6915441E4445
:1089000004A94344204605960695079306F054FAB9
:1089100009B0BDE8F08F514655E7202195E700BF2B
:10892000B04D0300B84D0300C04D0300F7B5C36C54
:108930008B4204460E4665D0C06A18F0B2FC324B3A
:108940001B689847002EB8BF3618B042054604DBB6
:1089500047F6FF739E4218BF3546E5642046ECF7A4
:10896000A9FC20461AF0ABFD294606466A46E06A95
:10897000FCF7C2FC304612F004FB05462046019E7F
:1089800006F086FC864204DA019901222046EDF7C2
:108990007DF8204606F086F8019B07462046EE1833
:1089A00006F076FC331ABB4206DD0199C91B012291
:1089B00029442046EDF76AF82046009EECF7F4FEC5
:1089C000864204DA009901222046EDF74BF8204652
:1089D00006F058F8009B07462046EE18ECF7E4FE38
:1089E000331ABB4206DD0099C91B012229442046E7
:1089F000EDF738F8009BA3642046FFF76FFE204692
:108A0000FFF7ACFE03B0F0BDA84D030070B540F217
:108A1000DC534B640123CB6491F8643023F00303EF
:108A200043F0030381F8643091F87030002523F09F
:108A30000E0381F87030C1E90D55C1E90F55C1E948
:108A40000B558D6408460C46FCF74AFC0646E0626E
:108A50006420F6F73DF901463046134E05F061FFFC
:108A6000E06A124918F01FFC2B463146E06A3222B8
:108A700005F0C7FD2B4631223146E06A05F0C1FD05
:108A800020464FF4806104F0ABFF20464FF40061B4
:108A900004F05AFD20462946FFF748FF2046BDE86E
:108AA0007040FFF71BBE00BFCF3403009E9403004D
:108AB00010B5846B88B064B91AF001FD234642F208
:108AC0002202694612F0DCF9034C044B002808BF6F
:108AD0001C46204608B010BD31940300AC9403003E
:108AE0002DE9F84F90F870305B07044635D5C06A21
:108AF00018F0D7FB1A4B1B689847064668B3204608
:108B0000FFF7D6FF814615F0E6FD00FB06FA0746A3
:108B10000AF10100F6F776FF4FF00008054683469C
:108B200058463A46494608F1010815F0BCFC46454E
:108B3000BB44F5D1002305F80A302946E06A18F055
:108B4000B2FB2846F6F778FF20460649F5F73CFFCA
:108B50002046BDE8F84FFFF701BEBDE8F88F00BF23
:108B6000A84D03004F34030010B5436C98B0044681
:108B700023B918B0BDE81040FFF7B2BF6846F5F75B
:108B800009FF2146684613F09AF968460C4913F02C
:108B900098F9616C684613F096F901226846002145
:108BA00013F096F96846074913F098F906496846A4
:108BB00013F098F96846F6F739F818B010BD00BF01
:108BC0004F34030093BE020097350300F7B590F8C9
:108BD00070305A0704460D4601D5FFF781FFE36B5D
:108BE0000BB9236C9BB100232A4E2B4F0193019BA1
:108BF000EB5C0BB903B0F0BD01A933682846984778
:108C00003B6898470146204600F068F8EFE72946A0
:108C1000204600F045F80128ECD1D4E90B0333B12C
:108C200018F03FFB037813B9204606F0F0F8E16C2A
:108C3000E06A2A46FDF732F920461AF0B4FC94F8AF
:108C400070305B0715D5606B15F045FD064628466C
:108C500015F041FD31180131606BF6F7F7FE6063E6
:108C60000028C7D0E16C2A4615F081F92046FFF7AD
:108C70007BFF0A4BE66C1B68284698478119204603
:108C8000FFF754FE00222321204603B0BDE8F04048
:108C9000EBF76EBEB84D0300BC4D0300A84D0300BA
:108CA00070B50D4E00230A460C462421054633605C
:108CB000EBF75EFE306808B9012070BD037843B160
:108CC000214615F030FD0028F6D031682846FFF720
:108CD0007DFF0020F1E700BFD04900207FB590F86C
:108CE00070300446180703D50A2926D00D2924D050
:108CF00002910091002502A920460395FFF7D0FFBD
:108D000001281AD12F4B29461E686846B047236CAC
:108D1000054643B120461AF033FC2B4B1B6898479D
:108D2000236C984209D2E36B6BB11B785BB10023D3
:108D30000193E06B019BC35C0BB904B070BD01A94A
:108D4000B0478542F5D194F870305A0702D52046D5
:108D5000FFF7C6FED4E90B0333B118F0A2FA03788B
:108D600013B9204606F053F8E16CE06A02AAFDF759
:108D700095F820461AF017FC94F870305B0715D56B
:108D8000606B15F0A8FC054602A815F0A4FC291894
:108D90000131606BF6F75AFE60630028CDD0E16CBC
:108DA00002AA15F0E4F82046FFF7DEFEE16C20464B
:108DB0000131FFF7BBFD002223212046EBF7D8FD50
:108DC000BBE700BFB84D0300A84D0300F7B504464C
:108DD0000D461AF0E8FBE36B13B9236C002B44D06B
:108DE0002849E06A284E294F18F05DFA47F6FF71CE
:108DF0002046FFF79BFD94F8703013F0040F18BF66
:108E0000626B4FF0000318BF13700193019BEB5C82
:108E100003BB236B3BB1E06A18F043FA037813B944
:108E2000204605F0F4FF94F870305B070AD5606BBC
:108E3000F6F702FE284615F081FC6063F8B1204683
:108E4000FFF74EFE00222321204603B0BDE8F0408C
:108E5000EBF78EBD01A93368284698473B689847D1
:108E600001462046FFF73AFFD0E7E06A294618F0AE
:108E70001AFA47F6FF712046FFF758FDC9E703B01D
:108E8000F0BD00BF9E940300B84D0300BC4D03002D
:108E90002DE9F047B048BEB00D4605F09CFB012817
:108EA00040F0AF80284613F07EFF0646284613F0B8
:108EB00076FF132E044604D13EB0BDE8F047FFF71D
:108EC0000DBC1D2E00F0BE8100F29E80112E00F020
:108ED000238100F29680032E00F29080002E00F095
:108EE0009080F2F70BFA0646002800F08A802846A8
:108EF00013F055FF90F864309F07044640F18180DD
:108F0000304612F070F802287BD0304612F06BF831
:108F1000042876D0E06A22A905F06CFD01A930464C
:108F200012F074F803A9304612F097F8019A002A5B
:108F300067DB029B002B64DB2299521A0792239A6B
:108F400028469B1A089313F02EFF0646E06A05F0A8
:108F500093FD079BE56A002BC0F23E81984240F3E7
:108F60003E81012207A92846FCF77AFA07A907469D
:108F7000E06A18F00FFA80F00103DBB294F8702079
:108F8000900702F0010140F14281002940F02B815D
:108F9000002B40F03F81012E33D14FF6FF7342F09A
:108FA0000102A766E36684F870204FF44071204602
:108FB00004F0CAFA39462046FFF7B8FC94F870303E
:108FC000D9071ED5D4E91A329342696C40F2268142
:108FD0008A4202D1A96C8B4205D06A64A36EAB644D
:108FE000204605F014FF26F00806032E09D194F858
:108FF00070306FF3000384F8703002E00B2E3FF402
:1090000070AF3EB0BDE8F087202EFAD1284613F0AD
:10901000C6FE0446284605F005FB0546E06A18F042
:1090200040F994F86430DB078046EAD522A8EFF7D0
:1090300073FD22AA4FF4C0212046269504F04BFE72
:10904000E06A236D4269E66D1344D4E91517039372
:1090500083693A44194404913344059222A903AA2E
:109060002846069308F09AFC30224FF4C02120468F
:1090700006F07EFE1222074607904FF4C0212046DC
:1090800006F076FE102200EB07094FF4C02107908E
:10909000204606F06DFE4FF0000ACDE901AA0790C8
:1090A000236E08EB03062D4B07441B683046984798
:1090B0000DF1040802463146404615F0F4F9039BD1
:1090C0004B440393049B3B44049358225146E06A6B
:1090D00006F04EFEC0F307430790ADF8000007A866
:1090E0008DF80230EFF72EF907AA4FF4C021204681
:1090F0000B9505F02EF89DF8A830022B40F20E815A
:109100009DF87830CDF8388043F001038DF8783041
:1091100003AA07A92846FEE0284613F048FE016886
:10912000132905D120463EB0BDE8F0471AF0AFBA8A
:10913000142915D8012915D98B1E122B12D8DFE856
:1091400003F0353C1111111129113F1111111111A9
:10915000111D2311170000BFC0560300C04D0300AE
:109160007F291DD020463EB0BDE8F047FFF7B6BDD1
:1091700020463EB0BDE8F0471AF08DBA20463EB01A
:10918000BDE8F0471AF0B9BA20463EB0BDE8F04756
:109190001AF087BA20463EB0BDE8F0471AF01FBA71
:1091A00020463EB0BDE8F0471AF062BA00212046E2
:1091B0003EB0BDE8F047FFF7B9BB47F6FF71F6E7F1
:1091C00094F870301B07CDD50022262120463EB0F2
:1091D000BDE8F047EBF7CCBB01230027CEE6012327
:1091E00047F6FF77CAE6022E0FD0032E02D00B2ED1
:1091F0007FF4E0AE20464FF4407104F0F1FB94F8A8
:109200007030D8077FF5FDAED4E6E766D2E60029D8
:109210007FF4D0AE012E7FF4F4AECBE608D28B42C1
:1092200003D1A96C8A423FF4DEAE6B64E36ED6E6EE
:109230004FF6FF73994203D1AA6C9A423FF4D3AE22
:109240006B64CCE6284613F0AAFD0446284605F0D8
:10925000E9F90746E06A18F024F80378002B7FF458
:10926000D0AE236B002B3FF4CCAE1B78002B3FF429
:10927000C8AE22A8EFF766F822AA4FF400212046D4
:10928000269704F066FF94F870301A0748BF9DF8DF
:10929000E3304FF0120248BF43F008034FF00001E3
:1092A000204648BF8DF8E33006F062FD13220546E4
:1092B00007900021204606F05BFD102281460790B2
:1092C0000021204606F054FD112206460790002199
:1092D000204606F04DFD30228046079000212046B2
:1092E00006F046FD07900346D4E90602216AD4F849
:1092F00014C01D4499441E444344C91AA2EB0902F8
:109300000644654409920A9107950896236B2993B0
:1093100007AA22A9384608F06AFA72E6009912985C
:1093200013F0C3FA00283FF4EBAE6AE60D4A10B51D
:109330000C462046114605F022FB00230E220A4966
:10934000204605F05EF92046802104F049FB2046C6
:10935000032105F05AFF20460321BDE8104005F027
:1093600061BF00BF640000204937030010B5054A03
:109370000C462046114605F002FB2046BDE8104091
:10938000EBF798BF6400002070B508460C4607F064
:1093900045FA064605F070FB0546304605F06FFBC2
:1093A00029460246204605F0EAFA0121204612F03D
:1093B0008FF92046EBF772FA05462046ECF734FFAA
:1093C000EDF7C6FF0F4E00EBD07042103146284635
:1093D00005F0D5FA2846002112F07AF902231A4640
:1093E0000021284612F080F92046EBF757FA0121B8
:1093F000044612F091F931462046BDE8704005F070
:1094000090BA00BF64000020F7B51F4D28461AF03F
:109410007CFB00282ED0F5F737F91C4F1C481D4C5B
:109420001D4EF8F779FE4FF4C0333B601B4B3360A1
:109430002146AB6841F8045B28461B6A184D9847E3
:10944000E188A088EDF75AFE2860B0B12146EEF71A
:1094500035F8286800F026F8024688B900903B6885
:109460003168286807F05DFD00F0CEF900EAE07091
:1094700003B0F0BD6FF01200FAE76FF00B00F7E7F2
:109480006FF08500F4E700BF08420300D8C901204F
:10949000F9370300DCC90120D4C90120D4490020D8
:1094A000F4C9012010B50446EEF712F8037C082B2E
:1094B0000AD8002B3CD0013B072B39D8DFE803F05A
:1094C000202C382C38383810202B03D0402B1DD0BE
:1094D000102B2DD112212046EDF7A2FF1B4904E0ED
:1094E00010212046EDF79CFF19492046EDF754FF67
:1094F000234635220021184607F076FD002010BDD6
:109500000F212046EDF78CFF1249EEE70621204699
:10951000EDF786FF1049E8E707212046EDF780FFC9
:109520000E492046EDF738FF0D4923463522E2E784
:1095300000212046EDF730FF20462346352200214A
:1095400007F052FD6FF08500D9E700BFDD3803005A
:10955000813903001F3903009D3803006595010020
:109560004F3803002DE9F04F8C680B680134E41A82
:10957000CB6890464A6891B001339B1A0E461FFA99
:1095800083FB0690EDF7A4FFC368076803F00403AC
:1095900005460698039307F01DFD5D4B297CD3F823
:1095A00000905C4B02901B680593043918BF4FF084
:1095B000FF31C9B21A4648461AF0D0FC4FF0000CF1
:1095C000A4B208F10808E64661468B4555D94FEA32
:1095D000DE030793CB0804FB0393099301F0070311
:1095E0000A93CB430CF1FF3003F0070300220890ED
:1095F0000B932FE00EEB02030898DB08801A18F893
:10960000033000F007000341DB0722D5EB68D807E1
:1096100003F0020A25D5099BBAF1000F03EB020003
:10962000DDE90A3A18BF534690F800A0CDF810A023
:109630004FF0010A0AFA03F35FFA83FA2B7C042B3A
:10964000049B0BBF43EA0A0323EA0A0A037080F86B
:1096500000A001329442CDD80131A644ACEB040CF9
:10966000B3E7079B03EBD2004844D3B2BAF1000F33
:1096700000D0DB4303F00703D6E7059B4946A3F17F
:10968000080240461AF042FC039B53B12B7D43B9BC
:10969000029B33B9BB681B680BB13846984701235E
:1096A0002B750BFB04F3DB080D93029BADF83C40DC
:1096B00083F001038DF83E30BB68CDF80080ADF833
:1096C0003840B2889C683188ADF83AB00DAB384666
:1096D000A047EB681B0708D5BB68CDF800809C68E5
:1096E000B28831880DAB3846A047039B53B1029B2B
:1096F00043B12B7D33B1BB685B680BB138469847EB
:1097000000232B75069807F062FC11B0BDE8F08FBE
:10971000FCC90120F8C9012010B50146EFF31184FE
:10972000202383F31288BFF36F8F044801F09AFF60
:1097300084F31188BFF36F8F10BD00BF00CA0120F2
:1097400010B50A46EFF31184202383F31288BFF388
:109750006F8F0146034801F0B2FF84F31188BFF315
:109760006F8F10BD00CA012010B50146EFF31184C0
:10977000202383F31288BFF36F8F044801F054FF56
:1097800084F31188BFF36F8F10BD00BF00CA0120A2
:10979000024903484FF4804201F0BFBF200400207B
:1097A00000CA012070B50D6906460C4615B96FF068
:1097B000150070BDF1F768FD28600028F7D031462C
:1097C00011F004FC0F49286811F007FC28682146B5
:1097D00011F006FC63685E685EB10020EDF77EFD67
:1097E000044620B1EDF774FE03689E4204D00024C5
:1097F00002E0EDF76DFD04462868214611F000FCFB
:109800000020D6E7C339030001481AF075B900BF3C
:109810006842030038B5EFF31185202383F31288E3
:10982000BFF36F8F064B9C681AF082F985F311889D
:10983000BFF36F8F2046BDE83840E7F775B900BF2A
:1098400080CA012038B50A4B53F82040013053F844
:109850002050A54200D838BD606830B1037FDB07D7
:1098600001D41AF068F90834F3E723689847FAE757
:109870005C57030070B52A4B2A4C2B4D012286B051
:1098800003201A70FFF7DEFF01F00AFB0420FFF748
:10989000D9FF2646AE4204F1300410D300F0BAFEE0
:1098A000204C224EAC4226D300F0C8FEE6F7EAFD7B
:1098B0001F4A137B23F00103137306B070BD54F8E5
:1098C0000C3C059354F8103C049354F8143C039357
:1098D00054F8183C029354F81C3C019354F8203C73
:1098E000009354E90A2354E90C0100F077FC54F882
:1098F000303C5E65CDE7D4E90A23B3F1FF3F08BFF2
:10990000B2F1FF3F05D052EA0301206803D100F015
:1099100051FF3034C6E73146183001F0F3F8F8E76C
:10992000D2CA01200844030038440300C13D0300AB
:10993000A044002008B50348034A0021121A1AF077
:1099400011F908BD08020020D4CA012070B5002317
:1099500086B00122CDE90423134E144D01930F224A
:10996000CDE902321249142303FB005506EBC01661
:1099700004464FF4C07000FB04110E4B00954FF4E9
:10998000A072304600F02AFC737B0B4AEE6023F095
:10999000040373734FF4046304FB033313442C7404
:1099A0006B6006B070BD00BF2044002080CA01205B
:1099B00080D701206D3B030040CF0120BFB50020C0
:1099C000FFF740FF294B83F30888294C294F63692F
:1099D00043F4007363610025E02384F82230E577C7
:1099E00025766576A57684F82050636A43F4E023F3
:1099F000636284F82350E7F765F8E7F7AFF94FF0B3
:109A0000FF33A362E362E7F76FFAE7F7CBF91A488F
:109A10001A4C00F05BFC1AF077F80120FFF712FFF8
:109A20000220FFF70FFF00F03DFE154B15495C616A
:109A3000154B05930123CDE903534FF480523B4668
:109A4000CDE901550095204600F0C8FB627B064633
:109A500022F00402204662731AF075F92846FFF7D7
:109A600075FF3A4631462046E7F75AF980D701207C
:109A700000ED00E075980100C0450020A0440020E2
:109A800080CA012000D90120699403002DE9F34127
:109A900004460E4600F10808EFF31187202181F3F8
:109AA0001288BFF36F8F006AE168884233D225685D
:109AB000AC4219D0C5B128461AF063F805F1180078
:109AC0001AF0E2F9A2682869314600241AF01EFA59
:109AD0002846AC671AF037F94046394600F074FD65
:109AE000204602B0BDE8F081A268E06931461AF074
:109AF0000DFAE369A26813446269E361934204BF0B
:109B00002369E361236A01332362002087F311880C
:109B1000BFF36F8FE5E752EA03010AD0064989686F
:109B200040460E61CDE900233946224600F0B8FCDC
:109B3000D7E76FF02200E9E780CA0120F7B50446B5
:109B400004F108070846EFF31186202181F31288FB
:109B5000BFF36F8F216A002939D0A268A1691AF07A
:109B6000D5F9A369A268256813446269A361934289
:109B700004BF2369A361236AAC4203F1FF3323626C
:109B800033D02846002D31D019F0FBFF05F1180025
:109B90001AF07AF9A2682969E0691AF0B7F9E3695D
:109BA000A26813446269E361934204BF2369E361DD
:109BB000236A0133236200242846AC671AF0C3F8F5
:109BC0003846314600F000FD204603B0F0BD52EAB1
:109BD000030110D0094989680861CDE900233146A5
:109BE0002246384600F05CFCEFE7002086F311883F
:109BF000BFF36F8FE9E76FF02200F7E780CA01201B
:109C00002DE9F341044617461E46EFF31188202341
:109C100083F31288BFF36F8FC368334A7BB18068C8
:109C20009168884219D057EA060318D188F3118841
:109C3000BFF36F8F6FF00F0002B0BDE8F081916845
:109C400091F90E1021610133E3609368A36088F3FA
:109C50001188BFF36F8F0020EEE72169F2E791F9D9
:109C60000E1090F90E309942A8BF19466FF07E028F
:109C70009142B8BF11468B422DDD19F08FFF05468A
:109C8000CDE9007619482246414600F009FC00283B
:109C9000E1D0EFF31186202383F31288BFF36F8F97
:109CA000A068D0B1236821699C420AD04BB193F9D6
:109CB0000E309942A8BF19466FF07E039942B8BF93
:109CC000194619F06BFF40B10848314600F07CFCA2
:109CD0006FF00A00B0E70025D2E7002DF4D186F33B
:109CE0001188BFF36F8FF3E780CA0120D3CA012028
:109CF000F8B583680546002B3FD0234A926893420B
:109D00003ED1C368012B03D9013BC3600020F8BDDD
:109D1000EFF31187202383F31288BFF36F8F01695C
:109D2000806819F03BFF2C68A54207D10023C5E9E4
:109D3000023387F31188BFF36F8FE7E7002CF5D06C
:109D4000D4E9003213605A60637B002623F00203DB
:109D50006373C4E90066A66004F118001AF094F871
:109D6000AC6094F90E302B612046A66719F0EBFF2A
:109D70000648394600F028FCC8E76FF01500C6E732
:109D80004FF0FF30C3E700BF80CA0120D3CA0120D3
:109D900070B5EFF31186202383F31288BFF36F8F22
:109DA0000468A0421AD0CCB1D4E9003213605A60E2
:109DB000637B002523F002036373C4E90055A560AB
:109DC00004F118001AF060F82046A56719F0BBFFEF
:109DD00031460848BDE8704000F0F6BBD0E90232D9
:109DE0009A4218BF0133836086F31188BFF36F8FE7
:109DF00070BD00BFD3CA012013B5EFF31181202439
:109E000084F31288BFF36F8F846844B1013C84608F
:109E100081F31188BFF36F8F002002B010BD52EAAA
:109E2000030406D181F31188BFF36F8F6FF00F0029
:109E3000F3E7CDE900230246014800F031FBECE7EF
:109E4000D3CA01202DE9F0410546EFF31187202305
:109E500083F31288BFF36F8F00231E466FF00A084A
:109E60002C68A54216D0ACB1D4E9003213605A6018
:109E7000637BA66023F002036373C4E9006604F108
:109E800018001AF001F8C4F87880204619F05BFF3A
:109E90000123E5E70022AA602BB139460548BDE859
:109EA000F04100F091BB87F31188BFF36F8FBDE8DD
:109EB000F08100BFD3CA012007B5074B00930749C3
:109EC00007484FF0FF334FF4806200F013F9002091
:109ED00003B05DF804FB00BF7457030040E90120A4
:109EE000204500202DE9FF414F4E04462027EFF387
:109EF000118887F31288BFF36F8FD4F88450F5B9B7
:109F0000022104F19C0019F064FE002868D004F1DD
:109F1000940500220121284619F07DFF0028F8D180
:109F2000002302934FF0FF324FF0FF33CDE90023BF
:109F3000414604F18C023D4800F002FDD7E7D4F819
:109F400088202B68C4F88430954208BFC4F8883054
:109F5000D4F89C3043F00203C4F89C30EB6823F043
:109F6000040343F00103EB606B6888F31188BFF3CF
:109F70006F8F28469847EFF3118887F31288BFF355
:109F80006F8FEB68D80623F0010236D4EA60EB68E5
:109F90009A0716D5306823F00203EB6088B1036896
:109FA000002170B14268954235D1036869BB72687F
:109FB0003360824200D17360002340F8083BFFF712
:109FC000E7FED4F89C3023F00203C4F89C3088F3F9
:109FD0001188BFF36F8FDB0589D400F06BFB86E738
:109FE000D4F89C30D9069BD5C4F89C0088F311881E
:109FF000BFF36F8F04B0BDE8F08123F01103EB6075
:10A0000005F11000FFF7C4FEC1E70B6073688342DF
:10A0100008BF7160D0E723B11A680146184613469D
:10A02000BFE71A46F9E700BFA0CA0120D3CA012042
:10A03000F8B5C3689A0704460F46C3F340062ED40A
:10A040005B071CD40B680BB983680B60E368DD0702
:10A0500044BFA3683B603D684CBF02260126002D2B
:10A060003CD0204B9A68D5F880309A420AD0D5F877
:10A070009C30D807C3F3800214D46FF0120600237B
:10A080003B6025E019F01CFED5F89C300028F0D18B
:10A09000D907C3F3C002F0D552B15B0708D46FF003
:10A0A0000F06ECE7002AFAD1C3F3C003002BF6D168
:10A0B00000232360D5F8883063B9C5E921442846D8
:10A0C00019F0A1FDE36843F00403E3603B68A3607B
:10A0D0003046F8BD1C60C5F88840F0E76FF0150603
:10A0E000CDE700BF80CA01200146014819F0CCBD70
:10A0F00020450020F0B589B004460020C4E92100C5
:10A100000E9D04F18C00C4E9230004F19400C4E91D
:10A11000250055B32879002840F2011008BF01201E
:10A12000C4F89C0000204FF0FF364FF0FF37CDE918
:10A130000330CDE90100CDE906670D4B00942046C0
:10A1400000F098F855B1296811B1204619F0BEFD0C
:10A150006B791BB1237B43F001032373204600F08E
:10A1600029FBC4F8804009B0F0BD0120D8E700BF4A
:10A17000E59E0100F7B50C46019016461D46EFF32B
:10A180001187202383F31288BFF36F8F084619F0DD
:10A190002BFD55EA060309D101A92046FFF748FF28
:10A1A00087F31188BFF36F8F03B0F0BDE3680749F1
:10A1B00043F00803E360019BA36232462B4604F19F
:10A1C000100000F09FFC0120EAE700BF153C0300EF
:10A1D00001460148FFF7CEBF204500202DE9F0439E
:10A1E000073285B022F007020E461F461099017310
:10A1F00000F158037F32C0E916330446002322F0F1
:10A200003F020421836041733F2A0F98A073C4E981
:10A210000633E37306F14009A2F1400805D883F341
:10A220001188BFF36F8F084602DFB5182946204614
:10A23000E6F7D4FA07300E9B20F00700A066C4E9C9
:10A24000189802930D9B01932D1A0C9B00932A469C
:10A250003B4631462046E6F731FD00236365044B5B
:10A260009B6803B1DB6EE366284605B0BDE8F0836A
:10A2700080CA0120F0B587B000250595109D049592
:10A280000F9D03950E9D0295DDE912760D9D0195BA
:10A290000C9D00950446FFF7A1FFB6F1FF3F08BFF4
:10A2A000B7F1FF3F05D056EA070305D1204600F07D
:10A2B00081FA204607B0F0BD3A46334604F1180053
:10A2C000014900F01FFCF4E7C13D030040F2011317
:10A2D00010B583810023C0E91833044600F0DAFD8D
:10A2E000014B9C6010BD00BF80CA0120094A9368E1
:10A2F0006FF00A019967084958674B6843F080532B
:10A300004B60002383F31188BFF36F8F9368986FBE
:10A31000704700BF80CA012000ED00E070B590F9E1
:10A320000D20437B002A36DBD90634D11B4C63F069
:10A330007F032246437352F8183FE169934207D1E5
:10A34000C0E900210860E06111E09942F8D01B6883
:10A35000002BF5D090F90E5093F90E60B542F4D071
:10A36000AE42F2DD5968C0E9003108605860A56965
:10A37000954200D005B9E568A3685A7BD20604D19E
:10A38000DA897F2A01D9AA6932B1AB4202D02846C4
:10A3900000F016FB656170BD6361FCE780CA0120B7
:10A3A00038B590F90D20437B002A014604DA03F00A
:10A3B0007F03437319F08DFC0D4D2A46AB6852F8AC
:10A3C000184F944200D004B9EC688B4207D05A7BF6
:10A3D000D20604D1DA897F2A01D9A2692AB1A3421F
:10A3E00002D0204600F0ECFA23466B6138BD00BF76
:10A3F00080CA0120B3F1FF3F08BFB2F1FF3F03D095
:10A400000249183000F07EBB704700BFC13D030019
:10A4100070B590F90D20437B002A014604DA03F061
:10A420007F03437319F055FC4B7B1C4C63F07F0397
:10A4300022464B7352F8183FE069934207D1C1E9B5
:10A4400000200160E16111E09842F8D01B68002B08
:10A45000F5D091F90E5093F90E60B542F4D0AE42AA
:10A46000F2DD5868C1E9003001605960A569A36850
:10A47000954200D005B9E5688B4207D05A7BD206D9
:10A4800004D1DA897F2A01D9AA692AB1AB4202D064
:10A49000284600F095FA2B46636170BD80CA012002
:10A4A000F8B50E4B0C4611460D4A98681060DDE970
:10A4B0000667EFF31182202282F31288BFF36F8FB9
:10A4C0009D68284619F017FC284632463B46FFF7A0
:10A4D00091FF2046BDE8F840FFF708BF80CA012081
:10A4E000A8CA0120F8B50446EFF31187202383F3AF
:10A4F0001288BFF36F8F437B03F01F02002A0CBF4B
:10A500000126002649B239D103F07F03437319F0C5
:10A51000E0FB2C4D437B817363F07F032A4643733A
:10A5200052F8183F934227D1E869C4E9002004603B
:10A53000EC610FE09842F8D01B68002BF5D093F93E
:10A540000EC06145F6D08C45F4DD5968C4E9003190
:10A550000C605C60AC69944200D004B9EC68AB68F4
:10A560009C4202D0204600F02BFA6C6187F31188E0
:10A57000BFF36F8F3046F8BDE869DEE79B071ED555
:10A58000856819F0A6FB81732B689D4209D16B6821
:10A59000C4E900531C606C60E8E76A689342F6D037
:10A5A0001B68002BF3D093F90E209142F5D08A421C
:10A5B000F3DD5A68C4E9003214605C60D6E7817349
:10A5C000D4E700BF80CA012049B9EFF3058030B954
:10A5D000054B5A699B689A4201D0FFF787BE81F309
:10A5E0001188BFF36F8F704780CA0120034648B9B6
:10A5F000EFF3058232B9064A51699268914201D05F
:10A60000FFF774BE83F31188BFF36F8F704700BFED
:10A6100080CA0120EFF31181202383F31288BFF356
:10A620006F8F054B9A68D37B013BD37381F31188FD
:10A63000BFF36F8F704700BF80CA012070B5EFF382
:10A640001186202383F31288BFF36F8F144DAB68FC
:10A65000DA7B0132DA732A4652F8184F944200D05E
:10A6600004B9EC685A7BD20604D1DA897F2A01D971
:10A67000A2692AB1A34202D0204600F0A1F92346E4
:10A680006B6186F31188BFF36F8FEFF31180202386
:10A6900083F31288BFF36F8FBDE87040FFF7A6BF4A
:10A6A00080CA0120024B03F11802C3E90622704759
:10A6B00080CA012070B5EFF31186202383F312883E
:10A6C000BFF36F8F1B4CA168E0690B68814214BF18
:10A6D0001A46002249680B605960A368E1692AB9EB
:10A6E000154AC3E900210B60E3610CE093F90E0009
:10A6F00092F90E50A84218D0854216DD5168C3E980
:10A7000000210B605360A5690B4B9D4200D005B939
:10A71000E568A3689D4202D0284600F051F96561C2
:10A720003046BDE87040FFF7E1BD8A42D8D01268DC
:10A73000D5E700BF80CA012098CA0120F8B550EAC9
:10A74000010306460C4603D1FFF7B4FF0020F8BD15
:10A75000EFF31187202383F31288BFF36F8F124D1D
:10A76000124BA8681860FFF71BFEA8681049234623
:10A770003246183000F0C6F9AA68537B43F0040350
:10A78000537304463846FFF7B1FDAB68D3E90A239B
:10A79000B3F1004F08BF002AD8D119F09DFB201A51
:10A7A00020EAE070D3E700BF80CA0120A8CA0120D8
:10A7B000C13D030038B50446EFF31185202383F330
:10A7C0001288BFF36F8F437B5B070FD5183019F0EA
:10A7D0005BFB637B23F0040320466373FFF79EFD5E
:10A7E00029460548BDE83840FFF7EEBE85F31188DD
:10A7F000BFF36F8F38BD00BFD3CA0120014B9868EB
:10A80000704700BF80CA01202DE9F8430446077B4A
:10A81000EFF31185202383F31288BFF36F8F437BFF
:10A82000190705D585F31188BFF36F8FBDE8F8834D
:10A83000D90943F008025AD14273A36813B12046E4
:10A8400019F04FFA04F1180019F01EFBA66D04F17F
:10A850005808B04511D04FF0000976B1304619F0D4
:10A8600040FA06F1180019F00FFBC6F87890304650
:10A87000FFF754FDA66DB045EFD1DFF8B880D8F8EA
:10A8800008309C423BD1EFF30589B9F1000918BFAC
:10A890004FF00109D8F81860274A964200D00EB947
:10A8A000D8F80C60B34202D0304600F089F8C8F8FE
:10A8B0001460B9F1000F02D02048FFF707FDD8F867
:10A8C00008309C4231D1EFF3058373BB227BD20762
:10A8D00018D42846FFF70AFDFB07A7D5002383F30A
:10A8E0001188BFF36F8F0423184602DF9EE703F041
:10A8F0007F0343F00803437319F0EBF99DE74FF032
:10A900000009C7E785F31188BFF36F8F83F31188C0
:10A91000BFF36F8F0423184602DFEFF3118020236B
:10A9200083F31288BFF36F8FD4E785F31188BFF3E9
:10A930006F8FD1E780CA012098CA0120C04500204E
:10A94000D3B5DDE90667089CCDE90067FFF7A8FDF0
:10A950001CB1034B9B681B69236002B0D0BD00BFD4
:10A9600080CA0120044BC01A044BC0105843044B4A
:10A9700001221A54704700BF40460020ABAAAAAA81
:10A98000D3CA0120C3897F2B12D80A4B1B6863B13D
:10A99000094B90F90E201B689A4209DB437BDB06CA
:10A9A00006D1064BC31A18BF012303F001007047FC
:10A9B0000023FAE77C010020ACCA012020440020DB
:10A9C00070B50E4B0E4C1E7C06EB460304EBC30425
:10A9D0000546204619F058FA0A4B002228469A5597
:10A9E000FFF7D0FF48B1084B08491A68013A2046E2
:10A9F000D317BDE8704000F085B870BD80CA012053
:10AA000040460020D3CA01207C01002065A9010036
:10AA100038B5EFF31185202383F31288BFF36F8FCE
:10AA2000104B114A9C681068A04206D1FFF7C8FF7E
:10AA300085F31188BFF36F8F38BD00211B7C116037
:10AA40000A4AD35C002BF3D02046FFF79BFF002877
:10AA5000EED0637BDB0602D12046FFF7D9FC20460F
:10AA6000E4E700BF80CA0120A8CA0120D3CA0120A0
:10AA70000748084A084908B5121A19F075F8074836
:10AA8000074A0849BDE80840121A19F06DB800BF1E
:10AA90000000002008020020B09403000000002005
:10AAA00000000020B0940300024B1868984208BFD1
:10AAB0000020704780010020034B1B680BB9E8F7AA
:10AAC00093B80020704700BFB0CA012030B570B104
:10AAD0000B4B5B6898420AD0036843B1D3E9042169
:10AAE000D0E90445121941EB0501C3E90421D0E97D
:10AAF000003213605A600023C0E9003330BD00BF4C
:10AB000080010020B3F1FF3F08BFB2F1FF3F2DE904
:10AB1000F84F0446994615461F467AD08160EFF3F8
:10AB20001188202383F31288BFF36F8FB9F1000FD0
:10AB3000DFF8E4A020DBFFF7BFFFDAE900270135EB
:10AB400049F100092D1849EBE073C4E90453AD182D
:10AB5000064643EB07074FF00109FFF7A5FFDFF8B3
:10AB6000BCE0DEF804A00346EBB9C4E900EACAF889
:10AB70000040CEF8044028E0DAE900126FF001034B
:10AB80005B1A4FF0FF3161EB02025B1B62EB0902C3
:10AB9000012B72F10001BCBF01230022C0E9043285
:10ABA0004FF00009D9E7D3E9041CD4E904208A4214
:10ABB00070EB0C0B24DA891A5A686CEB0000C3E9BD
:10ABC0000410C4E9003214605C60FFF76DFF84423A
:10ABD0000ED1134B1B685BB9B9F1000F02D1FFF71F
:10ABE0006BFF0646304619F038F90021E7F7CEFF33
:10ABF00088F31188BFF36F8F28463946BDE8F88F78
:10AC0000521A60EB0C009A45C4E90420ADD01B68D1
:10AC1000AAE700252F46EFE75846002080010020D4
:10AC2000B0CA01202DE9F047EFF31185202383F30B
:10AC30001288BFF36F8FDFF8A490DFF8A480C9F803
:10AC40000000FFF731FF00260027D9F80030D8E9CF
:10AC500000ECD91750B1D0E90442A34271EB020ACB
:10AC60001CDAE41A62EB0102C0E9044213EB0E03A2
:10AC70004FF000044CEB01012046C8E90031C9F84F
:10AC8000004019F0EAF82146E7F780FF85F31188C4
:10AC9000BFF36F8FBDE8F047FFF7BABE14EB0E02AB
:10ACA0004CEBE473C0E90467C8E90023FFF70EFF2B
:10ACB00085F31188BFF36F8F83689847EFF3118591
:10ACC000202383F31288BFF36F8FD9F800301B1B4A
:10ACD000C9F80030FFF7E8FEB7E700BFB0CA0120AF
:10ACE0005846002010B5EFF31184202383F3128817
:10ACF000BFF36F8FFFF7E0FE054A0346D2E900017C
:10AD0000181841EBE37184F31188BFF36F8F10BD06
:10AD100058460020F8B50546EFF31187202383F34A
:10AD20001288BFF36F8F036823B187F31188BFF3D5
:10AD30006F8FF8BDD0E90A46611C46F10002022976
:10AD400072F1000236D3012C76F10002BCBF01245F
:10AD50001E46013C46F1FF3619F0C2F8013041F1C0
:10AD60000001001946EB0101012871F1000130DBFF
:10AD700019F0B6F8013041F100016FF0020300193B
:10AD800046EB010183426FF000438B4126DB19F053
:10AD9000A7F8013041F100016FF00102001946EB04
:10ADA0000103121A4FF0FF3161EB03031C492846DF
:10ADB000FFF7A8FE2B6B01332B632B6A93B93C463C
:10ADC0002B4653F8185F9D4200D0D5B984F3118803
:10ADD000ADE76FF001024FF0FF33E7E700224FF0DD
:10ADE0000043E3E787F31188BFF36F8F2B6A284690
:10ADF0009847EFF31184202383F31288BFF36F8FFA
:10AE0000DEE7284618F0AEFF0023AB6784F3118815
:10AE1000BFF36F8F2846BDE8F84018F094BF00BF1D
:10AE200015AD01002DE9F04105461C4690461F4630
:10AE3000EFF31186202383F31288BFF36F8FB4F1F1
:10AE4000FF3F08BFB2F1FF3F05D186F31188BFF382
:10AE50006F8FBDE8F081002C09DB012A74F100033B
:10AE6000BCBF0122002412F1FF3844F1FF3728460D
:10AE700019F00AF8DDE906010023C5E90A012B6390
:10AE800042463B4628460249FFF73CFEDDE700BF4D
:10AE900015AD0100014BC366704700BFA40100203F
:10AEA000014800F079BC00BF7794030038B5064C28
:10AEB000064DAC4201D3002038BDD4E90112204632
:10AEC00019F01CF81434F4E7A4010020B8010020A4
:10AED0002DE9F04F8DB043680293837815469A07A9
:10AEE000804640F10D8100240E78002E00F00A818A
:10AEF000252E0BD04B1C03930134029B4146304658
:10AF000098470028C0F2F6800399EDE74E788B1C35
:10AF1000252E0393F0D00027B946BB46BBF11F0F87
:10AF200038D8A6F12003102B0AD8DFE803F02A094D
:10AF300009300909092109090928092D09091F00F2
:10AF4000A6F13003092B33D92A2E37D11BF0400F3D
:10AF500055F8043B40F08280002BA7BF4BF0200B3C
:10AF60009946C3F100094BF0280B01E04BF0010BAF
:10AF7000039B13F8016B0393002ECFD130E04BF00D
:10AF8000020B4BF0040BF3E74BF0080BF0E74BF030
:10AF9000100BEDE7BBF17F0F19D8A6F13003092B99
:10AFA000D2D81BF0400F03D00A2101FB0737DFE79F
:10AFB0000A2101FB09394BF0200BD9E72E2E06D1CF
:10AFC0001BF0400F40F09E804BF0400BD0E76C2E02
:10AFD00031D02BD8682E36D06A2E3CD04C2E3AD0A9
:10AFE000002F46F02003B8BF2BF04002A3F165010B
:10AFF000BCBF1FFA82FB0027022901D9612B2FD188
:10B00000073525F00705DFF8ACA2083507271BF048
:10B01000080F66D00AEB070B56465E4563D1A4EBDA
:10B020000A0A06EB0A02A9EB07096FE1742E9FD00A
:10B030007A2E9DD0D4E71BF0800F18BF4BF4007B15
:10B040004BF0800B94E71BF4807F18BF4BF4007B20
:10B050004BF4807B8CE74BF4207B89E71F4687E726
:10B06000A6F16301122900F2F080DFE811F013006D
:10B070004F00EE00EE00EE00EE004F00EE00EE009E
:10B08000EE00EE00EE00FE00E900EE00EE001B0018
:10B09000EE00AF0055F8043B8DF8183001270DF194
:10B0A000180AB4E755F804AB834BBAF1000F08BF98
:10B0B0009A461BF0400F14BF39464FF0FF315046FF
:10B0C00018F054FF0746A2E7029B4146202098470C
:10B0D00000280FDB013EB742F6D34C44A41BB14617
:10B0E00098E74E46F7E716F8010B029B4146984752
:10B0F000002892DA98F8023043F0040388F802300E
:10B100004FF0FF3420460DB0BDE8F08F1BF0800FEC
:10B1100034D01BF4007F2CD0073525F00705AA4654
:10B1200069685AF8080B2BF010050029ADB237DA20
:10B13000404261EB410145F480650DF1180B0A2393
:10B140005A4618F01FFFA0EB0B0301936B0662D564
:10B15000019B25F001019F4289B240F3A180002E9E
:10B1600000F0998015F0100240F09C80BB460D461F
:10B1700023E0AA465AF8040BC117D4E7AA461BF4E9
:10B18000807F5AF8041B01D10846F5E71BF4007FC5
:10B1900015BF48B208B241F3C01141F3C031C2E754
:10B1A00050EA0103C9D11BF0400FC6D0002FC4D113
:10B1B0002BF0110295B2BB46019740F2064115EA09
:10B1C00001021CBF0BF1010B00222CE02BF010023E
:10B1D0001FFA82FB0A231BF0800C49D01BF400717C
:10B1E0001DBF073525F00705AA46AA461ABF5AF81B
:10B1F000080B69685AF8040B50EA010545D12BF099
:10B2000016051BF0400FADB242D0002F40D12BF0FD
:10B21000170295B2019715F0100248D0019B002E3D
:10B2200042D103F1010B29075AD4EB0706D5D945C2
:10B230006FDD0199A9EB0B035F18CB465B4649E034
:10B240004BF0100B10237826C5E7782B04D1C6F1FC
:10B25000780343F01003BEE7029B41462520984740
:10B260000028FFF647AF023447E608230026B2E77E
:10B27000AA461BF480715AF8040BBDD01BF4007170
:10B280001ABFC0B2614680B2B6E72BF0060295B293
:10B290000DF1180B54E725F01105ADB2BB468CE754
:10B2A0000D46B8E73B460D4603F1020BBBE7DDF860
:10B2B00004B082E7A69403009F940300CDE9043212
:10B2C0004146029B202098470028FFF613AF049BBD
:10B2D000059A01339945F1DCA4EB0B01CC189B4690
:10B2E0000AB3029B4146302098470028FFF602AF80
:10B2F0008EB901342744019B391B994224DC1D4639
:10B300005DBB019AA9EB0B092244554614469144B2
:10B3100035E0019F92E7023441463046029B984750
:10B320000028E7DAE6E640F206410D42E2D015F0E9
:10B33000020F14BF2B20202015F4806F04F10104AC
:10B34000414618BF2D20E9E7029B4146302098472F
:10B35000002804F10104CEDACCE606AB013D4146FB
:10B36000585D029B98470028CADAC3E6029B414613
:10B3700020209847002804F10104FFF6BBAEA9EB9A
:10B380000403002BF2DCBFE5704700EBC1004088EE
:10B3900040087047F8B50346FFF7F7FFB0FA80F0B2
:10B3A000C0F11F0003EB800CCA00DCF81060171D11
:10B3B0000C4606328DB256B9012101FA00F0D96867
:10B3C0000143D960CCF81040DD539D52F8BDF10027
:10B3D0000431585AD85303EBC0009E52C5805D52C9
:10B3E000F4E710B500EBC104E388994202F10401CF
:10B3F0000AD1012303FA02F2C36823EA0203C360FD
:10B40000002340F8213010BDA28840F8213000EB25
:10B41000C20100EBC300CB808280F4E708B503468D
:10B42000FFF7B3FFB0FA80F2C2F11F021846BDE881
:10B430000840FFF7D6BF2DE9F843B1FA81F5C5F111
:10B440001F0900EB89080346D8F810200E46C2B148
:10B450000327D8F8104018462146FFF796FFB04260
:10B4600006D34A461846FFF7BCFF2046BDE8F883DE
:10B4700003EBC404013FE088C8F8100001D0824209
:10B48000E7D1C5F120024FF0FF349440DA68144050
:10B49000EBD094FAA4F2B2FA82F2111D53F82140D3
:10B4A0002146DFE738B50346FFF76FFF0D46044638
:10B4B00011461846FFF769FF03EBC5050444600019
:10B4C00068801846FFF761FF014423F8314038BD1A
:10B4D00038B50346FFF759FF0C46A51A511A03EB7E
:10B4E000C40405444800608003EBC2006C00448043
:10B4F00023F8321018461146FFF747FF014423F89E
:10B50000315038BD38B50546FFF73FFF0C460144C2
:10B5100005EBC1035B88DA070AD42846FFF77EFFF4
:10B5200021462846FFF731FF22182846FFF7BAFFC9
:10B5300035F83410611A05EBC1035B88DB070CD4C6
:10B540002846FFF76BFF35F834102246611A28466B
:10B55000FFF7A8FF35F83430E41A21462846BDE845
:10B560003840FFF717BF2DE9F8430E1F361AF708CA
:10B5700026F00706331D0344C91A02F0070301F041
:10B5800007040B33C908234401EBD20404EBD304B2
:10B59000836839469C4228BF1C460546FFF7F5FEE6
:10B5A000844281460DD010D22E443A192846FFF726
:10B5B0008FFF738843F00103738011462846FFF71D
:10B5C000A1FF01221046BDE8F88307EB000805EB58
:10B5D000C802528812F0010224D141462846FFF7E2
:10B5E000D4FE48448442EDD82846FFF717FF414671
:10B5F0002846FFF7CAFEA4EB0909814507D23A198C
:10B600002846FFF765FF11462846FFF7C3FE284688
:10B6100042463946FFF746FFA819438843F0010325
:10B620004380CEE70022CDE761B100680439091AF2
:10B6300021F007030344C9085A8822F001025A8006
:10B64000FFF760BF704710B503680A1FD21A0C4697
:10B650001846D108FFF799FE03EBC1031B1B03EB50
:10B66000C00010BD70B5056809B9002070BD01F0BB
:10B6700007030B33CC0804EBD304AB689C4228BF10
:10B680001C4621462846FFF7D6FE06460028ECD089
:10B6900001462846FFF779FEA04207D9321928460D
:10B6A000FFF716FF11462846FFF774FE05EBC602AA
:10B6B0001046538843F0010353800430D6E7F8B5B1
:10B6C000054616460C4621B9BDE8F8401146FFF77D
:10B6D000C9BF22B9FFF7A8FF00242046F8BD0068C3
:10B6E000FFF741FF0028F8D131462846FFF7BAFF9F
:10B6F00007460028F0D021462846FFF7A4FF8642DF
:10B700003246214628BF0246384618F0FFFB214644
:10B710002846FFF789FF3C46DFE7043A2DE9F04170
:10B72000CC1D114424F0070421F007010E1BF7087B
:10B73000B7FA87F2C2F12405AD004FF000080735D3
:10B74000C2F12002ED0804604146A760C4F80C80F5
:10B75000920004F1100018F001FC6B0043F00103AB
:10B76000638004EBC5027B1B5900A4F80080518064
:10B77000A21924F83550A2F80280A35304EBC703A2
:10B7800029465A8842F001025A802046BDE8F0411D
:10B79000FFF700BE002070470FB407B504A951F8A9
:10B7A000040B0191E4F7D0FE03B05DF804EB04B0A4
:10B7B0007047038B13F0070305D10368002B0CBF00
:10B7C000002003207047022B05D1408BB0FA80F097
:10B7D000400980007047012B05D10368002B0CBF86
:10B7E0000020052070470020704710B50C4600B1BE
:10B7F00011B96FF0150010BD081D00F093F8002876
:10B80000F9D1A368032BF6D9F3E72DE9F0410D46F2
:10B8100007461946281D90461E4600F094F8044637
:10B8200038B13346424629463846A446BDE8F04181
:10B830006047BDE8F08110B4EFF31182202484F357
:10B840001288BFF36F8F416110BC0121E4F7AEBED7
:10B8500038B50C46054658B151B10B6843B14B6839
:10B8600033B11C22002118F079FB2C61002038BD77
:10B870006FF01500FBE770B505460E46FFF7B5FF04
:10B88000041E14DBEFF31182202383F31288BFF32D
:10B890006F8F6B8B2C8B4FF6FF718B4204F007047C
:10B8A00007D182F31188BFF36F8F6FF00A0420462F
:10B8B00070BD022C0CD101336B8382F31188BFF36E
:10B8C0006F8F0023224631462846FFF79EFFEEE7A2
:10B8D000062C14D8DFE804F004131313041A040030
:10B8E000002333606B683BB9C5E90066ACB902213F
:10B8F0002846E4F75BFEDAE71E606E60F6E782F347
:10B900001188BFF36F8F6FF00404D0E782F31188C2
:10B91000BFF36F8F6FF08504C9E782F31188BFF31F
:10B920006F8FC4E7034658B1426802F00302012A50
:10B9300003D0032A04D1026812B100209860704736
:10B940006FF0150070474268816002F00302032A1D
:10B950004FF0000203460CBF006810465A60704763
:10B960007047F0B403460A461979DB880068134330
:10B97000DC028768066906D513F4402F03D0DA0786
:10B9800048BF83F44023346801258D4023F480129E
:10B99000DB074CBF2C43AC4334603B68F0BC18471A
:10B9A00003460A4600681979012303FA01F1036985
:10B9B0001B68194218BF82F0010212B18368DB686C
:10B9C000184783681B69FBE743681868836804317C
:10B9D0005B68184770B544681D46E368164683B136
:10B9E0000C3401212046FFF7DBFF00280BDB294642
:10B9F000304618F0E9F920460021BDE87040FFF715
:10BA0000CFBF6FF0850070BD70B5446805692068D0
:10BA100018F07BF810B96FF0120070BD606830B993
:10BA2000E06888B9284618F0C1F80020F5E7261D1F
:10BA300018F06BF80028EED04FF400313046FFF7D5
:10BA400090FF0028ECDAE8E70C3418F05EF80028E4
:10BA5000E1D04FF4B0112046FFF783FF0028E1DA70
:10BA6000DBE72DE9F04F87B0D0F804B0DDF8448073
:10BA7000076906460D4691469A464FF0FF324FF051
:10BA8000FF333846FEF7BCF8041E24DB2B78022B6C
:10BA900039D19BF81430082B35D102AB04930DF14A
:10BAA00007020123CDE9022376688DF807A00593EC
:10BAB000B9F1000F13D00021301DFFF771FF30687E
:10BAC000836804AA1C68291D0023A047041E07DA06
:10BAD0003846FEF70DF9204607B0BDE8F08F4C461A
:10BAE000B8F1000FF4D0109B0121301DCDE90238D0
:10BAF000FFF756FF3068836804AA1C68291D0023DD
:10BB0000A0470446E4E76FF08504E1E707B51B684A
:10BB1000CDE9002300231A46FFF7A3FF03B05DF829
:10BB200004FB13B5049CCDE9003413460122FFF752
:10BB300098FF02B010BD012801D1EFF30583FDF796
:10BB400069BE01460068FFF7F6BF08B5E4F742FE9C
:10BB5000BDE80840E4F762BE00210120FFF7EBBF1B
:10BB600061B662B680F31188BFF36F8F704772B60B
:10BB7000002383F31188BFF36F8FBFF34F8F30BF64
:10BB800062B6BFF36F8F704772B6002383F31188DC
:10BB9000BFF36F8FBFF34F8F20BF80F31188BFF3C8
:10BBA0006F8F62B67047202809D9B0F1004F08D8CE
:10BBB0000138B0FA80F0C0F11F0040007047082043
:10BBC00070473E20704708B5E5F742FA002008BDEF
:10BBD0000369C9B20C2201FB0233186C00F00700A4
:10BBE000704770B5C9B20369EFF31185202484F35F
:10BBF0001288BFF36F8F0C2606FB0134246C14F0FF
:10BC0000C00408D0A24206D085F31188BFF36F8F1D
:10BC10004FF0FF3070BD06FB013301221A6485F33B
:10BC20001188BFF36F8F436803EBC1035B689847CC
:10BC30000020EFE78022FFF7D4BFF8B5069F046924
:10BC4000C9B2EFF31186202585F31288BFF36F8FF9
:10BC50000C2505FB0144256C05F0070CBCF1010F18
:10BC60000CD1276486F31188BFF36F8FC4E90E23CC
:10BC7000436853F8313098470020F8BD05F0C005FF
:10BC8000AF4286F31188BFF36F8F0CBF6FF0770060
:10BC90004FF0FF30F1E713B580240094FFF7CDFF9C
:10BCA00002B010BD10B40069CBB21C2403FB040029
:10BCB000002110BC10470020E7F766B9002000F013
:10BCC000CCBD1046FEF764B838B50B46446805692C
:10BCD00010220021184618F041F9112242606A78BA
:10BCE0000273AA7812F0FD0F0BBFA28CE28C0280C7
:10BCF00002800CBFE28CA28C4280AA78427338BDCD
:10BD000037B50D46416848688468246808312CB10D
:10BD1000009313462A46A04703B030BD6FF057008A
:10BD2000FAE737B5436805691B6808228DF80720D4
:10BD30001B780C46D3B9032906D8DFE801F00211BD
:10BD4000131548238DF8073001230DF10702362122
:10BD5000FFF7D6FF0028A4BF0020AC7003B030BDB1
:10BD60002823EFE78823EDE7E823EBE7012BEBD16E
:10BD7000022905D0032905D00129E5D1A823E1E74F
:10BD8000C823DFE76823DDE773B5102905690C4692
:10BD900012D0012913D1662303268DF807300DF147
:10BDA000070201233A21FFF7ABFF002802DB6C708A
:10BDB0002E70002002B070BD55230226EDE76FF013
:10BDC0008500F7E72DE9F04F904687B09A88B3F8E1
:10BDD00006A0109E476805691C464BBAADF80C30AA
:10BDE0008B18013B013AC3F30723114443EA0121B5
:10BDF000ADF80E10042303AA2A218146FFF780FF25
:10BE0000002838DB98FA98F3D04408F1FF38ADF8F1
:10BE10000C30C8F3072343EA0823ADF80E3003AA19
:10BE200004232B214846FFF76BFF002823DB2189E1
:10BE3000A288B4F80680914220D90123ADF81230CF
:10BE40002B784B430393A37A8DF816300023ADF87B
:10BE50001020ADF814202C211A464846FFF750FF59
:10BE6000002808DB4FF0000907F1080A1FFA89F3E0
:10BE700098450CD8002007B0BDE8F08FADF81280CF
:10BE80002B78534308FB03F34FF00108DAE7786897
:10BE90006B788268D2F808B0BBF1000F0DD0009328
:10BEA000324603AB5146D847002809F10109E2DBCD
:10BEB00023892A7802FB0366D8E76FF05700DAE798
:10BEC00000231A462921FFF71BBF00231A46282109
:10BED000FFF716BF38B543680446586817F015FEDB
:10BEE000002858D0636858688368D96841B1212216
:10BEF00000238847002803DBA420002117F064FFFB
:10BF000000231A4601212046FFF7FAFE002827DB0E
:10BF10000021A42017F058FF2046FFF7D6FF6568E0
:10BF200095F82030002B14BF012110212046FFF787
:10BF30002BFF002814DB698C29B15A2911D0B429B0
:10BF400014BF032102212046FFF7EBFE002807DB88
:10BF500095F828303BB92B6B2046984700280BDA20
:10BF600038BD0121EFE700231A4621212046FFF7C3
:10BF7000C7FE0028EFDAF3E700231A461121204616
:10BF8000FFF7BEFE0028EBDB40F65D70002117F0E6
:10BF90001BFF0020E4E76FF01200E1E738B54368CB
:10BFA000DD6A262101232A460446FFF7A9FE002860
:10BFB00044DB02236A1CB1212046FFF7A1FE0028C2
:10BFC0003CDB0323EA18B6212046FFF799FE002840
:10BFD00034DB0223AA1DC0212046FFF791FE002872
:10BFE0002CDB012305F10802C1212046FFF788FE62
:10BFF000002823DB022305F10902C5212046FFF7B3
:10C000007FFE00281ADB012305F10B02C721204621
:10C01000FFF776FE002811DB0F2305F10C02E0216B
:10C020002046FFF76DFE002808DB0F2305F11B02F9
:10C03000E1212046FFF764FE00EAE07038BD436866
:10C040005B68D3F810350B600020704743685B686D
:10C0500002EA010021EA0201C3F80805C3F80C1541
:10C060000020704743685B680020C3F808157047DC
:10C0700043685B680020C3F80C15704743685A6832
:10C08000D2F8043521EA03000B40C2F80805C2F8D3
:10C090000C350020704710B503695868F8B1884224
:10C0A00019D19C6808685860A14200D198600020AE
:10C0B00008602AB15A680A609A68596002B99960A2
:10C0C000002010E0814206D1086820609868814213
:10C0D000EDD19C60EBE7044600680028F2D1002A0D
:10C0E000E8D16FF0150010BD37B5044600220121DC
:10C0F0000320E4F7A1FD6368DD6901AA0021284659
:10C1000000F010F900280DDB019B2A6819791868E6
:10C11000E5F7E8FE002805DB204603B0BDE8304027
:10C12000E5F754BD03B030BDCA074368006905D4C4
:10C13000C1F34202012A04D0022A0AD06FF015008E
:10C1400070471B684FF0CC72C3F8242501600020B3
:10C1500070471B684FF0CD62F6E71438FDF7C4BF97
:10C1600010B586B0009203930122089B01920493BC
:10C17000002207238DF808208DF814309DF8143024
:10C18000826843F002038DF8143094680B46022253
:10C190006946A04706B010BD2DE9F04350F8045C95
:10C1A00087B06F682E69F868398A022301248DF8F8
:10C1B000123000940DF111030DF11202FFF7D0FFC0
:10C1C00000283FDB9DF8113003F00F038DF811308C
:10C1D000002B3AD003238DF813300423F868398AF2
:10C1E00000930DF1130205ABFFF7BAFF002829DB1E
:10C1F0009DF814309DF815209DF817101B0203F4CC
:10C2000070631A439DF81630180203F00F0300F410
:10C2100070600F2B41EA000117D04FF0FF384FF04C
:10C22000FF392846CDE9008900F051F8CDE90289AF
:10C23000009423464FF4A57221462846E4F77CFF7C
:10C2400086F8504007B0BDE8F08396F850300BB93F
:10C250000024F5E74FF0FF324FF0FF330121CDE925
:10C260000223009100234FF4A5722846E4F764FFEF
:10C27000EEE737B50C460569836801A95B68984706
:10C2800048B9019B2A685A40012303FA04F10A4283
:10C2900014BF1846002003B030BD70B551F8043CFF
:10C2A0005B681E680C464FF4004540F2E730002101
:10C2B0004FF47A720023E6FB0501E3F771FF0246B3
:10C2C0000B4604F11400BDE87040FDF781BF2DE975
:10C2D000F0430B46416804461546087A8A7A85B0D1
:10C2E000DDE90C6782F0010908B10868C31A487AD1
:10C2F00008B149684D1B4FF00008CDE90267CDF841
:10C30000008003212046E4F717FFCDE90267CDF84E
:10C3100000802B464A4603212046E4F70DFF05B076
:10C32000BDE8F08330B543681360057A446804EBD8
:10C33000C504A34202D36FF0010030BD5C798C428A
:10C3400001D00833F0E70020F7E770474368DB6B64
:10C350000020C2E9003070472DE9F341BDF820C04C
:10C3600045680469032906460CF0010C5ED8A87FD5
:10C37000012808BF5B084FF0010008BF5208884041
:10C38000002B56D0934257D22768BA4211D0277952
:10C3900087434BD19646BEF5004F42D2226067716B
:10C3A0002A6895F81E80C2F80C75C2F80485C2F898
:10C3B00008E5627923FA02F292B24FF0010E776833
:10C3C0008CF00108BF6A42EAC83227F81120C7B2D0
:10C3D000BEF1000F3FD12A6801F5AC7152F821205F
:10C3E000002A0FDBBCF1000F4AD0B3FA83F35B09DC
:10C3F0003BBB01A80192E5F747FE019A0123934058
:10C40000C0F80C35217921EA0701217139B3A379EC
:10C4100073BB1023012205F128012846E7F700FB32
:10C4200022E00137082F4FEA5E0EB4D16FF01500FD
:10C430001BE09E461A46C2E74FF0000E47F6FF7219
:10C44000BDE701A80192E5F71FFE019A0123934081
:10C45000C0F80835D6E723793B432371D7E77068E6
:10C46000E7F71CFB0123A371002002B0BDE8F081B7
:10C470000023A371284600F0E5FA0028FAD0C8E7A7
:10C48000003B18BF0123B3E743681B68D3F880045F
:10C49000C3F88004704742681368D3F8100150B1A4
:10C4A000D269002012780A70C3F81001D3F8102165
:10C4B00001221A6070474FF0FF3070470268034650
:10C4C000D2F8580140B95B68DB0706D4D2F82001E6
:10C4D000003818BF012070470120704743681B686F
:10C4E000D3F80423D20517D5D3F82021A2B1EFF356
:10C4F0001182202181F31288BFF36F8FD3F82011AE
:10C5000031B10021C3F82011D3F820110121D960E5
:10C5100082F31188BFF36F8FD3F858317047002230
:10C5200001212F20E4F788BB10B50B6813B9136005
:10C53000184605E003685C681CB11460036818685D
:10C5400010BD083303600B68013B0B60EDE713B5CA
:10C5500001AA0446FFF7E6FE002805DB019B2268DE
:10C5600019791868E5F7BEFC02B010BD03460A460B
:10C5700000681979012303FA01F103691B68194264
:10C5800018BF82F0010212B18368DB681847836824
:10C590001B69FBE738B50569446895F85D302BB138
:10C5A0002046E7F7DFFC002385F85D30E06B0121D2
:10C5B000FFF7CDFF002038BD10B504460068D0B1AC
:10C5C0008368C3B149B101210830FFF7CFFF236869
:10C5D0001869BDE8104017F093BA12B98388DB04DC
:10C5E00009D4006917F08CFA20680021BDE81040DA
:10C5F0000830FFF7BBBF10BD10B501220021044673
:10C60000FFF7DAFFA36933B9636004F11000BDE8F6
:10C610001040FDF7BDBB10BD10B5006903688B422B
:10C6200006D190F85C4034B9FFF7E6FF204610BD14
:10C630006FF01500FBE76FF00F00F8E72DE9F84306
:10C640004468066905460021E06BFFF780FF00287B
:10C6500022DB216C481C16D1636B9847B468012714
:10C660000834D6E9023203EBC203A4F10802934274
:10C6700014D83046FFF7C0FF6B680021D86BFFF776
:10C6800066FF002008E004F14400E6F76DF810F1C1
:10C69000130F01D0411DDFD1BDE8F88354F8080C19
:10C6A00017F033FA28B354F8080C14F8041C34F8C3
:10C6B000023CD0F810E0D0F80890DEF800C0DA07AD
:10C6C00054BF43F4B01383F4D01323F4801207FA59
:10C6D00001F8DB074CBF48EA0C032CEA0803CEF84C
:10C6E0000030D9F800309847002804F10804B8DA7F
:10C6F000D2E76FF01200CFE738B505690446296329
:10C7000005F12000FDF744FB002285F85C2020693C
:10C710001146BDE83840FFF74FBF38B502780346F1
:10C72000002A52D10C69A26D32B9606D6FF07301AD
:10C73000BDE83840FFF7E0BFE06C40B1216D31B19A
:10C74000DB6823B1834202D0616E17F0DFFBA36C7C
:10C75000A56D9BB19D4211D85B1BA3644BBB636B62
:10C7600008336363A36B013BA36304F1480204F144
:10C77000380104F13400FFF7D7FE6064236D9BB1EC
:10C780009D4211D85B1B2365CBB9E36B0833E36390
:10C79000236C013B236404F1500204F1400104F1D5
:10C7A0003C00FFF7C1FEE064606DBDE83840E5F78E
:10C7B000AFBD636C002BE1D02B446364DEE7E36C18
:10C7C000002BF1D02B44E364EEE738BDF8B50C46FE
:10C7D000054600F0D5F80022214606462846E6F731
:10C7E0001FFF03212046E5F79FFF00F023F80746CF
:10C7F0002B689B5953B100262146284600F0BEF80D
:10C8000020460121E5F790FF3046F8BD00F012F810
:10C81000C01B0628ECD96FF07306EDE700F150035A
:10C820009B009BB203F1804303F5883300221A601A
:10C830001B68704708B5E6F73DF808BD004717F0DC
:10C840005FB9C00000F1804000F5F830C0F8101565
:10C85000C0F814257047E7F719B8E6F711BBF7B52C
:10C86000019001A8DDE9084716461D46E6F71EFCC3
:10C87000019BB6F1000C18BF4FF0010C00EB8300D8
:10C880000B1E18BF0123002D43EA4C0314BF4FF0C9
:10C890000C0C4FF0000C002C43EA0C0314BF4FF4B7
:10C8A000E06C4FF0000C002F43EA0C03D0F8002797
:10C8B00014BF4FF4403C4FF0000C43EA0C0322EA53
:10C8C000030301B109780EB13678760019430DB132
:10C8D0002D78AD0031430CB12478240229430FB1E7
:10C8E0003F783F040C433C43C0F8004703B0F0BD21
:10C8F0001FB50DF10F03019300238DF80F10009366
:10C900001A461946FFF7ABFF05B05DF804FB08B502
:10C910000146E6F71DFC40B10846E6F701FC00B20F
:10C92000800000F5807080B208BD4FF4BE70FBE758
:10C9300038B5054608460C46E6F70AFCB0B108468D
:10C94000E6F7FAFB90B90846E6F7EAFB2A68012306
:10C950008340C2F808332A6803B202EB8303D3F89A
:10C96000102522F00302C3F8102538BD204600210F
:10C97000BDE83840FFF7BCBFE6F770BCFFF7D8BF93
:10C980000846FFF7C4BF30B502240C72CA600468C1
:10C990000125C4F80055096879B112F0040F0CBFE5
:10C9A00082219221150748BF41F02001D406046876
:10C9B00048BF21F08001C4F800139B0001680833D0
:10C9C00012F0800006BF0122CA50C81830BD30B531
:10C9D000A2F58075AD080124AC400C4207D0815807
:10C9E00029B10021815082581A6822431A6030BD53
:10C9F00013B500230C4601934FF4887201ABFFF787
:10CA0000E6FF21464FF48A72FFF7E1FF21464FF41B
:10CA10008E72FFF7DCFF21464FF48272FFF7D7FFDB
:10CA200021464FF48472FFF7D2FF21464FF48672FD
:10CA3000FFF7CDFF4FF48C722146FFF7C8FF019836
:10CA400002B010BDE6F738BF70B5A2F58074A40837
:10CA5000012606FA04F4054614EA010008D0A85895
:10CA600030B10021A950AA581A6822431A603046F2
:10CA700070BD2DE9F341002304460D460193904615
:10CA800001AB4FF4A672FFF7DFFF4FF48272294625
:10CA90002046FFF7D9FF4FF48C72074629462046FF
:10CAA000FFF7D2FF064630B1B8F1000F1DD017B125
:10CAB000D4F83C353E4601AB4FF4887229462046F7
:10CAC000FFF7C2FF30B1B8F1000F03D016B90FB1B4
:10CAD000D4F83C3501AB4FF4907229462046FFF75D
:10CAE000B3FF019802B0BDE8F0814646E3E707B521
:10CAF000019001A8E7F730F8019A01239340C0F8AC
:10CB0000083503B05DF804FB07B5019001A8E7F70D
:10CB100023F8019A01239340C0F80C3503B05DF867
:10CB200004FB30B5D0F804312BB10023C0F8043138
:10CB3000D0F80431012391F82F2022B30022C0F84D
:10CB40002421D0F82441C0F81C21D0F81C41C0F8A1
:10CB50000821D0F80821002B79D0002281F82D205F
:10CB600091F82F20002A37D14D6B8C6AA5421FBF48
:10CB70000523C0F80025C0F80035134683F00103F3
:10CB800081F82F3028E0D0F8244114B1C0F82421D6
:10CB90000EE0D0F81C216AB3C0F81C41D0F81C216B
:10CBA0004A6B01324A63D0F8245145B1C0F82441A0
:10CBB000D0F824210122426181F82F20CBE78C6A32
:10CBC000A24204D24C6AA25CC0F81C25C3E791F8CB
:10CBD0002C201AB10123C361002030BD0A6A12F073
:10CBE000400F4FF0010203D0C26181F82D20F3E71E
:10CBF0004261B0E7D0F80841002CACD0C0F8082161
:10CC0000D0F80841D0F82441002CBFD14A6B8C6A7F
:10CC1000A242A0D24C6AD0F81855A5544A6B8C6A2F
:10CC20000132651EAA424A6308D10A6A540602D438
:10CC30000222C0F80022012202628CE7A242FAD14D
:10CC40000A6A520687D5022381F82D30C4E70120F5
:10CC5000C3E707B5019001A8E7F76EFD019A01232C
:10CC60009340C0F8083503B05DF804FB70B5064684
:10CC70000020EEF739FB002504460CB9284670BDAC
:10CC800020460EF0B0F901280AD020460EF0B1F986
:10CC9000864208BF25462046EEF726FB0446ECE711
:10CCA0002546EBE72DE9F047037FDC07054688467C
:10CCB000924602D50020BDE8F087C668BEB137466F
:10CCC0004FF0010931462846D047B8420446F1D01A
:10CCD0003E46ACB92B7F1907ECD5B9F1000FE9D06E
:10CCE0002846C047044636B14FF00009F1E71A075D
:10CCF000F6D488470446002CDCD026464FF00009C5
:10CD0000206800F081FC030638D4276837BBEB6845
:10CD1000A342CFD073B128461E68FFF7A7FF1421A6
:10CD200002463046E7F724FE0128C3D1EB681868B5
:10CD300002F06DF8EC6028462468FFF797FF132196
:10CD400002462046E7F714FE0128B3D1EB681868C5
:10CD500002F05DF82B69A3B90120ACE70121384648
:10CD600000F046FC20B9384603F058FD0746CDE7F1
:10CD70000121384600F03CFC0028C8D03746264642
:10CD8000A0E728469847E7E770B5064600F044FC60
:10CD90000446002838D0C368E3B11B68B34219D1F8
:10CDA000037FDA0744BF6FF30003037710F053FAF1
:10CDB000E368834229D1204610F050FAE368984294
:10CDC00023D105682046FFF751FF1421024628466B
:10CDD000E7F7CEFDE36823B11B68B34204BF00232D
:10CDE000E360204610F037FA054668B12B68B3427D
:10CDF000294620461CD110F0EEF92846F2F71CFE19
:10CE0000B3680BB100225A6070BD237FC3F3C00525
:10CE100043F0080323775B07204606D4E7F716FDA7
:10CE2000237F65F3C3032377D4E7E7F723FDF7E711
:10CE300010F017FAD8E770B50D46044618B3084647
:10CE4000FFF7A2FFAB6813B9284600F013FEAB68EA
:10CE500020465C6010F0A3F90646A0B105602046AC
:10CE600010F0F9F986420ED1237FC3F3C00543F0D9
:10CE7000080323775B07204606D4E7F7E7FC237F08
:10CE800065F3C303237770BDE7F7F4FCF7E710B150
:10CE9000C06800B10068704713B50191FFF7F7FF54
:10CEA000044610B9012002B010BD802100F0AEFB95
:10CEB0000028F7D101AA11212046E7F759FDF2E732
:10CEC00038B5027FC2F340048C42034617D061F3A9
:10CED00041020277FFF7DBFF044680B1DA681846AB
:10CEE0001568FFF7C3FE132102462846E7F740FD09
:10CEF000012804D12046BDE8384001F088BF38BD84
:10CF0000F8B5064670B100F087FB044650B1017FCA
:10CF100011F0010106D1FFF7D3FF204610F09BF975
:10CF2000054600B9F8BD2B689E4229D1E36883B15C
:10CF30001F68BE420DD02046FFF798FE142102461E
:10CF40003846E7F715FD0128ECD1E368186801F0D1
:10CF50005EFF2369E5600BB120469847E3682046F1
:10CF60001D68FFF783FE132102462846E7F700FD00
:10CF70000128D7D1E3681868BDE8F84001F047BF41
:10CF80002946204610F06DF9CAE710B1007FC0F3C2
:10CF90004000704710F06CB92DE9F3414E680C4623
:10CFA0002EB33046E8F700FC0746304602F070F931
:10CFB0001022804600213046B56902F0D9FE2B18B8
:10CFC000A3EB0803A361013B23620190122200211D
:10CFD0003046756902F0CCFE0544E81B60610138FB
:10CFE000E0614BF67633636202B0BDE8F08141F652
:10CFF0007603F8E72DE9F04FB0F828B08B4589B0FB
:10D000000446884607D00A46594602F0E9FE8146A2
:10D0100020B9A4F8288009B0BDE8F08F204601F0BF
:10D02000F6FE2046A4F8288003F015F84FF420708F
:10D03000F2F7F0FC00266FEA08030746354607932F
:10D04000628DC2F30513B3421BD9202D19D0E168BC
:10D0500001EBC60CF000DCF80430C3F3170E9BB2F2
:10D060000593DDF814A0079B13EA0A0F38D19CF84A
:10D07000073013F0020309D00136C2F305139E42B4
:10D08000E5D314233E4603FB057566E00A58117A82
:10D090001268FF2920D002EB8100994220D910F8B4
:10D0A00001ABBAF1680F1DD152F8233004E0682BB0
:10D0B00002F1080210D14B680EF47F0206920021A3
:10D0C0001A6812F801A0BAF1000F09D0202D07D07C
:10D0D00000203A4603901BE013781146002BE6D15E
:10D0E0000136ADE70133D8E7107A50450CD15068CE
:10D0F000049000F47F0E0698864505D1BDF8100017
:10D10000DDF814E070451CD203980130039014320E
:10D1100003988542E8D114226A43D3F80CE027F83B
:10D1200002E0B8181A6942809A68C2601A68525CB4
:10D1300002725A680261DCF80420C2F317024260EE
:10D1400001350131BCE77168009643465A4601F447
:10D150007F012046E8F7AEFF1436B542F3D13846DA
:10D16000F2F76AFC09F0FD03012B08D1FF224FF40E
:10D170007021204609B0BDE8F04FE8F761BEB9F173
:10D18000020F7FF448AF204601F041FE204609B06F
:10D19000BDE8F04F01F0F7B92DE9F041A6B0054622
:10D1A0000FF001FE064628460FF0F9FD1A2E044640
:10D1B0007DD128460FF0FBFD0378022B064609D0EF
:10D1C0002D220021204602F0D3FD05460A9020B111
:10D1D0000223337026B0BDE8F08101460C222046C0
:10D1E00002F0C6FD6A2207460A902946204602F050
:10D1F000BFFD6B2280460A902946204602F0B8FD0A
:10D200000A9063690A93A3690B93E3690C9302463E
:10D21000236A0D9341460AA80EF0EFFE70683A4665
:10D220000AA90EF0C0FF08B90123D2E71D22294642
:10D23000204602F09DFD0690C0B2FC28F4D962227F
:10D240002946204602F094FD0690C0B2FC28EBD996
:10D2500020222946204602F08BFD0690C0B288B1FC
:10D2600025222946204602F083FD0690C0B2FC2804
:10D27000DAD924222946204602F07AFD0690C0B26F
:10D28000FC28D1D926220021204602F071FD06900B
:10D2900020B1827A002303309A4201D8002398E714
:10D2A00003EB8301415CFC29BED90133F4E71D2E59
:10D2B00039D1284601F0B6F905460AA8EBF72CFC4F
:10D2C0000AAA002120460E9500F005FD3522002116
:10D2D000204602F04DFD069028B19DF8713043F0D4
:10D2E00020038DF871306A220021204602F040FDB3
:10D2F0006B22064606900021204602F039FD06907A
:10D3000063690693A3690793E36908930246236A56
:10D310000993314606A80EF070FE06AA0AA928460F
:10D3200004F03CFB56E7202E7FF454AF284601F072
:10D3300079F906AA064602A9204602F06BF802A86F
:10D340000EF051FE002800F0AF800AA8EBF7E4FBD6
:10D350001D224FF48031204602F00AFD0190C0B238
:10D3600002288DF8480010D91C224FF48031204645
:10D3700002F0FEFCC0F30722C0F3074301908DF8D2
:10D3800049008DF84A208DF84B3032224FF480311D
:10D39000204602F0EDFC0190C0B202288DF870002A
:10D3A00017D930224FF48031204602F0E1FC0028EA
:10D3B00001901B9040F3C08031224FF48031204611
:10D3C00002F0D6FCC0F307430190ADF866008DF87B
:10D3D00068303E224FF48031204602F0C9FCC3B2CF
:10D3E000022B01908DF8943023D93C224FF48031E8
:10D3F000204602F0BDFC00280190219040F3A0805F
:10D4000042224FF48031204602F0B2FC3D220190CE
:10D4100024904FF48031204602F0AAFCC0F307228A
:10D42000C0F3074301908DF881008DF882208DF8BC
:10D4300083304FF48031204602F0DDFDFC280BD80C
:10D440009DF8483013FB00F3C3F307238DF84830F1
:10D450008DF870308DF894309DF870209DF848302C
:10D4600013439DF89420134324D00C224FF48031B1
:10D47000204602F07DFC0190119002A80EF0B3FD51
:10D4800030B1002302AA0AA930460C9304F086FAB0
:10D4900006A80EF0A8FD68B1012306AA0AA9304625
:10D4A0000C9304F07BFA05E006A80EF09CFD002822
:10D4B0007FF44BAF30220021204602F059FC0A9045
:10D4C00000283FF487AE35220021204602F050FCB0
:10D4D0000A9000283FF47EAE00250AA8EBF71CFB5B
:10D4E0000AAA294620468DF848508DF863508DF8D9
:10D4F00080508DF894500E9600F0EDFB6A2229467C
:10D50000204602F035FC6B2207460690294620464D
:10D5100002F02EFC069063690693A3690793E36902
:10D5200008930246236A0993394606A80EF065FD62
:10D5300006AA0AA93046F3E600238DF8703048E7C2
:10D5400000238DF8943074E770B5436A194288B0AF
:10D5500004460D4632D0E7F789FAEA0606460CD5AE
:10D5600004AA6946204601F055FF6946204601F0AD
:10D5700023FC04A9204601F01FFC636A23EA05038B
:10D580006362EB070AD5204601F041FC204603F018
:10D5900045F901F0FFF9204601F0FCF92046E7F7D4
:10D5A00065FA864202D115F0C07F07D0204603F00D
:10D5B00035F908B0BDE8704001F0ECB908B070BDB5
:10D5C000038D43EA010231EA030302D01146FFF75B
:10D5D00011BD7047038D0A461A4223EA010101D0AA
:10D5E000FFF708BD70470AB1FFF7EABFFFF7F2BFC8
:10D5F000436A99430CBF012000207047436A1942D7
:10D6000014BF012000207047008D7047038D194220
:10D6100014BF012000207047806800B14068704747
:10D62000F0B5084689B00D460FF0BDFB064628460A
:10D630000FF0B5FB012E044605D1202109B0BDE84D
:10D64000F040FFF7BDBF033E2F2E5AD8DFE816F09B
:10D650004C0059005900590059005900590059000F
:10D660003000130159001501590059006300590099
:10D67000ED002C0159005900930198019A018D0188
:10D68000830159008D01590059008D01590059003D
:10D6900059005900590059005900590059005101C9
:10D6A00059007C0159005900590059002E015300BE
:10D6B0002021FFF78FFF28460FF079FB0DF0C3FC08
:10D6C000F8B9636A1E071CD5238DDD074FF00101F1
:10D6D000204633D4FFF774FF00222321204609B0EF
:10D6E000BDE8F040E7F744B92021204609B0BDE885
:10D6F000F040FFF76FBF03F0C7F800250646B542BC
:10D7000001D109B0F0BDA3681B6853F8250001F0F2
:10D7100041F90135F3E7436A180715D5284600F0AB
:10D7200089FF132802D101212046D3E71128FAD01E
:10D73000142801D0122804D101212046FFF74AFF06
:10D74000CAE70A28DDD0C7E703F40163B3F5016F28
:10D75000D7D1204600F0C8F90028D2D12046E8F7FA
:10D7600023F807462046E8F777F80646284600F0F3
:10D7700061FF12280DD1204601F085FD05462046A7
:10D7800001F07DF9011EB8BF0331002205EBA101B4
:10D790000EE0112812D1204601F075FD0546204605
:10D7A00001F06DF9011E00DA03310022A5EBA101A1
:10D7B000204609B0BDE8F040E8F768B913281BD14E
:10D7C000204601F045FD8107D5D0002F01DC002E59
:10D7D000D1DD204601F052FD0546204601F04CF90E
:10D7E000011EB8BF0331002205EBA101204609B09C
:10D7F000BDE8F040E8F736B9142882D1204601F0A0
:10D8000027FD8207C7D0002F01DC002EC3DD204694
:10D8100001F034FD0546204601F02EF9011EB8BF87
:10D8200003310022A5EBA101E0E7436A5B0502D5C5
:10D83000012101F0D3FD2046FFF7EEFEFFF7A5FB27
:10D840000646EDF75BFD10B92846E7F7FFF80DF047
:10D85000CAFB022808D0042814BF022106212EB1D9
:10D8600041F008012046E9E60621F8E72046FFF7E7
:10D87000A7FE082139E74021F4E74021FFF7AAFE7F
:10D88000204601F0DCFC02287FF43BAF04AA694685
:10D89000204601F0BFFD6946204601F08DFA04A93B
:10D8A000204601F089FA2CE70E211EE70A2200210A
:10D8B00002F05EFA1622049005460021204602F08E
:10D8C00057FA049080B208B9EDB215B1204601F0C4
:10D8D00061F8204602F0D8FF00250646B5423FF425
:10D8E00010AFA3681B6853F8250001F053F8013509
:10D8F000F4E70122002102F03BFA02220490002109
:10D900000746204602F034FA0A2204900021064617
:10D91000204602F02DFA16220490054600212046EA
:10D9200002F026FA049080B240B9EDB235B96FF03A
:10D9300040439F4202D09E427FF4E3AE204609B0AE
:10D94000BDE8F04001F026B890F82A3043F0020319
:10D9500080F82A30F2E7002100F0A9FD01462846B0
:10D9600009B0BDE8F04000F07DBE284609B0BDE832
:10D97000F040FFF711BC2021FFF72CFE4021B4E658
:10D9800010216FE71021B0E610B508460C46F1F7FC
:10D9900023FA0020E8F74EFA2046E8F713FB0120AF
:10D9A000E8F748FA00212046F1F70EF82046FFF785
:10D9B00033FE10B12046FFF7E7F9A3687BB1186882
:10D9C00020B1F2F739F8A36800221A60A068083085
:10D9D0000FF0CBF9A068F2F72FF80023A36010BD79
:10D9E000F0B5436A31EA030389B004460D4626D0F8
:10D9F000E7F73CF8E907074623D4636A2B436362E1
:10DA00002046E7F733F8874202D115F0C07F07D0F0
:10DA1000204602F003FF00F0BDFF204600F0BAFFF1
:10DA2000EB060CD504AA6946204601F0F3FC6946D2
:10DA3000204601F0C1F904A9204601F0BDF909B062
:10DA4000F0BD204601F0E3F9636A2B436362238D46
:10DA50009A07D5D52046FFF7DFFD06460028CFD030
:10DA6000E6F7F4FE3046FFF712FA0028C8D001F0BE
:10DA7000CEF9C5E710B5836804467BB93420F1F7C9
:10DA8000C9FFA06050B1438E43F470734386A2680F
:10DA900092F8323043F0030382F8323010BD18B1EF
:10DAA0000068431A58425841704770B50E68336891
:10DAB00005460C461BB10B60FFF7F7FF2660736845
:10DAC00023B121462846BDE87040184770BD10B507
:10DAD0000446206883680BB12146984723681B6879
:10DAE0000BB12360F5E710BD006838B190F8203025
:10DAF00013F00303F8D0013B5842584170470068C7
:10DB000038B190F8203013F00C03F8D0043B5842A1
:10DB10005841704738B50446B0B300F03BFF0020D1
:10DB2000E8F788F9204610F08DFE21462068FFF7BF
:10DB3000BCFF0120E8F77EF9FF224FF47021204658
:10DB4000E8F77EF9204600F0E0FFE6F779FE0246AE
:10DB500038B12046FFF7D3FF18B121461046FFF732
:10DB60006AF9204602F05AFE054668B122462A218B
:10DB7000E6F7FEFE224628462B21E6F7F9FE204670
:10DB8000BDE8384001F043B938BD30B5582285B002
:10DB900004460D4602F0ECF829460246204602F003
:10DBA0001BF90346DAB2002062F30700C3F3072231
:10DBB00062F30F20C3F3074363F3174005B030BD92
:10DBC000F0B587B006469DF830500193D2B1D2F837
:10DBD000390092F83C40039029B10246304602F0E9
:10DBE00013FD0390040E85B184B1294601980EF00F
:10DBF00020FE8DF80F400146039807B0BDE8F040C5
:10DC00000EF0BFBF02F034FDEBE734B901982946AE
:10DC100007B0BDE8F0400EF00CBE8DF80F40039B3E
:10DC200005939DF81430284663F307009DF81530DE
:10DC300063F30F209DF8163063F317409DF81730FB
:10DC400063F31F6007B0F0BDF0B587B007460193DE
:10DC5000134652B3D2F8390093F83A6092F839205B
:10DC600093F83B5093F83C4049B10246384602F0E5
:10DC7000CBFCC2B2C0F30726C0F30745040E314601
:10DC800028460EF035FE8DF80C00C0F30723C0F3D4
:10DC900007408DF80D308DF80E000199039822464B
:10DCA00007B0BDE8F0400EF0EBBE02F0E1FCE0E7AB
:10DCB00013B55AB192F8384029B1622202F058F8EF
:10DCC000C0B24443240A204602B010BD02B0BDE8F1
:10DCD000104002F090B9F0B5C2E900018BB01446D3
:10DCE000126906460D46FFF7E3FF074675B10228A5
:10DCF0000CD8002384F8203084F83B3084F8483076
:10DD000084F8583084F86C300BB0F0BD0C222946F2
:10DD1000304602F02DF894F820300990E061002B95
:10DD20003FD01D222946304602F022F80990C0B2A9
:10DD3000022884F8200034D91C222946304602F0FB
:10DD400017F8294602460390304602F045F8C0F322
:10DD50000743ADF81C008DF81E30079B226909901F
:10DD600029463046FFF770FFC0F3072384F82100EF
:10DD7000C0F3074084F82300294684F82230262285
:10DD8000304601F0F5FF01460990002800F0488177
:10DD9000C37A1A0700F044810C2204F1240010F029
:10DDA00082FB94F84830002B3FD030222946304681
:10DDB00001F0DEFF09906064B8B332222946304694
:10DDC00001F0D6FF0990C0B2022884F848002CD98F
:10DDD00034222946304601F0CBFF94F849300990AF
:10DDE00060F3040384F8493031222946304601F0BB
:10DDF000BFFF29460246304601F0EEFFC0F307435D
:10DE00000990ADF824008DF82630099B2269294637
:10DE10003046FFF719FFC0F3072384F83E00C0F334
:10DE2000074084F83F3084F8400094F85830002BC5
:10DE30003AD038222946304601F09AFF09902065F1
:10DE400090B33A222946304601F092FF0990C0B2C1
:10DE5000022884F8580027D93B222946304601F091
:10DE600087FF3922099060652946304601F080FF1E
:10DE700029460246304601F0AFFFC0F30743099040
:10DE8000ADF824008DF82630099B226929463046DA
:10DE9000FFF7DAFEC0F3072384F84A00C0F3074017
:10DEA00084F84B3084F84C0094F83B30002B3DD084
:10DEB00028222946304601F05BFF09902063A8B371
:10DEC00029222946304601F053FF0990C0B20228AA
:10DED00084F83B002AD9206B03F061FB022840F054
:10DEE000F7805A222946304601F042FF2946099020
:10DEF00060633046FFF749FE8DF82400C0F3072326
:10DF0000C0F307408DF826008DF82530099B226963
:10DF100029463046FFF798FEC0F3072384F83800FF
:10DF2000C0F3074084F8393084F83A0094F86C3034
:10DF3000002B4ED03C222946304601F019FF0990B3
:10DF4000E065002845D094F86C30022B41D93E2280
:10DF50002946304601F00CFF0990C0B2022884F82F
:10DF60006C0036D940222946304601F001FF41229B
:10DF7000099020662946304601F0FAFE42220990B7
:10DF800060662946304601F0F3FE3D220990A06606
:10DF90002946304601F0ECFE2946024609903046FB
:10DFA00001F01AFFC0F307430890ADF820008DF888
:10DFB0002230089B226929463046FFF745FEC0F310
:10DFC000072384F85900C0F3074084F85A3084F8D6
:10DFD0005B00FC2F3FF698AE94F8203013FB07F35C
:10DFE0001B1284F8203094F83B3013FB07F31B120C
:10DFF00084F83B3094F8483013FB07F31B1284F885
:10E00000483094F86C3013FB07F31B1284F86C3023
:10E0100094F8583013FB07F31B1284F8583073E65A
:10E0200020222946304601F0A3FE94F82F300990B3
:10E0300060F3030384F82F301B073FF4B2AE94F86B
:10E040002330B4F8212084F82630A28429462322E4
:10E05000304601F08DFE29460246304601F0BCFEF6
:10E06000C0F30743ADF820008DF82230089B2269E9
:10E07000099029463046FFF7E7FDC0F3072384F8EF
:10E080002900C0F3074084F82A3084F82B002122AD
:10E090002946304601F06CFE2222099084F82800BF
:10E0A0002946304601F064FE2422099084F82D00B0
:10E0B0002946304601F05CFE2522099084F82700AD
:10E0C0002946304601F054FE099084F82C0068E699
:10E0D0002A222946304601F04BFE29460246079087
:10E0E000304601F079FE2B22C0F307430990ADF8CA
:10E0F0000800294630468DF80A3001F039FE0990B3
:10E10000C0B20090029B226929463046FFF758FDB5
:10E11000030EC2B2C0F30721089084F83C30C0F36C
:10E1200007400EF0E5FBC0F3072384F83800C0F386
:10E13000074084F83A0084F839302C2229463046CA
:10E1400001F016FE0990003818BF012084F83D0048
:10E15000ECE673B5C2E900011446592205460E46A5
:10E1600001F006FE0190C0B2022884F8580057D989
:10E17000226931462846FFF79BFDFC289FBF94F893
:10E18000583013FB00F0001284F8580094F858300F
:10E19000022B45D931462846FFF7F7FC8DF80000E1
:10E1A000C0F30723C0F307408DF802008DF801305B
:10E1B000009B226931462846FFF746FDC0F307233E
:10E1C00084F82C00C0F3074084F82D3084F82E002A
:10E1D0005B223146284601F0CBFD5C220190606352
:10E1E0003146284601F0C4FD5D220190206331468E
:10E1F000284601F0BDFD94F85B30019060F3020306
:10E2000084F85B305A223146284601F0B1FD5E2287
:10E210000190A0623146284601F0AAFD84F8590019
:10E2200002B070BDF0B5C2E9000187B014464422C7
:10E2300005460E4601F09CFD0590C0B2022884F808
:10E24000500066D9226931462846FFF731FDFC2887
:10E250009FBF94F8503013FB00F0001284F8500078
:10E2600094F85030022B54D94FF48073002205F1FA
:10E270001407C4E90C23A36338460EF036FA00EB0A
:10E28000D0704010606438460EF034FA00EBD07065
:10E290004010A06445223146284601F069FD314610
:10E2A0000246284601F098FD4622C0F30743059038
:10E2B000ADF80800314628468DF80A3001F058FDC7
:10E2C0000590C0B20090029B226931462846FFF7B4
:10E2D00077FC030E84F84F30C2B2C0F30721C0F3BD
:10E2E00007400EF005FBC0F3072384F84C00C0F391
:10E2F000074084F84D3084F84E0056B1692231460B
:10E30000284601F035FD94F8513060F3030384F89A
:10E31000513007B0F0BD7FB5C2E9000114464D226F
:10E3200005460E4601F024FD0390C0B2022884F891
:10E330003C005AD9226931462846FFF7B9FCFC282F
:10E340009FBF94F83C3013FB00F0001284F83C00AF
:10E3500094F83C30022B48D948223146284601F037
:10E3600007FD0390206300283FD04C223146284609
:10E3700001F0FEFC31460246284601F02DFDC0F3B7
:10E380000743ADF804008DF80630019B2269039025
:10E3900031462846FFF758FCC0F3072384F82C00C9
:10E3A000C0F3074084F82E0084F82D30492231460E
:10E3B000284601F0DDFC0390606330B14A2231460B
:10E3C000284601F0D5FC0390A0634B223146284635
:10E3D00001F0CEFC94F83D30003818BF012060F306
:10E3E000000360F3410384F83D3004B070BD7FB595
:10E3F000C2E900011446502205460E4601F0B8FC61
:10E4000003902062002850D053223146284601F064
:10E41000AFFC0390C0B2022884F83C0045D92269C1
:10E4200031462846FFF744FCFC289FBF94F83C3057
:10E4300013FB00F0001284F83C0094F83C30022BEF
:10E4400033D952223146284601F092FC3146024629
:10E450000390284601F0C0FCC0F30743ADF8040068
:10E460008DF80630019B2269029031462846FFF75D
:10E47000EBFBC0F307232077C0F307406377A07757
:10E4800054223146284601F073FC51220290A063C9
:10E490003146284601F06CFC94F83D30003818BF36
:10E4A000012060F3000384F83D3004B070BDF7B57F
:10E4B0003C2205460E4601F05BFC0446019080BB01
:10E4C000002438223146284601F052FC07460190CC
:10E4D00090B13A223146284601F04AFC0190C0B280
:10E4E000022809D93B223146284601F041FC074465
:10E4F000BC420190B8BF3C4631466A22284601F032
:10E5000037FC6B22074601903146284601F030FC6B
:10E51000B842B8BF38460028C8BF2418204603B008
:10E52000F0BD3E223146284601F022FC0190C0B2E7
:10E530000228C5D942223146284601F019FC04EBD5
:10E54000D4746410013401900444402231462846BA
:10E5500001F00EFC4122074601903146284601F0A9
:10E5600007FC00280190B8BF4042002FB8BF7F428F
:10E57000B842ACBF2418E41924EAE474A1E7806827
:10E5800000B1C06A704737B50446FFF7F8FF0023B3
:10E5900001AA05461B2120460193E6F7E9F9A26886
:10E5A000019B42B1D362019BAB4202D0204600F0F6
:10E5B0002EFC03B030BD002BF5D02046FFF75AFAF1
:10E5C000A368019ADA62EEE7806818B190F8330028
:10E5D000C0F38100704710B50C4670B90B6818681D
:10E5E00068B1C3684BB10023E360C3682146984714
:10E5F000207EC04300F0010010BD0068F0E701205C
:10E60000FAE72DE9F04107460C4615461E46FFF78E
:10E6100031FAB86833462A4621460830BDE8F04151
:10E620000EF088BB83681C3B052B01D80EF0BFBBE6
:10E630000020704708B58368112B01D0002008BD69
:10E640000EF0B5FB0028F9D00068F8E708B583683C
:10E65000122B01D0002008BD0EF0A9FB0028F9D034
:10E660000068F8E710B583681B2B0C4606D10EF046
:10E670009EFB0368A342ACBF0360046010BD00B9F9
:10E68000704783682BB193F8333003F00C03082BE9
:10E6900001D04068F3E70120704707B52722002129
:10E6A00001F066FBC0B203B05DF804FB73B5122243
:10E6B0000021064601F05CFB302204460190002157
:10E6C000304601F055FB34220546019000213046CA
:10E6D00001F04EFB430748BF6419204602B070BDED
:10E6E0002DE9F04F8BB0924605917022002104462F
:10E6F0001D4601F03DFB6E22089000210646834630
:10E70000204601F035FB6F2201280890074681461C
:10E710004FF000012046B8BF012701F029FB012876
:10E7200080460890B8BF4FF001082EB9B9F5807F38
:10E7300002D1B0F5807F6AD071220021204601F01D
:10E7400017FB722208900021204601F011FB089B64
:10E75000099003F0C042B2F1005F19D123F0C04923
:10E760006FF06042914513D0B9F1805FA4BFC9F149
:10E770007F6909F57F2904F11400A8BF09F6FF7924
:10E780000DF0B3FF642309FB00F090FBF3F0089059
:10E79000099B03F0C042B2F1005F19D123F0C049D8
:10E7A0006FF06042914513D0B9F1805FA4BFC9F109
:10E7B0007F6909F57F2904F11400A8BF09F6FF79E4
:10E7C0000DF098FF642309FB00F090FBF3F0099033
:10E7D0006269089B13440893A269099B1344099337
:10E7E0004DB14FF6FF73C6F1000BFA184344B2FB6C
:10E7F000F7F7B3FBF8F808AB85F00105CDE9008326
:10E80000059802953B465A4651460DF098FE0BB0CE
:10E81000BDE8F08F73B511220021064601F0A8FA79
:10E820003022044601900021304601F0A1FA342242
:10E83000054601900021304601F09AFAC30748BF0F
:10E840006419204602B070BD73B51022002106463F
:10E8500001F08EFA3022044601900021304601F08A
:10E8600087FA3422054601900021304601F080FAF3
:10E87000830748BF6419204602B070BD73B51322E8
:10E880000021064601F074FA30220446019000216E
:10E89000304601F06DFA34220546019000213046E1
:10E8A00001F066FA030748BF6419204602B070BD44
:10E8B00037B500230C4601AA0821054601F06CFA81
:10E8C000012804D1019BA34203D103B030BD00282D
:10E8D000FBD100222146284601F017FFF5E737B5A6
:10E8E00000230C4601AA0921054601F055FA01282A
:10E8F00004D1019BA34203D103B030BD0028FBD15A
:10E9000000222146284601F007FFF5E738B5044606
:10E910001546FFF7CDFF29462046BDE83840FFF7F2
:10E92000DEBF37B500230C4601AA0121054601F0E0
:10E9300033FA012804D1019BA34203D103B030BDB7
:10E940000028FBD100222146284601F0C9FEF5E748
:10E9500037B500230C4601AA0221054601F01CFA36
:10E96000012804D1019BA34203D103B030BD00288C
:10E97000FBD100222146284601F0C0FEF5E738B55C
:10E9800004461546FFF7CDFF29462046BDE838402E
:10E99000FFF7DEBF08B590F82A2042F0010280F8A8
:10E9A0002A2001F033FF90F82A2042F0040280F878
:10E9B0002A20E7F739FCBDE808400022382102F0A0
:10E9C00017BB10B50022044689B201F0DFFE2046D5
:10E9D000BDE81040FFF7DEBF70B5044615461E4681
:10E9E000002201F0A0FE324629462046BDE87040D4
:10E9F000FFF78CBF43690B6083694B60C3698B6011
:10EA0000036ACB60704738B5044601F007FF6469BC
:10EA1000054648B14269A41A00F030FC0444284677
:10EA2000FFF744FE201A38BD2046FCE738B50446FF
:10EA300001F0F4FEA469054648B18269A41A00F009
:10EA400022FC04442846FFF7FFFE201A38BD20466A
:10EA5000FCE738B50546FFF7E9FF044605F1140069
:10EA60000DF048FE204438BD07B50922002101F011
:10EA70007FF903B05DF804FB14300DF036BE14309E
:10EA80000DF038BE70B50446FFF710FE064620466E
:10EA9000FFF7F4FE054604F114000DF026FE801B7E
:10EAA000401B70BD70B50446FFF7CEFE06462046FB
:10EAB000FFF7B0FE054604F114000DF01BFE801BAD
:10EAC000401B70BD38B543690B6083694B60C369F7
:10EAD0008B60036ACB600C460546FFF7E7FD2368B1
:10EAE000034423602846FFF7C9FEA3681B1AA360EE
:10EAF0002846FFF7A9FE6368034463602846FFF7D2
:10EB000089FEE3681B1AE36038BD37B50122002196
:10EB1000044601F02DF9022205460190002120460D
:10EB200001F026F96FF040439D42019001D09842D8
:10EB300005D12046FFF72EFF012003B030BD002095
:10EB4000FBE72DE9F04781460D4616469A4601F04F
:10EB50009BFE00278046474501D1BDE8F087D9F8E4
:10EB600008301B6853F82740BAF1000F13D16369CE
:10EB70002B446361A3693344A361E3692B44E361DC
:10EB8000236A334423623246002329462046FFF796
:10EB9000D8FF0137DFE74FF480212046FEF728FD3C
:10EBA0000028E4D0F5E72DE9F04704460D46164667
:10EBB0001F4603F0010903F0020A6CB32046FFF779
:10EBC00003FD0AF0FF038046BAF1000F15D0B9F13A
:10EBD000000F07D0204601F021FE3B463246294671
:10EBE000FFF7E1FFB8F1020F16D132462946204661
:10EBF0000123BDE8F047FFF773BD022804D1324678
:10EC000029462046FFF76CFDB9F1000F04D02046DD
:10EC100001F004FE0446D0E7BDE8F0871346012268
:10EC2000FFF7C1BF70B50C4688B009686668A56873
:10EC30000091CDE90161E16801350131CDE906516D
:10EC40001346039104226946CDE90456FFF7ABFF52
:10EC5000069B049D02980099AB421A46A8BF2A461B
:10EC60008242A8BF02468A42D4BF22602160AB42E2
:10EC7000B8BF2B468342B8BF0346059D8B42ACBF4D
:10EC8000A360A160079B03980199AB421A46A8BFF5
:10EC90002A468242A8BF02468A42D4BF62606160AF
:10ECA000AB42B8BF2B468342B8BF03468B42ACBFD2
:10ECB000E360E16008B070BDF0B50D4689B0012198
:10ECC0000446FEF795FC002872D1204601F09EFD17
:10ECD0000646E7F7A9FA0746E8F770FB864253D1E4
:10ECE0002046FFF74CFC63690093A3690193E36935
:10ECF00002930246236A0393014668460DF07DF9AC
:10ED00006A46294628460DF092F9064600284FD05B
:10ED10002046FFF7B4FC20B1012229462046FFF728
:10ED200081FF204601F07AFD04AF0446002C40D05C
:10ED300001212046FEF75CFCD0BB04F114030FCB8D
:10ED400087E80F004FF480112046FEF751FC38B1E0
:10ED50002046FFF714FC0246014638460DF04DF9F7
:10ED60002046FFF78CFC20B1012239462046FFF7F0
:10ED700059FF3A46294628460DF059F9C0B12046B8
:10ED800001F04CFD0446D1E73846E8F721FB864206
:10ED9000A6D03846E8F73AFB8642A1D03846E8F7D5
:10EDA00021FB86429CD03846E8F726FB864297D066
:10EDB0000026304609B0F0BD30B585B00C4605469A
:10EDC000E7F732FAE8F76CFBF8B123680093636861
:10EDD0000193A36802936946E36803932846FFF70B
:10EDE0006BFF90B1AB6853B193F8333003F00C0371
:10EDF000082B04D10522114668460DF0FEF828467E
:10EE0000E7F712FA694602F006F805B030BD30B5F2
:10EE1000044685B0FFF7B3FBD4E90623256A616990
:10EE2000121A0344091A28440091039069462046A7
:10EE300001920293FFF7C0FF05B030BD2DE9F0430A
:10EE4000456889B004460E4617469DB14FF48021AF
:10EE5000FEF7CEFBD5F81490002847D0AB69B1443B
:10EE60001F442846FFF722FC09EB00062846FFF75F
:10EE7000EBFC07446369F61AA369FF1A56EA070315
:10EE800031D02046FFF7C3FF63690093A369019364
:10EE9000E3690293236A03936DB104A92846FFF73F
:10EEA00011FE002204A968460DF07DF9804620B9C4
:10EEB000284600F0DAFD4FF00008636933446361CF
:10EEC000A3693B44A361E3693344E361236A3B44A0
:10EED00023623A46002331462046FFF732FE9DB9B1
:10EEE0002046FFF794FF09B0BDE8F083284600F004
:10EEF000C5F9A9EB00092846B144AE6900F0C3F991
:10EF0000A6EB00084744ACE722462A212846E5F74D
:10EF10002FFD2046FFF77BFF002204A904F1140017
:10EF20000DF041F9B8F1000F01D10028DBD02846DF
:10EF300000F09BFDD7E730B5044685B0FFF71FFB17
:10EF4000D4E90623256A6169121A0344091A284480
:10EF5000009103906946204601920293FFF7ACFEB0
:10EF600005B030BD38B505460C46FEF783FDAB68ED
:10EF70009C6238BD034608465A690A609A694A602D
:10EF8000DA698A601A6ACA609B681BB19A6A11467C
:10EF90000DF033B8704770B50E4686B002210546B5
:10EFA000FEF726FB18B90024204606B070BD02A962
:10EFB0002846FFF7DFFF0022314602A80DF073F864
:10EFC00004460028EFD04FF480312846FEF710FBAE
:10EFD0000028E9D001236A461621284600968DF8BC
:10EFE0000430E5F7C5FC9DF80440DDE730B5044684
:10EFF000084601F0C041B1F1005F12D120F0C041DC
:10F000006FF06045A9420CD0B1F1805FA2BFC1F1A1
:10F010007F6101F57F2101F6FF715943642091FB67
:10F02000F0F002F0C041B1F1005F12D122F0C04116
:10F030006FF06045A9420CD0B1F1805FA2BFC1F171
:10F040007F6101F57F2101F6FF715943642291FB35
:10F05000F2F2A242A8BF22469042B8BF104630BD8D
:10F0600070B5044601F010FC00250646B5421FD1DC
:10F0700094F82A30D9070DD56FF3000384F82A30AD
:10F080002046E5F753FE2046E5F72AFD15B1204658
:10F09000EEF7A0FF94F82A309A0711D56FF34103D9
:10F0A00084F82A3020460021BDE8704000F0FEBC04
:10F0B000A3681B6853F82500FFF7D2FF0135D5E799
:10F0C00070BD00231A460921FFF786BC07B5272229
:10F0D00000F04EFEC0B203B05DF804FB90F85C3067
:10F0E0001B0704D5006800220E21E5F741BC7047DC
:10F0F00073B512220021064600F03AFE3022044683
:10F1000001900021304600F033FE34220546019084
:10F110000021304600F02CFE430748BF641920460A
:10F1200002B070BD73B511220021064600F020FE2A
:10F130003022044601900021304600F019FE3422AE
:10F14000054601900021304600F012FEC30748BF7B
:10F150006419204602B070BD73B510220021064626
:10F1600000F006FE3022044601900021304600F0F7
:10F17000FFFD3422054601900021304600F0F8FDE5
:10F18000830748BF6419204602B070BD73B51322CF
:10F190000021064600F0ECFD3022044601900021DB
:10F1A000304600F0E5FD342205460190002130464E
:10F1B00000F0DEFD030748BF6419204602B070BDB1
:10F1C00038B504460D46FEF755FCA26892F8323079
:10F1D00003F00301A94208D065F3010382F832303D
:10F1E0002046BDE83840FFF712BE38BD38B50546A9
:10F1F0000C46FEF73FFCAA68538EC3F38311A1426D
:10F200001CBF64F38913538638BD38B505460C46D8
:10F21000FEF730FCAB6893F8322064F3830283F886
:10F22000322038BD38B505460C46FEF723FCAB68E6
:10F2300093F8322064F3051283F8322038BD8368D6
:10F2400023B193F8320000F00300704703207047A9
:10F2500083681BB1588EC0F3831070470F2070472E
:10F26000806818B190F83200C0F381007047806860
:10F2700018B190F83200C0F301107047806808B1EF
:10F28000006A40427047806808B1406A4042704757
:10F29000FFF7F9BF51EA020370B504460D46164662
:10F2A00019D0FEF7E7FBA268136A2B441362A26829
:10F2B000536A334453622946012332462046FFF7FE
:10F2C00040FC00220F212046E5F752FB012803D124
:10F2D0002046FFF79CFD012070BD08B50346FFF7EF
:10F2E000D2FF421818460021BDE80840FFF7D2BF00
:10F2F00008B50346FFF7C2FF002201441846BDE8E7
:10F300000840FFF7C7BF2DE9F047984651EA0203CE
:10F3100005468946924651D0E5F7CCFF2846FFF7CF
:10F32000ADFF00210746A9EB00092846FFF7CEFEF6
:10F3300001282ED0B9F1000F3CDA2846E6F734FA5E
:10F3400004462846E6F788FA204420EAE070444262
:10F350004C45B8BF4C462846FFF795FFBAEB000A6C
:10F36000814629D52846E6F7D3F909EB000626EAB7
:10F37000E67676425645B8BF5646391909EB06027D
:10F3800051EA02031AD043462846BDE8F047E6F7A3
:10F39000D9BAB9F1000F0DDD2846E6F705FA0446A3
:10F3A0002846E6F759FA044424EAE4744C45A8BF19
:10F3B0004C46D0E70024CEE70026DEE7BDE8F08724
:10F3C00070B5054616461C461A46E6F74BFB224624
:10F3D00031462846BDE87040E6F758BB73B5044691
:10F3E0000E46E5F767FF00232046CDE9003301F024
:10F3F00015FA2146054614340DB902B070BD3346E6
:10F400006A462046E6F756FB284601F007FA2946E9
:10F410000546F1E72DE9F04F93B04FF0FF360D466A
:10F4200017460022114604463346284600960CF043
:10F43000CAFD002211463346384600960CF0C3FD43
:10F4400010212046FEF7D4F88046C0B32046FFF7CF
:10F45000F6FE834698B30020EBF746FFBBF1020FA0
:10F46000824629D02046FFF70EFF81462046E6F768
:10F470004FF90D902046E6F797F90B902046E6F7F6
:10F48000EBF904902046FFF7E3FE10F00C0F00F0BC
:10F4900003061FD19EB1BBF1010F40F01781464614
:10F4A0004FF0000832E050460BF0CDFD8442D9D039
:10F4B0005046EBF719FF8246BAF1000FF3D113B0B3
:10F4C000BDE8F08F002EFAD050460BF0AFFD0328B8
:10F4D000F5D1E4E7BBF1010FF6B200F0EA80BBF131
:10F4E000030F40F0D280B9F1000F0BDC0D9B002B15
:10F4F00008DC002EE3D00B9B002BD0DC049B002B00
:10F50000CDDCDCE7002E40F0D88000264FF48031BF
:10F510002046FFF7DBFD10220C904FF4803120468F
:10F5200000F026FC1122089011904FF48031204603
:10F5300000F01EFC1222099011904FF480312046F9
:10F5400000F016FC132211904FF4803183462046C0
:10F5500000F00EFC012211904FF4803182462046CB
:10F5600000F006FC03224FF48031039011902046F6
:10F5700000F0FEFB0A90119007902046FFF77FFAFB
:10F5800005902046FFF778FAB8F1000F039B06902C
:10F5900008BF0023002E02934FF01D02039B4FF47F
:10F5A000803108BF002320460E9300F0E1FB11904C
:10F5B000C0B2022840F29580B8F1000F40F09D8063
:10F5C000002E3FF47CAF069B0B9E1E44049BF61856
:10F5D0003FF475AF236A099A9B1A039AEB609B1A52
:10F5E00001336B6063692B60E369AB60069BA3EB3F
:10F5F0000B07029BA7EB0A07FF1A0A9B002BD8BF39
:10F60000069B4FF00000DEBF7B4393FBF6F30793AE
:10F61000E7F79EFE4FF00A0808FB00F0EF2840F3E2
:10F6200069810020E7F794FE08FB00F05030A0232A
:10F6300090FBF3F0079B834213DC0020E7F788FE82
:10F640004FF00A0808FB00F0EF2840F35581002036
:10F65000E7F77EFE08FB00F05030A02390FBF3F3A9
:10F660000793069B6169F61A002E00F34F810C9BED
:10F67000012B594440F04281029B0B44591E2960E2
:10F68000E369A3EB0A03AB6019E7BBF1020F7FF458
:10F6900016AF50460BF0CAFC0C287FF413AF002EB7
:10F6A0003FF433AF50460BF0C1FCC31E5E425E41D7
:10F6B0002CE7003E18BF012628E70B9B002B0EDC31
:10F6C000049B002BD4BF002601261FE7BBF1030FCC
:10F6D0003FF411AFBBF1020F7FF4F1AEF4E6464602
:10F6E00014E732224FF48031204600F041FB1190A4
:10F6F000C0B202283FF660AFE1E6059B99440D9B3E
:10F7000019EB03093FF45CAFA3697B60236AFB60DC
:10F710000C9B012B53D16369039A5B443B601344F8
:10F72000013BBB60089A059BA3EB0208099BA8EB71
:10F7300003080E9BA8EB03030F930A9B002BDABF71
:10F74000059B0F9ADDF828804FF00000DCBF534383
:10F7500093FBF9F8E7F7FCFD0A225043EF2837DD69
:10F760000020E7F7F5FD0A2250435030A02290FB1D
:10F77000F2F0804511DC0020E7F7EAFD4FF00A08BF
:10F7800008FB00F0EF2825DD0020E7F7E1FD08FB8E
:10F7900000F35033A02293FBF2F8059BA269A9EB7A
:10F7A0000309B9F1000F18DC089B13447B60236A3E
:10F7B000099A9B1A0E9A9B1A013BFB6000E7E369CA
:10F7C000039AA3EB0A03BB609B1A01333B60A9E7D2
:10F7D0000120CEE74FF00108DFE7059B0F99434575
:10F7E000A8BF4346A1EB03080D9908FB01F191FB6B
:10F7F000F9F90899A8EB0908424451180B44013B58
:10F800007960FB60A3699A4230DADDF82080984481
:10F81000C7F804800020E7F79BFD4FF00A0909FBB9
:10F8200000F0EF285EDD0020E7F792FD09FB00F015
:10F830005030A02390FBF3F0FB688044984515DD21
:10F840000020D7F80480E7F783FD4FF00A0909FB91
:10F8500000F0EF2848DD0020E7F77AFD09FB00F013
:10F860005030A02390FBF3F04044F8600E9A236AD6
:10F870009B1A099AA3EB0208FB6843457FF7A0AEE9
:10F88000C7F80C800020E7F763FD4FF00A0909FB79
:10F8900000F0EF282ADD0020E7F75AFD09FB00F011
:10F8A0005030A02390FBF3F07B68A8EB000898454C
:10F8B000BFF686AE0020D7F80C80E7F749FD4FF081
:10F8C0000A0909FB00F0EF2812DD0020E7F740FDF0
:10F8D00009FB00F05030A02390FBF3F0A8EB0000F0
:10F8E00078606DE60120A7E70120BDE70120DBE796
:10F8F0000120F3E701209DE60123B1E62960E369D9
:10F90000029AA3EB0A039B1A013BBCE6DDE906233E
:10F910009A42A8BF1A46049BBF1A7B4393FBF6F694
:10F92000BF1B0F440C9901290BEB070363D102990C
:10F930000B442B601344013BAB606669BE4227DD7C
:10F940005E440E442E600020E7F702FD0A2778434C
:10F95000EF284CDD0020E7F7FBFC78435030A02374
:10F9600090FBF3F0AB6806449E4211DD00202E6848
:10F97000E7F7EEFC0A277843EF283ADD0020E7F7A7
:10F98000E7FC78435030A02390FBF3F00644AE60D0
:10F99000E469AB68A4EB0A04A3427FF790ADAC60C6
:10F9A0000020E7F7D5FC0A267043EF2859DD002038
:10F9B000E7F7CEFC70435030A02390FBF3F02B68A8
:10F9C000241A9C42BFF67BAD0020AC68E7F7C0FC70
:10F9D0000A267043EF2846DD0020E7F7B9FC7043A4
:10F9E0005030A02390FBF3F0241A2C6067E50C98AC
:10F9F000B8E70120CAE72B601344013BAB6066699E
:10FA0000BE4226DD5E442E600020E7F7A1FC0A27F7
:10FA10007843EF2821DD0020E7F79AFC7843503047
:10FA2000A02390FBF3F0AB6806449E4211DD00205A
:10FA30002E68E7F78DFC0A277843EF280FDD0020BA
:10FA4000E7F786FC78435030A02390FBF3F00644A0
:10FA5000AE60E469029BE41A9BE70120E3E7012022
:10FA6000F5E70120ABE70120BEE710B588B004AA96
:10FA700069460446FFF7CEFC68460CF0B4FA18B9A4
:10FA800004A80CF0B0FA78B168460CF0ACFA18B1E2
:10FA900069462046FFF790F904A80CF0A4FA18B1C3
:10FAA00004A92046FFF788F908B010BD2DE9F04100
:10FAB0000446FFF7DCFB8846064698B92046FFF768
:10FAC000E2FB07462046E5F723FE051E0ADA002F73
:10FAD00008DD6A42BA424346A8BF3A46314620464C
:10FAE000E5F730FF2046FFF7BBFB074620BB20466B
:10FAF000E5F75AFE06462046E5F7AEFE39460546CE
:10FB00002046FFF7E3FA01280ED0002D14DA002E6C
:10FB100012DD6942B14243463A46A8BF314620460B
:10FB2000BDE8F041E5F70EBF002E05DA002D03DD3C
:10FB300043463A463146F2E7BDE8F08170B5047AB3
:10FB40000368FF2C0ED003EB8405002084420ED8FE
:10FB500000200BE0884203F1080303D163681360BF
:10FB6000012003E018781C460028F3D170BD15F879
:10FB7000016B8E4202D153F82030F0E70130E5E707
:10FB80002DE9F84F0F4611461A468B0890F82A5077
:10FB90001F2B28BF1F234FF00109064609FA03F95E
:10FBA00007F47F0A05F008050024738DC3F30513DD
:10FBB000A34205D84FF0FF35681C18BF01201CE098
:10FBC000F06800EBC4034FEAC40C93F807E01EF0A2
:10FBD000020F14D00DB10134E7E75B6803F47F0333
:10FBE0005345F8D150F80C00436819EA030FF2D0DE
:10FBF000FFF7A4FF0128EED10120BDE8F88FBFB2C6
:10FC0000FB431FFA83FB4FF0FF35738DC3F30513DE
:10FC1000A342D1D9F36853F8340003EBC40C436812
:10FC200019EA030F07D0DCF80430C3F3170C03F410
:10FC30007F039A4503D0A84601344546E5E71CEA10
:10FC40000B0F1FFA8CF8F6D1A845F4DDFFF776FF0D
:10FC50000128F0D14745EFD1CEE7F8B5074600F0CF
:10FC600013FE00240646B44200D1F8BDBB681B68F1
:10FC700053F824502846FFF7CAF8002232212846BC
:10FC8000E4F776FE2846FFF7C2F82846FFF7E5FFBF
:10FC90000134E8E770B5438D0446C0680D46C3F3F0
:10FCA00005130022934203D80ED000EBC20070BDB2
:10FCB00000EBC201CE79B60704D54968C1F317013C
:10FCC000A942F2D00132EDE7628D013303F03F0328
:10FCD00063F309126285D900EFF7B8FE668DE06024
:10FCE000C6F30516013EE06818D1082231460EF031
:10FCF000AAFC0C20E668EFF785FE3060E368186820
:10FD00000DF0C9FDE268D37943F00203D371E368D3
:10FD10005A6865F317025A60E068C8E700EBC6034B
:10FD200013E9030083E80300DCE770B5037A056894
:10FD3000FF2B04461AD005EB83050026237A9E424A
:10FD400012D215F8010BEFF7A7F9830605D4013697
:10FD5000F4E7EFF7A1F9820601D5012070BD013467
:10FD600015F834000028F4D10020F7E70024F7E765
:10FD700037B5058D0023009329436B461446E5F7FC
:10FD8000C7FF012805D0204603B0BDE83040EFF79B
:10FD900027B9009803B030BDF0B5458D0024C5F3F8
:10FDA0000515A54201D80020F0BDC76807EBC406C1
:10FDB0004FEAC40C96F807E01EF0010F0AD07668EF
:10FDC000C6F317069E4205D157F80C00BDE8F04077
:10FDD0000DF0F3BD0134E4E784B0104604B0704781
:10FDE0002DE9F743002507462E466FEA01086FEA22
:10FDF00002097B8DC3F30513AB4240F28780FB6899
:10FE000003EBC502E900D07984077CD4928818EA14
:10FE1000020F0CBF0120002019EA020F0CBF0122C3
:10FE2000002290426FD05C5801AA102120460DF0AC
:10FE3000C4FD002869D101AA112120460DF0BDFDA5
:10FE4000002862D101AA122120460DF0B6FD00283B
:10FE50005BD101AA132120460DF0AFFD002854D13B
:10FE600001AA152120460DF0A8FD00284DD101AAB8
:10FE7000142120460DF0A1FD002846D101AA16212B
:10FE800020460DF09AFD00283FD101AA6C212046A2
:10FE90000DF093FD002838D101AA6D2120460DF008
:10FEA0008CFD90BB01AA012120460DF086FD60BBB0
:10FEB00001AA022120460DF080FD30BB01AA0421D9
:10FEC00020460DF07AFD00BB01AA052120460DF069
:10FED00074FDD0B901AA062120460DF06EFDA0B92F
:10FEE00001AA072120460DF068FD70B901AA302152
:10FEF00020460DF062FD40B901AA6A2120460DF0AE
:10FF00005CFD38B10226013573E70326304603B0A5
:10FF1000BDE8F08301AA6B2120460DF04EFD0028BC
:10FF2000F0D101AA702120460DF047FD0028E9D14B
:10FF300001AA6E2120460DF040FD0028E2D101AA61
:10FF40006F2120460DF039FD0028DBD101AA3A21AE
:10FF500020460DF032FD0028D4D101AA3B212046D5
:10FF60000DF02BFD0028CDD101AA382120460DF03F
:10FF700024FD0028C6D101AA3C2120460DF01DFD1C
:10FF80000028BFD101AA3E2120460DF016FD002811
:10FF9000B8D101AA402120460DF00FFD0028B1D1B3
:10FFA00001AA412120460DF008FD0028AAD101AA8E
:10FFB000422120460DF001FD0028A3D101AA4821CD
:10FFC00020460DF0FAFC00289CD1012E38BF0126F6
:10FFD00099E773B55E2205460E46FFF7C9FE272254
:10FFE000C4B231462846FFF7C3FE012C204638BF75
:10FFF000012002B070BD73B5622205460E46FFF7C0
:020000022000DC
:10000000B7FEC4B2022C019003D80024204602B0EF
:1000100070BDFC2C9ABFC4EB0424C4F30724FF2456
:100020001EB9284600F0FAFB05462DB9022CECD982
:10003000FD2C28BFFF24E9E7622200212846FFF7B4
:1000400097FE0190C0B20228DFD9FC289CBF444330
:10005000C4F30724E5E737B5702200210446FFF713
:1000600087FE0546019020B1A368002B4ED10225E2
:100070002EE001466E222046FFF77AFEB0F5807F23
:100080000190F1D16F2229462046FFF771FEB0F5AD
:10009000807F0190E8D1294673222046FFF768FE51
:1000A000014601900028DFD174222046FFF760FE50
:1000B000054601900028D7D1014663222046FFF76C
:1000C00057FE0190C0B2FF280BD0A36833BB0125B7
:1000D0002046FDF7CFFCA36893F8332065F3830235
:1000E00019E0294675222046FFF742FE014601909D
:1000F0000028EAD169222046FFF73AFE019010F06D
:10010000FF00A368E2D113B903B030BD022093F819
:10011000332060F3830283F83320F5E70120F6E70C
:100120002DE9F84F04461FFA82F902F47F050F46C5
:1001300011B30E7A1DB90846FFF7F7FDC0B9003EAE
:1001400018BF01267642F6B2002290464FF6FF7A9B
:10015000638DC3F30513434510D8002A65D0002EE4
:1001600063D029462046FF22BDE8F84FE5F768BE78
:100170002046FEF74CFEE2E7FF26E5E7E06800EBED
:10018000C801D1454B684FEAC80BC3F3170303D02E
:100190001FFA83FCCC450BD1B5F5702F03D003F4C7
:1001A0007F039D4204D137B150F80B30BB4202D0DF
:1001B00008F10108CCE7CB79990705D50023FF2288
:1001C00029462046E5F7E0FDE36803EB0B02D27910
:1001D00092070DD053F80B0008B10DF060FBE368F7
:1001E00053F80B00EFF728FCE368002243F80B20DC
:1001F000424606E0013200EBC20393E8030003E944
:100200000300638DE068C3F3051101F1FF3C9445E1
:10021000F0D83F3101F03F0161F309136385C90054
:10022000EFF714FC0122E06092E7BDE8F88F2DE9BA
:10023000F04115460E460023FF2229460446E5F705
:10024000A3FD4EB115F47F0F06D13046FFF76DFDCB
:1002500010B12046FEF7DBFD20462A463146FFF767
:100260005FFF638DE068C3F305134FF0000843455B
:100270004FEAC80725D8628D013303F03F0363F3CB
:100280000912D9006285EFF7E1FB638DE060C3F3EB
:100290000513013B9845E0681AD338440822002131
:1002A0000EF0D1F9E368DE51E3683B4429465A6811
:1002B00065F317025A602046FF22BDE8F041E5F7DA
:1002C000BFBDC219D2799207D5D008F10108CEE797
:1002D00000EBC30212E9030082E80300D9E7F8B596
:1002E0004B8D13F47C7F05460C46C3F305120CD0EE
:1002F00028B10023E16851F83310A9420DD1FF2243
:100300004FF470212046E5F79BFD204600F0BCFA33
:1003100000260746BE4204D1F8BD01339A42E9D80F
:10032000F3E7A3681B68284653F82610FFF7D7FFAA
:100330000136EFE72DE9F74304461E4601920023FC
:100340000A460F4606F47F01E5F71EFD658DE0685D
:10035000C5F305150023AB4234D3638D013505F099
:100360003F0565F30913E9006385EFF76FFB658DC2
:10037000E060C5F30515013DE0684FEAC508002DB2
:1003800046D10822002140440EF05DF90C20D4F83B
:100390000C90EFF73FFB49F83500E36853F8350060
:1003A0000DF079FAE3684344DA7942F00102DA7138
:1003B000E36843445A6866F317025A60E36853F8E7
:1003C00035500DE000EBC302D90092F807C01CF0D5
:1003D000010F1BD05268C2F31702964216D145583E
:1003E0003EB93846EEF758FE830602D52046FEF7A2
:1003F0000EFD019A394628460DF09BFA3A463146E1
:10040000204603B0BDE8F043E5F71ABD0133A2E78B
:10041000A8F10803034400EB0802D9798907B0D199
:1004200093E8030082E80300A5E7F8B50F46418D85
:1004300004461646C1F305110023994203D80DD195
:1004400000252846F8BDE26802EBC302D079C00758
:1004500013D55268C2F31702B2420ED1E268394690
:1004600052F833000DF02AFA05460028E8D03A4643
:1004700031462046E5F7E4FCE3E70133DDE770B5FC
:100480000468A5682279206805F47F052946FFF7EE
:100490006FFC2679E06000233246206823712946EC
:1004A0002346E5F771FCA16820682671FFF7F2FB8F
:1004B000E268217900680DF03CFA2279A168206891
:1004C000BDE87040E5F7BCBCF7B507680446788D19
:1004D0000023C0F3051098424FD9FA6802EBC3021B
:1004E000DE00D579AD0705D55268A568C2F31702BD
:1004F000AA4201D00133EEE7002300932379642B55
:1005000054D04BD8452B3AD8302B0CD81C2B01D0CB
:10051000232B38D1002954DCE368ADF800301B0CE4
:100520008DF8023012E0313B0122DBB202FA03F314
:1005300002F5801202F588521A40002AEAD113F01F
:10054000180F20D0FE292FDCE368009300230193CD
:10055000FB682179985901AA0DF02FFA002844D19F
:100560000125FB68009A217998590DF0E2F925B12F
:100570002279A1682068E5F763FC03B0F0BD582B31
:10058000C8D05A2BDED00029DED0FF290CD0D4E908
:1005900003239B1A4B4302EB23220CE0692BD1D09F
:1005A000782BB7D0682BEDE72369CEE7D4E9032396
:1005B000002ACAD00BB90092C8E77F29D8BF1346DA
:1005C000C3E7FE2901DD2369A7E7CAB2D4E9031016
:1005D0000CF056FAC0F307238DF80000C0F3074073
:1005E0008DF801308DF80200B0E7DDE900539D423F
:1005F000B6D1294628460CF058F90028B0D0019B06
:10060000ED1A18BF0125ACE77FB5019279220546A6
:100610000E46FFF7ADFB10F0FF04039016D07822D2
:1006200031462846FFF7A4FBC0F307430390ADF81B
:100630000C008DF80E30214603980CF0FAF80146B4
:10064000019804B0BDE870400CF09BBA019B2046B5
:10065000DAB262F30700C3F3072262F30F20C3F399
:10066000074262F317401B0E63F31F6004B070BDB6
:1006700030B5782285B004460D46FFF779FB792224
:10068000C0F307430390ADF80400294620468DF8D7
:100690000630FFF76DFB0390C1B201980CF0C9F86A
:1006A00002901DB9204600F0B9F804468CB9029BAF
:1006B0002046DAB262F30700C3F3072262F30F2089
:1006C000C3F3074262F317401B0E63F31F6005B0CC
:1006D00030BD029A00212046FFF796FF0290E1E725
:1006E00082B013460A46012102B0FFF723BE82B052
:1006F00013460A46042102B0FFF71CBE82B013461F
:100700000A46022102B0FFF715BE82B013460A4620
:10071000082102B0FFF70EBE82B013460A46092137
:1007200002B0FFF707BE82B013460A460A2102B0A4
:10073000FFF700BE84B01346ADF80C100022090C80
:100740008DF80E108DF80F20039A1C2104B0FFF7CE
:10075000F1BD82B013460A46282102B0FFF7EABD78
:1007600084B01346ADF80C100022090C8DF80E1061
:100770008DF80F20039A582104B0FFF7DBBD82B03B
:1007800013460A465E2102B0FFF7D4BD82B013467D
:100790000A46162102B0FFF7CDBD82B013460A46C5
:1007A000272102B0FFF7C6BD82B013460A467A2160
:1007B00002B0FFF7BFBD82B013460A467B2102B0EC
:1007C000FFF7B8BD82B013460A467C2102B0FFF79E
:1007D000B1BD82B013460A467D2102B0FFF7AABD23
:1007E00082B013460A467E2102B0FFF7A3BD38B59A
:1007F00004460D460AF0FAFB10B120460AF03BFC15
:1008000029462046BDE83840EBF77CBD034620B1C1
:1008100018465B68002BFBD17047704700B14068F9
:100820007047806858B10029038E01DAC91805D4D1
:100830008B4203D9036853F82100704700207047AA
:1008400070B58468F4B10029238E19DA0131013BB7
:1008500014D3206850F8230005689542F7D1002989
:10086000F4D170BD206850F825000668964202D188
:100870000029F6D0013901359D42F3DB0020F0E775
:100880000025F9E72046ECE7806800B1008E70474C
:1008900030B5836873B100201C8E0246944200D8A4
:1008A00030BD1D6855F822502D688D4208BF0130BB
:1008B0000132F3E71846F3E710B5034630B142685A
:1008C00022B19268118E0020814202DC4FF0FF308D
:1008D00010BD146854F820409C42F9D00130F3E771
:1008E00070B590F82B30DB0604462BD4FEF78FFA58
:1008F00065682046ADB1E5F7B7FC95F82B4014F0DC
:1009000010041FD12846FFF7B0F822462A212846B6
:10091000E4F72EF8224628462C21BDE87040E4F783
:1009200027B8E5F781FC064660B1D0F8C8329C4292
:10093000204603D0BDE87040E5F796BCE5F794FC8F
:10094000C6F8C85270BDFFF7CBBF2DE9F041436830
:1009500005460C46002B67D0002965D08B4263D03A
:10096000FEF755FA2046FDF785F82846FFF7A4FF65
:100970006E6803463046FFF787FF01389842B26839
:1009800043DC138E013B1386B768B7F83080B8F1AB
:10099000000F42D038684FEA8801EFF757F8386007
:1009A000A268138E01331386A768398E38688900D0
:1009B000EFF74CF838602046FFF766FFA36800F1B8
:1009C00080401B68013843F8205030466C60FFF7C8
:1009D0004CF82A462A213046E3F7CAFF00222C2190
:1009E0003046E3F7C5FF2A462A212046E3F7C0FF39
:1009F00000222B212046E3F7BBFF2846FDF7CAFF64
:100A00002846BDE8F041FEF702BA126802EB830106
:100A1000496842F823100133ACE73868EFF70CF867
:100A2000B368C3F80080BBE7BDE8F08170B50C4641
:100A30000646A0B3456895B32846FFF725FF002971
:100A400001DA0C182BD4A04229DD3046FFF734FF21
:100A5000A04224D011DCAB68A0421B6811D003EB8C
:100A60008002526843F820200130F4E703EB800253
:100A700052F8042C43F820200138AB68A0421B68D0
:100A8000F4D1AB681B68284643F8246000222A2171
:100A9000E3F76EFF2846BDE87040FEF7B8B970BDB9
:100AA00010B5044600223F2100F0A2FA236B6BB17F
:100AB000626B1AB120469847002363630022A26349
:100AC00020464021BDE8104000F092BA636B002B35
:100AD000FCD1F3E72DE9F341041D076890F8148079
:100AE00020460E460BF001FE054620460BF002FEA6
:100AF000009603462A464146384600F07BFB02B08A
:100B0000BDE8F08173B500220C46143106460BF0A7
:100B10004AFB10B9002002B070BD01212046FCF74D
:100B200067FD0028F6D12046FDF74EFD054600285A
:100B3000F0D1014662222046FFF71AF9C3B2FC2B1E
:100B40000090E7D96A461A2120468DF80050019698
:100B5000E3F70EFF9DF80030022BDBD02046FFF7B5
:100B600093FE451E002D05DA9DF80030002BD1D1F3
:100B70002046D0E7A3681B68304653F82510FFF7DE
:100B8000C1FF0028C7D1013DECE770472DE9F04FC8
:100B900000F118050C46074695E80F00C7B002AEF5
:100BA00086E80F000AA92046FDF724FF2046FDF73E
:100BB000E6FC06AE024601460AA80BF01EFA0AAA97
:100BC00002A930460BF033FAE0B396E80F0085E84F
:100BD0000F003A461C212046E3F7CAFE3A461D2183
:100BE0002046E3F7C5FE1E213A462046E3F7C0FE45
:100BF0004FF480112046FCF7FBFC30BB04F11402DB
:100C00000EAE294630460BF012FAB8B197F83830DC
:100C1000022B13D92046FFF737FE8346B8B93A4670
:100C20001F212046E3F7A4FE3A4620212046E3F7A1
:100C30009FFE3A4621212046E3F79AFE02AB0FCBF6
:100C400085E80F0047B0BDE8F08F0AAAD8E796E81C
:100C50000F0085E80F002D2200212046FFF788F8BD
:100C60002B9058B90026A3681B68384653F8261005
:100C70000136E5F711FCB345F5D1D0E70C22002190
:100C80002046FFF775F881462B900028EAD004F142
:100C900014061EA800F022FE96E80F000DF1940C39
:100CA0008CE80F002BA8CDF8A490E7F78DF930461B
:100CB0000BF01BFD804630460BF01CFD804503DB2E
:100CC00030460BF017FD02E030460BF00EFD4FEA08
:100CD000600896E80F00C845A8BFC8460DF148094E
:100CE00089E80F00A3EB080301332A46494648462A
:100CF00013930BF09CF960B34A461021384600F07C
:100D000032FC00238246A26801931268504652F8D2
:100D10002310E5F7C1FB019B01339B45F3D15246FC
:100D20001F212046E3F724FE524620212046E3F708
:100D30001FFE524621212046E3F71AFE1EA9504607
:100D400000F0D0FD4A462BA93846CDF8C8A0E7F7F9
:100D5000C9F996E80F000DF1580989E80F000B4614
:100D60004344013B2A464946484619930BF05FF934
:100D700060B34A461021384600F0F5FB0023824656
:100D8000A26801931268504652F82310E5F784FBDD
:100D9000019B01339B45F3D152461F212046E3F7C7
:100DA000E7FD524620212046E3F7E2FD524621218D
:100DB0002046E3F7DDFD1EA9504600F093FD4A46AC
:100DC0002BA93846CDF8C8A0E7F78CF996E80F00B4
:100DD0000DF1680989E80F000B4643441B931D9BE6
:100DE0002A46A3EB0803494648461D930BF01FF91A
:100DF00000283FF423AF99E80F0085E80F00002694
:100E0000A3681B68384653F826100136E5F744FB03
:100E1000B345F5D103E770B50E4688B0044618B95E
:100E2000E6F756FA044630B12046E6F739FB10B132
:100E30001EB9C4F8646208B070BD00232046CDE935
:100E40000033E6F755FA013802902046E6F760FADB
:100E50006D46013803902A46314604A80BF0E7F8A6
:100E60000028E8D094F84030072B07D1049B23F0EA
:100E700007030493069B43F00703069394F83D3061
:100E8000022B0ED195E80F0004F1440686E80F000E
:100E90000123C4F8643200223821204600F0A8F86B
:100EA000C9E704AA3521204600F0A2F80128C2D1E2
:100EB0000026D4F86432B1B28B4215D81F2B84BF00
:100EC0000023C4F86432D4F864328CBF2A4604AAE2
:100ED00004EB031110684864506888649068C86423
:100EE000D2680A650133D4E704EB011100224431D2
:100EF00004A80BF058F901360028DAD09BE738B582
:100F000005460BF050FF044628460BF04AFF382CEC
:100F100006D1D0F8080318B1BDE838400DF032B959
:100F200038BD2DE9F04F87B09A469DF840300493C4
:100F30000446E6F739FA06462046E6F7F9F9804610
:100F40002046E6F7FDF98B461746054631465846DA
:100F5000E6F7E2FC1FB131463846E6F7DDFC3146E4
:100F60004046E6F7B3FC049B81466BB32A4604F582
:100F70001E75CDE901BA3346414604F5257BCDF80F
:100F8000009028460592E6F7CFFC059ACDF8009030
:100F900033464146CDE9017A5846E6F7C5FC002FB5
:100FA00014BF5A46002229462046E6F7DBF9049989
:100FB0002046E6F7E7F994F83F3043F0020384F85F
:100FC0003F3007B0BDE8F08FBAFBF0F2CFE7002367
:100FD00043637047806B003818BF01207047006A78
:100FE000003818BF0120704700F53A700BF0A2BE20
:100FF00070B588B004460E46154600211C2201A893
:101000000DF021FBCDE9014404F53A74012201A958
:101010002046039605950BF02EFE012804D10022F0
:1010200001A920460BF027FE08B070BD08B50246A6
:1010300050B10020E6F78CF94243EF2AD1BF0122DC
:101040005032A023B2FBF3F2104608BD10B5402287
:10105000044600210DF0F7FA01232362FF2384F8F0
:101060003C300BF06BFCC0F3072320776377C0F3B1
:1010700007404023A077636110BD7FB591F83C30F5
:10108000022B05460C4620D90B6AF3B1D1E909239E
:101090009A421AD08B8ECA6AD11A0091216B1A44D7
:1010A000CE1A013A0B44013B02926946092201968D
:1010B0000393E6F799FD214606464022406D0DF068
:1010C000F2F931462846E6F77BFE04B070BD10B158
:1010D000033020F00300704710B504460846EDF7D2
:1010E00039FE60430730C00810BDEEF7A5BC0330E1
:1010F000EEF788BC034608465B69114603B1184702
:1011000018467047034608469B68114603B11847C6
:101110001846704730B585692B6987B004460A4682
:101120006BB141B98388C08801380090013B02A8A7
:101130000AF049FF02AA2B6911462046984707B0DA
:1011400030BD2DE9F84F07461C200A9E894693467C
:101150001D46EEF75FFC044688B126B9294648468D
:10116000E6F7B4FB064633462A4659464846E6F7B4
:10117000B5FB3B68804633B92046EEF75DFC0024A2
:101180002046BDE8F88F2946984782460028F3D0CC
:1011900065702368A4F8049003F47F4343F440137C
:1011A00043F01903A4F806B0268123602946E6F728
:1011B000B3FBC4F80C80C4E9040AA761E0E737B5C3
:1011C0000B8900934B78CA880C468988FFF7B9FFD2
:1011D000054660B16388C26843F030034380E3682A
:1011E000216900699A4228BF1A460DF05CF9284629
:1011F00003B030BD2DE9F041069E0D4617469846D6
:10120000044618B900242046BDE8F08101B94578AC
:1012100026B929463846E6F759FB064633462A469C
:1012200041463846E6F75AFBE3688342EAD36570E5
:10123000A780A4F806802681E5E710B5044660B1D2
:101240004388DB0609D583695B680BB14069984721
:101250002046BDE81040EEF7EFBB10BD2DE9F0438E
:101260000446B0F8088089B00E4679B90A46E6F718
:101270009FFBE288314608FB02F20DF0E4F93146AB
:10128000204609B0BDE8F043FFF744BF0023CDE995
:1012900000338388013B0293C3886A46013B04A85C
:1012A00003930AF0C4FE10B304A80BF01EFA002842
:1012B0001DDD04A80BF01EFA002818DDDDE904127C
:1012C0002046E6F775FB07466078EDF743FD0546D7
:1012D00004A80BF00AFA45430735DDF81490ED1029
:1012E000079B4B4506DA31462046FFF713FF09B04E
:1012F000BDE8F08338462A4600210DF0A4F94744A2
:1013000009F10109ECE72DE9F84F054691461E4623
:101310000C4671B94378B0F80480DA1F032A11D95A
:101320001EB330460BF0E1F940453FD1D6E900123B
:1013300021E008460BF0D9F98046CEBB6B78DA1F66
:10134000032A12D8072B2869D9F8101009D0082BC6
:1013500009D0092B14BF4FF4806240220DF0A3F88E
:10136000DEE70822FAE71022F8E7B9F8043043452F
:101370001CD1002211464846E6F71AFB0746E4B1A5
:10138000D4E900122846E6F713FBD4F804B0D4F8E9
:101390000CA0064668782C89B9F80890EDF7DAFCBD
:1013A00008FB00F50735ED10D34512DDBDE8F88FD9
:1013B00030460BF09AF98045B7E722462146284689
:1013C000E6F7F6FAB5F806A006460AF1FF3AA34694
:1013D000E0E7394630462A460DF065F826444F448A
:1013E0000BF1010BE0E74388194214BF01200020F4
:1013F0007047438819434180704730B585B0CB684A
:1014000002930B6901930B8900934B78CA880C46B1
:1014100089880546E6F788FA012804BF63886B804F
:1014200005B030BD70472DE9FF41436C06460D46BF
:101430001746EBB9002D3BD1756CA5B32B6D012B75
:1014400036D195F858300BB1BB4231D1746C05F1EF
:1014500018087CB3A54227D0236D032B06D0424643
:1014600004F1180168460AF0E2FD08BB2468F0E7C1
:10147000E5F7BCFBE5F73CFF0446E5F7B7FBE5F70E
:1014800047FF736C1A6D012AD4D09A68002AD1DC08
:101490001A69013CA242CDDBDA68002ACADC5B692A
:1014A00001388342C6DB0024204604B0BDE8F08149
:1014B0002D68C2E72C46F7E7FF2310B580F83830D7
:1014C000002304461A46194618460BF01CFAC0F3CE
:1014D000072384F83A30C0F3074384F83B30C0F365
:1014E000076384F8390084F83C3010BD10B55822E9
:1014F000044600210DF0A7F82046BDE81040FFF794
:10150000DBBF2DE9F04105460F461C469046FFF72C
:10151000EDFFE5F76BFBAF64064694E80F0005F1BD
:10152000180787E80F0094E80F002F1D87E80F00C9
:1015300094E80F0005F1280787E80F0085F814806C
:10154000D6F8B43213B1294630469847D6F8B032AF
:1015500033B11A46DB6C002BFBD1D564BDE8F081BA
:10156000C6F8B052FAE7F8B5054658200E461746B9
:10157000EEF750FA044668B13B4632462946FFF77B
:10158000C0FF3DB195F8383084F83830D5F839309F
:10159000C4F839302046F8BD0068E6F709BA38B11A
:1015A0000078A0F120035F2B04D9C00940007047E8
:1015B00003207047012070472DE9F0438BB00546AA
:1015C000BDF84870BDF84C80DDF850901E4673B9E8
:1015D000B7F5807F0BD1B8F5807F08D1C0E9003323
:1015E00001398160541EEC600BB0BDE8F08301242A
:1015F0000023CDE90413CDE90632CDE90812CDE987
:101600000233CDE9009443463A46314602A80BF036
:101610005EF8CDE9009443463A46314604A80BF003
:1016200056F8CDE9009443463A46314606A80BF0F9
:101630004EF8CDE9009443463A46314608A80BF0EF
:1016400046F8089B069C04980299A3421A46A8BF34
:1016500022468242A8BF02468A42D4BF2A6029603D
:10166000A342B8BF23468342B8BF0346099C0798EC
:10167000039A8B42B8BF0B46013B84420599AB608D
:101680002346A8BF03468B42A8BF0B469342D4BF54
:101690006B606A608442B8BF04468C42B8BF0C4697
:1016A0009442B8BF1446013C9DE72DE9F04106463F
:1016B000A0B00C4615461F46002B4FD0136805936B
:1016C0005368069393680793D36808930B6B3BB9F1
:1016D0004B6BB3F5807F03D18B6BB3F5807F21D04B
:1016E00028460BF002F8804628460BF003F804F178
:1016F00044030293238F0193A38E00930246236B2E
:10170000414605A8FFF758FF2968059B6A680B4406
:101710000593069B13440693079B0B440793089B72
:10172000134408930DF1240806F1380205A9404638
:101730000AF07DFC90B1E16900220DA8E7F710FBEB
:1017400001280BD13046CDE90187009500230DAA71
:101750002146E6F7D3FB0DA800F082FB20B0BDE8E0
:10176000F0811F2825D940F21C63984221D0A0F5B2
:101770008A531F3B012B1CD9A0F5C0530B3B032BF5
:1017800017D9A0F50053A3F10B02042A11D9283B65
:10179000072B0ED9A0F501531F3B102B09D94FF68B
:1017A000FF63984205D04FF6FF03C31A58425841D1
:1017B00070470120704703463038C0B209280BD962
:1017C000602B84BF203BDBB2A3F14102052A02D883
:1017D000373BD8B27047002070470379052B0CBF08
:1017E000406D00207047302200210CF02CBFF8B56E
:1017F0000C46064694F85830022B11461ED9E36970
:10180000E3B11B78D3B1A36AC3B10522E6F7ECF9C3
:101810006C2205462146406D0CF045FE94F85C3084
:10182000DB0705D5616DE0696F6D0CF097FFF8611E
:1018300029463046BDE8F840E6F7C2BAF8BD10B513
:101840004022044600210CF0FEFE01232363FF2307
:1018500084F83C300BF072F8C0F3072384F82C00B6
:1018600084F82D30C0F30740402384F82E006361D4
:1018700010BD7FB50B6B06460C466BB391F83C2050
:10188000022A29D9496AE2699142D4BFC3EB010512
:10189000C3EB020500959142ACBF5D189D18A16A8B
:1018A000226A02959142D4BFC3EB0105C3EB020546
:1018B0009142ACBF5B189B180822694601950393BF
:1018C000E6F792F9214605464022406D0CF0EBFD0B
:1018D00029463046E6F774FA04B070BD3422002180
:1018E0000CF0B1BEF8B50446007D0F46EDF73CFAAA
:1018F00040B30B22211D2046E6F776F90546342237
:10190000406D39460CF0CFFD6E6D3068346198B192
:101910004FF40021FBF76CFE70B130684FF40021EA
:10192000FBF712FE222138682A46E3F721F83068D7
:101930004FF40021FCF754F829462046BDE8F84052
:10194000E6F73EBAF8BD10B53022044600210CF08F
:101950007AFEFF2384F820303023636110BD0379C1
:10196000012B0CBF406D0020704710B504462C229F
:1019700000210CF068FE238D23F4FF5323F01F0396
:101980006FEA13336FEA033323852C23636110BDA1
:101990000379022B0CBF406D002070472DE9F04FFA
:1019A000CD6D93B007460C46164685B191F86C3064
:1019B000022B40F28780012D40F086808B6E002B39
:1019C00005DC0B6E1BB94D6E003D18BF012594F868
:1019D0002030059394F83B30022B77D9236B003BE2
:1019E00018BF0123079394F84830022B70D9636C19
:1019F000002B6DD094F8498018F0200F68D118F0B2
:101A00001F0818BF4FF0010894F85830022B62D914
:101A1000236D003B18BF01230693059BFF2B6DD15F
:101A200094F82F301B0758D1002D6CD0314603227B
:101A30003846E6F7D9F8A26ED0F8549000F1180BAA
:101A40008246114658460AF0D8FAE26D58461146C9
:101A50000AF0D3FAD4E9181258460AF0DBFAA6467F
:101A6000BEE80F00CC46ACE80F009EE807008CE80B
:101A700007003823C9F81430E369C9F81C3094F81A
:101A80005B30B4F85920A9F8202089F82230E36DA2
:101A9000C9F82430A36EC9F8283094F86C3089F85E
:101AA0003430236EC9F82C30636EC9F8303099F8A1
:101AB0003530514665F30003384689F83530E6F78E
:101AC0007FF91DE0002582E7012580E7002389E7F3
:101AD0004FF0000898E700239EE794F82E2000239B
:101AE00004F127019A429FD903EB8300085CFF2889
:101AF00001D10133F6E735B1002597E7002DFBD181
:101B0000059B022B52D996E80F000EAD85E80F0019
:101B1000636C012B1BDD94F84830FC2B17D9E3696B
:101B2000ABB194F849300246C3F380010A440E92E7
:101B30000F9AC3F340010A440F92109AC3F3C001F5
:101B4000521A1092119A03F00103D21A11922946E7
:101B500001223846E6F748F8456D81462846FFF7EA
:101B6000F2FEA646BEE80F00AC46ACE80F009EE8C9
:101B700007008CE8070030236B61E369EB61B4F880
:101B80002130A5F8213094F8233085F8233004F172
:101B9000240207CA05F1240383E8070094F82030E3
:101BA00085F8203049463846E6F70AF9079B002BAE
:101BB00071D0206BFFF7F3FC012805460DF12C0ACC
:101BC0001DD8206B514600F025F9012863D194F807
:101BD0003D30002B40F0E180BDF830200093013A09
:101BE0001092BDF83220013A11920EA90922304616
:101BF000CDE90E330AF0D8FB06220EA9CFE00C2265
:101C0000002150460CF01FFD032D44D000256FF03D
:101C10006043CDE901350095D4E90C122B4609A8A3
:101C20000CF04DFA099B0095013B10930A9B013B78
:101C3000119309222B460EA93046CDE90E550AF024
:101C4000B3FB05220EA93846E5F7CEFFD0F8549035
:101C500082464846E6F776FBA446BCE80F004D46B0
:101C60000FC59CE8070085E807006C23C9F814300D
:101C7000A36BA9F82C301B0C89F82E30636BC9F8C4
:101C80002830236BC9F81C3005238AF804305146EC
:101C90003846E6F795F8B8F1000F2CD0022231460D
:101CA0003846E5F7A1FFA646456D8046BEE80F0021
:101CB000AC46ACE80F009EE807008CE807002C2338
:101CC0006B61E369EB61E28F94F8403085F8223074
:101CD0002A8494F8483085F82830636C6B6294F855
:101CE000492095F8293062F3040385F829304146EC
:101CF0003846E6F765F8069B002B4BD096E80F00B8
:101D00000EAD85E80F00D4E914231A441146284685
:101D10000AF073F9294602223846E5F765FF226D7D
:101D2000456D00F118061146804630460AF065F907
:101D3000626D304611460AF060F9A446BCE80F0017
:101D40002E460FC69CE8070086E807002C236B612F
:101D5000E36947F6FF7293421FBF226D9B18626DC5
:101D60009B18EB61B4F84A2094F84C3085F8223087
:101D70002A8494F8583085F82830236D6B6295F8E2
:101D800029300F2262F3040385F829304146384692
:101D9000E6F716F813B0BDE8F08F06223146384654
:101DA000E5F722FF456D81462846E6F70DF9A64680
:101DB000BEE80F00AC46ACE80F009EE807008CE8D8
:101DC00007006C236B61236BEB6194F83B3085F863
:101DD0005030A36BA5F84C301B0C85F84E3094F8AE
:101DE0003C3085F84F3094F83D2095F8513062F33F
:101DF00045139AE8070085F8513005F1200383E880
:101E00000700E369EB6296E80F00583585E80F009C
:101E100049463DE730B595B004464C220D4601A831
:101E200000210CF010FC20460494FFF7B8FB294673
:101E30008DF8140001A8E6F7D1FE003818BF012084
:101E400015B030BD30B4044600688568134625B12E
:101E50000A46AC46214630BC6047284630BC704735
:101E600010B50446006878B1C3680BB121469847A5
:101E7000ECF7D8FC40B1206C30B1616C21B1BDE809
:101E80001040002209F08BBD10BD01607047416019
:101E9000704781607047C1607047CB10C943C05C18
:101EA00001F00701084100F00100704737B5ADF8B7
:101EB0000400C0F30720FC2802D84C78022C03D879
:101EC000BDF804300B800FE002280DD9FF2C0DD196
:101ED0009DF804300A784C70C0F1FF0513FB00F345
:101EE00005FB02331B0A0B7003B030BDD378A3424D
:101EF00002D1537883420DD0C0F1FF03C4F1FF0437
:101F000063436FEA2323DBB2C0EB00209371B0FB85
:101F1000F3F0D0710C885088BDF80430844202D1AF
:101F20001088984212D0BDF8043013800B88D07905
:101F300053809DF804300C78C0F1FF0513FB00F3CB
:101F400005FB04331B0A1371937953719388B9E726
:101F500010B485B0013AADF80410C9B2032A26D8EE
:101F6000DFE802F002090E1F04780C44FF2CA8BF22
:101F7000FF24E4B208E00478641A24EAE474F8E781
:101F8000047814FB01F4240A9DF805208DF80D2037
:101F90008DF80C40014603981A4605B010BCFFF7B7
:101FA00085BF0478641A002CB8BF6442E1E705B02D
:101FB00010BC704710B50222002104460CF043FB10
:101FC0000222A01800210CF03EFB02220021201D5D
:101FD0000CF039FBFF23A371E37110BD2DE9F04F25
:101FE0008BB04368009383680193C3680293D0E980
:101FF00006530393D0E90443074690F821900668FE
:10200000049308A88846FFF7D5FF97F82230002BE5
:1020100040F0C1804CBBB9F1FC0F23D8019B9C421E
:1020200080F2BC80AA4600273AE050460AF0F6FC4F
:1020300009F1010907F8020C07F801BCC244009B32
:10204000994507F10207F0DB029B1E44039B013414
:102050001D44019B9C4280F2A180AA4637464FF066
:102060000009ECE74FF0FF0BF3E7B9F1FC0F1F4657
:102070003BD8019B9F4280F29180AB464FF0000A13
:102080004FE050460AF0CAFC8DF81D908DF81C00F8
:1020900006EB4701079808AAFFF708FF0137C2447B
:1020A000009B9F42EDDB029B1E44039B01341D44B9
:1020B000B4E750460AF0B2FC14F809308DF81C0061
:1020C0008DF81D3006EB4901079808AAFFF7EEFED0
:1020D00009F10109C244009B9945EADB029B1E44B9
:1020E000039B1D44049B01371C44019B9F4255DA0E
:1020F000AA464FF00009EEE758460AF08FFC14F8A4
:102100000A308DF81C0013FB09F31B128DF81D30EB
:1021100006EB4A01079808AAFFF7C8FE0AF1010A70
:10212000C344009B9A45E7DB029B1E44039B1D446E
:10213000049B01371C449CE705980AF06FFC8DF85E
:102140001C0034B314F80A3013FB09F31B0A8DF892
:102150001D3006EB4A0008AB97F822200799FFF7DD
:10216000F7FE059B43440AF1010A0593009B9A453B
:10217000E2DB0CB1049B1C44029B1E44039B0BF14D
:10218000010B1D44019B9B4508DA05954FF0000AA1
:10219000ECE74B46DBE74FF0000BF3E70BB0BDE895
:1021A000F08F2DE9F04FD0E9044A87B00546D0E919
:1021B000016790F81B90D0F80C8004A8FFF7FAFE96
:1021C000A869002C40F08680B9F1FC0F67D90AF0AD
:1021D000F1FB002E0246286806F1FF3525F00F05B9
:1021E000A6F1100ED8BF0025FF21BC4261DA0346DC
:1021F0004FF0000C41E003F8202C03F81F1C03F8FB
:102200001E2C03F81D1C03F81C2C03F81B1C03F8E0
:102210001A2C03F8191C03F8182C03F8171C03F8E0
:10222000162C03F8151C03F8142C03F8131C03F8E0
:10223000122C03F8111C03F8102C03F80F1C03F8E0
:102240000E2C03F80D1C03F80C2C03F80B1C03F8E0
:102250000A2C03F8091C03F8082C03F8071C03F8E0
:10226000062C03F8051C03F8042C03F8031C03F8E0
:10227000022C03F8011C0CF1100CE64503F12003BD
:10228000B9DC2B4600F1010CB34202DB40440134BF
:10229000ABE700F813200CF813100133F4E70AF051
:1022A00089FB8DF80D90D5F800908DF80C00BC429C
:1022B0000EDB07B0BDE8F08F09EB4501039804AAD7
:1022C000FFF7F4FD0135B542F6DBC1440134EEE71A
:1022D0000025F8E7B9F1FC0F1CD90AF06BFBD5F823
:1022E00000B08DF80C004FF00009B945E1DA002587
:1022F00009E0635D8DF80D300BEB4501039804AAEE
:10230000FFF7D4FD0135B542F3DBC344544409F172
:102310000109EAE70AF04EFB2B688DF80C004FF03C
:10232000000BBB45C5DA00250EE0625D019312FB90
:1023300009F212128DF80D2003EB4501039804AA4F
:10234000FFF7B4FD019B0135B542EEDB4344544435
:102350000BF1010BE5E72DE9F04F90F82030063B3B
:102360008BB004460F2B2FD8DFE813F0E301810375
:102370002E002E002E002E002E002E002E00E50036
:10238000EE00EC0010002E002E009E024368019328
:1023900083680293D0E90453D0E9067B90F821804A
:1023A0000668D0F80CA0039308A8FFF703FE94F882
:1023B0002230002B40F0BD80002D3CD1B8F1FC0F45
:1023C0001CD8029BAB4234DC0BB0BDE8F08F37F871
:1023D00014000AF00AFB013408F8020C08F8019C0A
:1023E000019BA34208F10208F1DC56445F44013529
:1023F000029BAB42E8DDB0460024F1E74FF0FF0955
:10240000F6E737F814000AF0F0FA4FEA44098DF8BD
:102410001C008DF81D80079808AA06EB0901FFF73C
:1024200045FD0134019BA342EBDC56445F4401357A
:10243000C7E70024F6E7B8F1FC0F1C4621D8029B41
:10244000A342C1DD4FF0000939E037F818000AF067
:10245000CCFA15F808308DF81C004FEA48098DF8C1
:102460001D30079808AA06EB0901FFF71FFD08F1C8
:102470000108019B4345E8DC039B56445F441D442F
:102480000134029BA3429FDD4FF00008F1E74FEAC1
:10249000490137F8190004910AF0A7FA15F8093034
:1024A00004998DF81C0013FB08F31B128DF81D30E6
:1024B000079808AA3144FFF7F9FC09F10109019BCB
:1024C0004B45E4DC039B56445F441D440134B6E7AE
:1024D0004FEA490337F8190005930AF086FA8DF898
:1024E0001C0025B315F8093013FB08F31B0A8DF8FF
:1024F0001D304FEA490094F82220079908AB304478
:10250000FFF726FD09F10109019B4B45E0DC0DB108
:10251000039B1D44049B56445F4401330493049A77
:10252000029B93427FF750AF4FF00009ECE7434620
:10253000DDE70023F2E7032120460BB0BDE8F04FB2
:10254000FFF74CBD0421F7E74368019383680293CA
:10255000C3680393D0E90453D0E9066A90F8218058
:102560000768049308A8FFF725FD94F82230002B94
:1025700040F0DD80002D48D1B8F1FC0F20D8029B3F
:10258000AB427FF721AFB146002436E0D8F8000017
:102590000AF05BFA98F803308DF81C008DF81D30B6
:1025A00007EB4401079808AAFFF780FC013408F103
:1025B0000408019BA342E9DC039B56441F440135F8
:1025C000029BAB427FF700AFB0460024F1E7D9F899
:1025D00000000AF03AFA99F803308DF81C0013FB5A
:1025E00008F31B128DF81D3007EB4401079808AA69
:1025F000FFF75CFC013409F10409019BA342E6DC0E
:10260000039B56441F440135B9E7B8F1FC0F1C4643
:1026100029D8029BA3427FF7D7AEB3464FF00009FB
:1026200044E0D9F800000AF010FA15F8082099F8EB
:1026300003308DF81C0013FB02F31B128DF81D30C4
:1026400007EB4801079808AAFFF730FC08F10108DA
:1026500009F10409019B4345E3DC039B1F44049BF0
:1026600056441D440134029BA3427FF7ADAEB146F0
:102670004FF00008EEE7DBF800000AF0E6F915F885
:1026800009209BF803308DF81C0013FB02F308FBB4
:1026900003F31B148DF81D3007EB4901079808AAB6
:1026A000FFF704FC09F101090BF1040B019B4B45F9
:1026B000E1DC039B1F44049B56441D440134A8E7FE
:1026C000DBF800000AF0C1F99BF803208DF81C002C
:1026D0002DBB12FB08F2130A8DF81D3007EB4900E1
:1026E00094F82220079908ABFFF732FC09F10109A1
:1026F0000BF1040B019B4B45E2DC0DB1049B1D4427
:10270000039B1F44059B564401330593059A029B86
:1027100093427FF759AEB3464FF00009EAE715F848
:10272000093013FB02F308FB03F31B0CD4E700236F
:10273000EBE74368019383680293D0E90453D0E93F
:10274000067B90F821800668D0F80CA0039308A8B7
:10275000FFF730FC94F82230002B40F0A38085BBBB
:10276000B8F1FC0F18D8029BAB427FF72DAE0024C6
:1027700020E0F85C06F8130001F8132001330198FB
:102780009842F6DC56445F440135029BAB427FF72A
:102790001BAE0023711CF2E7FF22F6E73B5D8DF8CC
:1027A0001C308DF81D8006EB4401079808AAFFF73E
:1027B0007DFB0134019BA342F0DC56445F440135AC
:1027C000D1E7B8F1FC0F1C461ED8029BA3427FF74D
:1027D000FBAD4FF0000931E017F808308DF81C30E0
:1027E00015F808308DF81D3006EB4801079808AA47
:1027F000FFF75CFB08F10108019B4345ECDC039B00
:1028000056445F441D440134029BA3427FF7DCAD74
:102810004FF00008F0E717F809308DF81C3015F874
:10282000093013FB08F31B128DF81D3006EB49012C
:10283000079808AAFFF73AFB09F10109019B4B45EC
:10284000E9DC039B56445F441D440134BDE717F89F
:1028500009308DF81C301DB315F8093013FB08F34F
:102860001B0A8DF81D3006EB490094F822200799C9
:1028700008ABFFF76DFB09F10109019B4B45E6DC55
:102880000DB1039B1D44049B56445F4401330493E4
:10289000049A029B93427FF797AD4FF00009ECE753
:1028A0004346DEE70023F2E743680193836802931F
:1028B000D0E90453D0E9066A90F821800768D0F87F
:1028C0000C90039308A8FFF775FB94F82230002BB7
:1028D00040F0CB80002D3DD1B8F1FC0F19D8029B00
:1028E000AB427FF771ADB34600242AE006EB440209
:1028F00016F81430507807EB440108AA43EA002088
:10290000FFF7D4FA0134019BA342EFDC4F44564455
:102910000135029BAB427FF757AD0024F3E73BF84C
:10292000023CADF81C301BF8013C13FB08F31B12F2
:102930008DF81D3007EB4401079808AAFFF7B6FA97
:102940000134019BA3420BF1020BE8DC4F445644D7
:102950000135C4E7B8F1FC0F1C4626D8029BA34200
:102960007FF732AD33464FF0000B3FE03BF8023CBF
:1029700015F80820ADF81C301BF8013C13FB02F3DE
:102980001B128DF81D3007EB4801079808AAFFF7C6
:102990008DFA08F10108019B43450BF1020BE5DCC0
:1029A000039B4F4456441D440134029BA3427FF7CE
:1029B0000BADB3464FF00008EDE733F8022C15F8E5
:1029C0000B10ADF81C2013F8012C049312FB01F23C
:1029D00008FB02F212148DF81D2007EB4B0107983B
:1029E00008AAFFF763FA049B0BF1010B019A5A4501
:1029F00003F10203E1DC039B4F4456441D440134C0
:102A0000ACE736F81B30ADF81C30059B13F81B20E3
:102A10001DBB12FB08F2130A8DF81D3007EB4B00AB
:102A200094F82220079908ABFFF792FA0BF1010BFB
:102A3000019B5B45E5DC0DB1039B1D44049B4F44AA
:102A4000564401330493049A029B93427FF7BCAC33
:102A5000731C4FF0000B0593EAE715F80B3013FBDE
:102A600002F308FB03F31B0CD6E70023EAE7D0E9E7
:102A700001830193D0E90453D0E9067B90F82190BB
:102A80000668D0F80CA0029308A8FFF793FA94F810
:102A90002240002C7FF498ACCDBBB9F1FC0F1DD8BF
:102AA000019BAB427FF790AC00242AE011463846E8
:102AB000FFF7F3F9404204F8020C04F8019C0132DC
:102AC000904504F10204F1DC56445F440135019B5A
:102AD000AB427FF779AC34460022F1E74FF0FF09B3
:102AE000F5E721463846FFF7D8F940428DF81C003B
:102AF0008DF81D9006EB4401079808AAFFF7D6F958
:102B00000134A045EDDC56445F440135C8E7B9F116
:102B1000FC0F1FD8019BA3427FF756AC002337E080
:102B200049463846FFF7B9F915F809308DF81D30D8
:102B300040428DF81C0006EB4901079808AAFFF7F0
:102B4000B5F909F10109C845EADC029B56445F4426
:102B50001D440134019BA3427FF736AC4FF00009BE
:102B6000F1E7194638460393FFF797F9039BEA5CB0
:102B700012FB09F2404212128DF81D208DF81C0044
:102B800006EB4301079808AAFFF790F9039B01336E
:102B90009845E6DC029B56445F441D440134B9E786
:102BA000CB10C943C05C01F00701084100F00100EF
:102BB000704730B5B0F17D4F85B0CDE900101446B7
:102BC0004FEA10634FEA116501D2022D14D8019B20
:102BD00003939DF80C30002063F307009DF80D303F
:102BE00063F30F209DF80E3063F317409DF80F300C
:102BF00063F31F6005B030BD022B01D80391E8E7F5
:102C0000FF2D04D105B0BDE8304009F06DBFD27989
:102C1000AA4202D1E2789A420DD0C3F1FF02C5F177
:102C2000FF056A436FEA2222D2B2C3EB0323227369
:102C3000B3FBF2F363736168009809F043FEB0B927
:102C40000198637B206000988DF807306060014632
:102C5000019809F049FFC0F3072320726372C0F3A3
:102C60000740237BA072E372A0680390B1E721685C
:102C7000019809F027FE0028E2D0F5E77FB5013A78
:102C80000191CDB2C1F307260446C1F30741032ADF
:102C90004ED8DFE802F00217284FA2780A44FF2A34
:102CA000A8BFFF228DF80E20627821783244FF2AD7
:102CB0002944A8BFFF22FF298DF80D20A8BFFF21BE
:102CC000C9B220E0A278521A22EAE2728DF80E20F0
:102CD00062782178921B22EAE272491B8DF80D205E
:102CE00021EAE171ECE7A27812FB01F212128DF8F1
:102CF0000E206278217812FB06F2121211FB05F108
:102D00008DF80D20090A9DF807208DF80C108DF81C
:102D10000F20216803981A46FFF74BFFC0F30723E3
:102D200020706370C0F30743C0F30760A370E070C6
:102D300004B070BDA278521A002AB8BF52428DF872
:102D40000E2062782178921B002AA1EB0501B8BF02
:102D5000524200298DF80D20B8BF4942B0E732B188
:102D6000FF23FC2ACB7003D9887048700870704725
:102D700010FB02F0D3438A78DBB202FB0302120A93
:102D80008A704A7802FB0302120A4A700A7802FB30
:102D90000300000AEAE710B50422002104460BF004
:102DA00052FC0422A01800210BF04DFC042200214B
:102DB00004F108000BF047FCFF232373637310BD7D
:102DC0002DE9F04F8DB04368009383680193C36889
:102DD0000293D0E906630393D0E90443074690F8D1
:102DE00021800568059308A80491FFF7D4FF97F8A0
:102DF0002230002B40F02A81002C44D1B8F1FC0F86
:102E000039D9049B042B34D1009B9F00019B9C4229
:102E100002DB0DB0BDE8F08F314628463A460BF094
:102E200042FB029B1D44039B01341E44EEE712F853
:102E3000017C03F8027C12F8027C03F8037C12F890
:102E4000037C03F8047C03F8010C0131009FB942B4
:102E500002F1030203F10403E9DB029B1D44039B1F
:102E600001341E44019B9C42D3DA32462B4600219A
:102E7000ECE7FF20F6E78DF81F80019B9C42C8DA43
:102E8000B04600272FE0B8F1FC0F1F4668D8019B21
:102E90009F42BEDAB2464FF0000996E098F8023041
:102EA0008DF81E3098F801308DF81D3098F80030FC
:102EB0008DF81C3055F82710079808AAFFF779FEFF
:102EC00005EB8709C0F3072305F8270089F80130CF
:102ED000C0F3074389F80230049BC0F3076089F808
:102EE000030001379844009B9F42D7DB029B1D449F
:102EF000039B01341E44C0E714F808308DF81F30DE
:102F000099F802308DF81E3099F801308DF81D3097
:102F100099F800308DF81C3055F82810079808AA49
:102F2000FFF747FE05EB880AC0F3072305F82800E2
:102F30008AF80130C0F307438AF80230049BC0F3DB
:102F400007608AF8030008F101089944009B98453E
:102F5000D2DB029B1D44039B1E44059B01371C448E
:102F6000019B9F42BFF655AFB1464FF00008EDE719
:102F700014F8093055F8291013FB08F31B128DF8CB
:102F80001F309AF802308DF81E309AF801308DF813
:102F90001D309AF800308DF81C30079808AAFFF70A
:102FA00008FE05EB890BC0F3072305F829008BF811
:102FB0000130C0F307438BF80230049BC0F3076075
:102FC0008BF8030009F101099A44009B9945CFDB76
:102FD000029B1D44039B1E44059B01371C4456E77E
:102FE0009AF802308DF81E309AF801308DF81D30B5
:102FF0009AF800308DF81C3034B314F8093013FB04
:1030000008F31B0A8DF81F3005EB890008AB97F811
:1030100022200799FFF732FE049B09F101099A4427
:10302000009B9945DCDB0CB1059B1C44029B1D44B5
:10303000039B0BF1010B1E44019B9B45BFF6E9AEC0
:10304000B2464FF00009EBE74346DBE74FF0000BD9
:10305000F2E72DE9F04FD0E9044389B0D0E90159F6
:1030600090F81B80D0F80CA00093064604A8FFF748
:1030700092FE002C5BD1B8F1FC0F2FD9B06909F09A
:10308000F9FB002D0346306825F00F01A5F10F076D
:10309000B8BF00214C4529DA0246002610E042E97B
:1030A000103342E90E3342E90C3342E90A3342E974
:1030B000083342E9063342E9043342E90233103669
:1030C000B74202F14002EADC0A46AA4202DB50445F
:1030D0000134DFE740F822300132F6E7B0694146BB
:1030E00009F0A7FB376803904C451EDB09B0BDE82B
:1030F000F08F57F82610039804AAFFF75AFD07EB44
:103100008608C0F3072307F8260088F80130C0F3CB
:103110000743C0F3076088F8023088F803000136DF
:10312000AE42E6DB57440134DEE70026F8E7B8F1AB
:10313000FC0F2DD9B069FF2109F07BFB37680390A4
:103140004FF00008C845D1DA002619E0A35D8DF8DC
:103150000F3057F82610039804AAFFF72AFD07EB53
:10316000860BC0F3072307F826008BF80130C0F365
:103170000743C0F307608BF802308BF80300013679
:10318000AE42E3DB009B57441C4408F10108D9E739
:10319000B069414609F04DFB376803904FF0000BD2
:1031A000CB45A3DA00261BE0A35D57F8261013FBDE
:1031B00008F31B128DF80F3004AA07EB860303985F
:1031C0000193FFF7F6FC019B07F82600C0F30722E6
:1031D0005A70C0F30742C0F307609A70D870013686
:1031E000AE42E1DB009B57441C440BF1010BD7E7D7
:1031F0002DE9F04F90F82030063B8DB083460F2B21
:1032000033D8DFE813F07602F503320032003200E3
:103210003200320032003200570160015E011000BE
:103220003200320026034368019383680293C36827
:103230000393D0E906430493D0E9046390F8219006
:103240000568059308A8FFF7A6FD9BF82270002FDC
:1032500040F02B81002E48D18DF81F9040F20D4A8E
:1032600040F63A09029BB3423DDC0DB0BDE8F08F59
:1032700004EB470355F827105B78DB0809FB03F3E1
:103280001B128DF81E3034F81730C3F345130AFBB8
:1032900003F31B128DF81D3014F8173003F01F03D1
:1032A00009FB03F31B128DF81C30079808AAFFF7DF
:1032B00080FC05EB8708C0F3072305F8270088F892
:1032C0000130C0F30743C0F3076088F8023088F884
:1032D00003000137019BBB42CADC039B1D44049BD6
:1032E00001361C44BEE70027F4E7B9F1FC0F51D8C2
:1032F00040F63A0B40F20D43029ABA42B5DD4FF068
:10330000000887E016F808308DF81F3004EB4803FA
:1033100055F828105B78DB080AFB03F31B128DF8C5
:103320001E3034F81830C3F345130BFB03F31B12A4
:103330008DF81D3014F8183003F01F030AFB03F357
:103340001B128DF81C30079808AAFFF732FC05EB1A
:103350008809C0F3072305F8280089F80130C0F375
:103360000743C0F3076089F8023089F8030008F1C9
:103370000108019B4345C5DC039B1D44049B1C4481
:10338000059B01371E44029BBB427FF76EAF4FF097
:103390000008EEE740F63A0A40F20D4BF3E716F864
:1033A000082055F8281012FB09F212128DF81F2080
:1033B00004EB480205EB880A5278D2080BFB02F2B4
:1033C00012128DF81E2034F81820C2F345125A4309
:1033D00012128DF81D2014F8182002F01F020BFBAA
:1033E00002F212128DF81C20079808AAFFF7E1FBE1
:1033F000C0F3072205F828008AF80120C0F307422D
:10340000C0F307608AF802208AF8030008F1010877
:1034100040F20D43019A4245C1DC039A1544049AD7
:103420001444059A0137164466E704EB470340F25B
:103430000D425B78DB080AFB03F31B128DF81E308C
:1034400034F81730C3F3451353431B128DF81D3066
:1034500014F8173003F01F030AFB03F31B128DF857
:103460001C3006B3F35D13FB09F31B0A8DF81F3004
:1034700005EB87009BF82220079908ABFFF7FEFBBE
:103480000137019BBB42D0DC0EB1059B1E44039B60
:103490001D44049B08F101081C44029B43457FF72F
:1034A000E4AE0027EDE74B46E0E74FF0000840F6BA
:1034B0003A0AF2E7032158460DB0BDE8F04FFFF796
:1034C0007FBC0421F7E74368019383680293C368D4
:1034D0000393D0E90453D0E9066990F82180046889
:1034E000049308A8FFF757FC9BF82270002F40F0C8
:1034F000FD80002D59D1B8F1FC0F25D8029BAB42BD
:103500007FF7B3AEB246002745E054F8271056F8CF
:10351000270008AAFFF74DFB04EB8708C0F3072339
:1035200004F8270088F80130C0F30743C0F30760B0
:1035300088F8023088F803000137019BBB42E4DCC5
:10354000039B4E441C440135029BAB427FF78DAE7A
:103550000027F2E71AF8013C5AF8040C079013FB15
:1035600008F31B128DF81F3054F82710079808AA8B
:10357000FFF71FFB04EB870BC0F3072304F82700BA
:103580008BF80130C0F30743C0F307608BF80230BB
:103590008BF803000137019BBB420AF1040AD9DC16
:1035A000039B4E441C440135A8E7B8F1FC0F36D804
:1035B000029BBB427FF759AEB3464FF0000A5AE078
:1035C00015F808201AF8013C5AF8040C079013FB70
:1035D00002F31B128DF81F3054F82810079808AA20
:1035E000FFF7E7FA04EB880BC0F3072304F8280081
:1035F0008BF80130C0F30743C0F307608BF802304B
:103600008BF8030008F10108019B43450AF1040A05
:10361000D6DC039B1C44049B4E441D440137029B93
:10362000BB427FF722AEB2464FF00008ECE71BF832
:10363000012C15F80A105BF8040C079012FB08F235
:103640004A4312148DF81F2004EB8A0354F82A1001
:103650000798059308AAFFF7ACFA059B04F82A001F
:10366000C0F307225A70C0F30742C0F307609A7094
:10367000D8700AF1010A019B53450BF1040BD6DC0B
:10368000039B1C44049B4E441D44013790E7059B5B
:1036900056F8270013F82720079005BB18FB02F205
:1036A000130A8DF81F3004EB87009BF8222007993E
:1036B00008ABFFF7E3FA0137019BBB42E7DC0DB132
:1036C000049B1D44039B4E441C440AF1010A029BC7
:1036D00053457FF7CAADF31C00270593ECE7EB5D7C
:1036E00013FB02F308FB03F31B0CDAE74FF0000AAD
:1036F000EDE7D0E901930193D0E906530293D0E9B5
:10370000044390F8227090F821800668D0F80CA04D
:103710000393002F6DD19CBBB8F1FC0F19D8019B0E
:10372000A3427FF7A2AD002723E012F8011F03F8A0
:10373000011C03F8021C117803F8031C03F8041C95
:103740008118494503F10403EFDB029B56441D44F5
:103750000134019BA3427FF788AD6A1E3346C5F151
:103760000100EDE7E85D06EB87014246FFF7F7FA57
:103770000137B945F6DC029B56441D440134CEE7BF
:10378000B8F1FC0F18D8019BBB427FF76EAD4FF02C
:10379000000B25E014F8082015F8080006EB880156
:1037A000FFF7DDFA08F10108C145F3DC029B1D4477
:1037B000039B56441C440137019BBB427FF755AD28
:1037C0004FF00008F0E714F80B2015F80B0012FB7F
:1037D00008F206EB8B01120AFFF7C1FA0BF1010B9D
:1037E000D945F0DC029B1D44039B56441C44013721
:1037F000C9E708A8FFF7CFFA00230493049A019BB6
:1038000093427FF732AD002716E0EB5D8DF81E3056
:103810008DF81D308DF81C30CCB1E35D13FB08F33F
:103820001B0A8DF81F3006EB87009BF822200799B2
:1038300008ABFFF723FA0137B945E6DC0CB1039B6F
:103840001C44029B1D44049B56440133D5E7434668
:10385000E7E74368019383680293D0E9044390F853
:10386000227090F821800668D0F80C900393D0E97C
:10387000065A002F40F08280B4BBB8F1FC0F17D875
:10388000029BA3427FF7F1ACAB46002723E006EB97
:10389000870118F8012C18F8020CFFF760FA0137BD
:1038A000019BBB4208F10208F1DC4E44554401344F
:1038B000029BA3427FF7D9ACA8460027F0E71BF88C
:1038C000012C1BF8020C12FB08F206EB8701120A0E
:1038D000FFF745FA0137019BBB420BF1020BEEDC0F
:1038E0004E4455440134CBE7B8F1FC0F20D8029B7D
:1038F000BB427FF7BAAC2B464FF0000B33E014F815
:1039000008301BF8012C1BF8020C12FB03F206EB2B
:103910008801120AFFF723FA08F10108019B4345C9
:103920000BF1020BEBDC039B4E4455441C44013766
:10393000029BBB427FF799ACAB464FF00008EDE726
:1039400014F80B1013F8012C13F8020C049312FB5B
:1039500001F208FB02F206EB8B01120CFFF7FFF9F4
:10396000049B0BF1010B019A5A4503F10203E7DCBA
:10397000039B4E4455441C440137B8E708A8FFF7A1
:103980000AFA00230493049A029B93427FF76DACDA
:103990006B1C0027059319E015F817308DF81E30C1
:1039A0008DF81D308DF81C30059B13F81720C4B915
:1039B00012FB08F2130A8DF81F3006EB87009BF804
:1039C0002220079908ABFFF759F90137019BBB4249
:1039D000E2DC0CB1039B1C44049B4E445544013370
:1039E000D0E7E35D13FB02F308FB03F31B0CE2E7F4
:1039F0004368019383680293D0E9044390F82280DE
:103A000090F821700568D0F80C900393D0E9066A0D
:103A1000B8F1000F7BD1002C3AD1FC2F1DD8029BAE
:103A2000A3427FF722AC4FF000082AE03946304627
:103A3000FFF7B6F84042C0B202F8010C02F8020CDF
:103A400002F8030C02F8040C0137019BBB4202F19F
:103A50000402EBDC4D4456440134029BA3427FF741
:103A600004AC2A460027F0E741463046FFF798F8B5
:103A7000404205EB88013A46C0B2FFF770F908F101
:103A80000108019B4345EFDC4D4456440134C6E731
:103A9000FC2F1BD8029B43457FF7E7AB4FF0000B91
:103AA0002BE039463046FFF77BF84042E25D05EBFC
:103AB0008701C0B2FFF753F90137019BBB42F0DC2D
:103AC000039B4D4456441C4408F10108029B4345A6
:103AD0007FF7CBAB0027F0E759463046FFF760F899
:103AE00014F80B20404212FB07F205EB8B01120A7F
:103AF000C0B2FFF734F90BF1010B019B5B45EBDC26
:103B0000039B4D4456441C4408F10108C2E708A831
:103B1000FFF741F900230493049A029B93427FF735
:103B2000A4AB4FF000081DE041463046FFF738F8DF
:103B30004042C0B28DF81D008DF81C00ECB114F8A5
:103B4000083013FB07F31B0A8DF81F308DF81E0099
:103B50009BF82220079905EB880008ABFFF78EF849
:103B600008F10108019B4345DEDC0CB1039B1C44BA
:103B7000049B4D4456440133CDE73B46E4E700291E
:103B80000B46B8BFCB1D4A4202F007024FEAE303DF
:103B900001F0070158BF5142C1F1070101228A40DB
:103BA000C15C0A43C254704700290B46B8BFCB1D05
:103BB0004A4202F007024FEAE30301F0070158BF4F
:103BC0005142C1F10701012202FA01F1C25C22EA6D
:103BD0000102C254704700290B46B8BFCB1DDB1051
:103BE000C05C4B4203F0070301F0070158BF594284
:103BF000C1F10701084100F00100704710B55AB14A
:103C0000FC2A9FBF0C78D34310FB02F0DBB29CBFB1
:103C100004FB0300000A087010BDF0B585B004462F
:103C200010461F460D46019208F00FFF2946064632
:103C30002046FFF7D0FF4242D2B27B1E8DF80F2004
:103C4000032B2CD8DFE803F002080C213244FF2AB2
:103C5000A8BFFF22D0B207E0921B22EAE272F9E786
:103C600012FB06F0C0F307200DF10F019DF80720AD
:103C7000FFF7C4FF9DF90F30002B2946204609DAD3
:103C800005B0BDE8F040FFF77ABF921B002AB8BF2D
:103C90005242DFE705B0BDE8F040FFF785BF05B051
:103CA000F0BD2DE9F04F8BB090F822700591002FF8
:103CB00040F0DE80436800938368019390F82130E0
:103CC0000293C3680393D0E906630493D0E90453D5
:103CD000426A0693534203F0070302F007080468A0
:103CE00058BFC3F10008029B002D52D1FC2B1CD8F9
:103CF000019B9D4280F2BC80B14600273DE04846D2
:103D000008F08CFE10F0800F08EB0701204613D05E
:103D1000FFF735FF059B01379944009B9F42EEDB7F
:103D2000039B1C44049B01351E44019B9D4280F271
:103D30009F80B1460027F0E7FFF736FFEAE74846E5
:103D400008F06CFE07EB080B824659462046FFF749
:103D500042FF40428DF827000DF127015046029A9C
:103D6000FFF74CFF9DF92730002B594620460DDA0E
:103D7000FFF705FF059B01379944009B9F42DEDB5F
:103D8000039B1C44049B01351E44B1E7FFF70CFF65
:103D9000F0E7FC2B30D8019B9F4269DAB2464FF026
:103DA000000957E0504608F039FE08EB090B029075
:103DB00059462046FFF70FFF404215F809208DF8BD
:103DC00027000DF127010298FFF718FF9DF9272022
:103DD000002A5946204616DAFFF7D1FE059B09F165
:103DE00001099A44009B9945DCDB039B1C44049B1E
:103DF0001E44069B01371D44019B9F4238DAB246A0
:103E00004FF00009EEE7FFF7CFFEE7E7504608F076
:103E100005FE08EB090B079059462046FFF7DBFE2D
:103E200015F80920029B404212FB03F28DF827008F
:103E3000120A07980DF12701FFF7E0FE9DF92720F0
:103E4000002A5946204610DAFFF799FE059B09F132
:103E500001099A44009B9945D8DB039B1C44049BB1
:103E60001E44069B01371D4495E7FFF79DFEEDE7D5
:103E70000BB0BDE8F08F2DE9F74FD0E904430546BC
:103E8000D0E90198C77ED0F80CA08069019308F0B2
:103E900091FDC0F3C71306462868ED6900936B4295
:103EA00003F0070305F0070558BF5D42002C4AD117
:103EB000FC2F1ED8009B13FB07F6C7F1FF074445F4
:103EC0000FDA4FF0000B36E0002E05EB07010BDA9E
:103ED000FFF755FE01374F45F6DB504401344445AA
:103EE00005DB03B0BDE8F08FFFF75EFEF2E70027C9
:103EF000F1E776B2F3E70BEB050100290B46B8BFFB
:103F0000CB1DDB10D1F1000C0CF0070C01F0070207
:103F1000C35C58BFCCF10002C2F10702134103F0A9
:103F2000010307FB0363FE33B3F5FE7F08D9FFF7F8
:103F300026FE0BF1010BCB45DDDB50440134BEE71F
:103F4000FFF732FEF5E7FC2F4FF0000B3DD8C345DD
:103F5000C7DA002666E0E35D3BB1FF2B05EB070106
:103F60000FD1002E2EDAFFF70AFE01374F45F2DBA4
:103F7000019B50441C440BF1010BC345B1DA0027EF
:103F8000F4E700290A46B8BFCA1DD210D1F1000ECD
:103F90000EF0070E01F0070C825C58BFCEF1000C4A
:103FA000CCF1070CDDF800E042FA0CF202F001025D
:103FB000C3F1FF0C13FB0EF30CFB0233FE33B3F51E
:103FC000FE7FD0D8FFF7F0FDCFE776B2D5E7A35D4F
:103FD0003BB3A91900294FF0FF0213FB07F3B3FB12
:103FE000F2F30A46B8BFCA1DD210D1F1000E0EF08E
:103FF000070E01F0070C825C58BFCEF1000CCCF12B
:10400000070C42FA0CF202F0010E009AC3F1FF0C09
:1040100053430CFB0E33FE33B3F5FE7F0AD9FFF793
:10402000AEFD01364E45D2DB019B50441C440BF1E2
:10403000010B8CE7FFF7B8FDF3E72DE9F04F90F89F
:104040002030063B8BB004460F2B50D8DFE813F02E
:104050007502A0044F004F004F004F004F004F006B
:104060004F002F013801360110004F004F0073033D
:104070004368019383680293C3680393D0E906738E
:104080000493D0E90463426A0593534203F00703A3
:1040900002F0070858BFC3F1000890F8223090F8EA
:1040A00021A00568002B40F0FF80002E4FD1BAF10F
:1040B000FC0F19D8029BB34219DD00243BE037F80E
:1040C000140008F092FC10F0800F08EB0401284661
:1040D00010D0FFF754FD0134019BA342EFDC039B9A
:1040E0001D44049B01361F44029BB34205DC0BB008
:1040F000BDE8F08FFFF758FDEDE70024ECE737F857
:10410000140008F072FC08EB040B8146594628465F
:10411000FFF761FD40428DF8240009A94846524648
:10412000FFF76CFD9DF92430002B594628460BDA29
:10413000FFF725FD0134019BA342E0DC039B1D44F6
:10414000049B01361F44B5E7FFF72EFDF2E7BAF1F5
:10415000FC0F1C462DD8029BA342C8DD4FF000097E
:1041600051E037F8190008F040FC08EB090B8246D3
:1041700059462846FFF72FFD40428DF8240009A933
:10418000504616F80920FFF739FD9DF92430002B21
:104190005946284613DAFFF7F2FC09F10109019BA1
:1041A0004B45DEDC039B1D44049B1F44059B0134EF
:1041B0001E44029BA3429ADD4FF00009EFE7FFF790
:1041C000F3FCEAE737F8190008F00FFC08EB090BDD
:1041D000069059462846FFF7FEFC16F80920404293
:1041E00012FB0AF28DF82400120A069809A9FFF7BB
:1041F00005FD9DF92420002A594628460EDAFFF7CE
:10420000BEFC09F10109019B4B45DBDC039B1D440E
:10421000049B1F44059B01341E449CE7FFF7C4FC2C
:10422000EFE707EB490340F63A025B78DB085343BC
:104230001B128DF8263037F8193040F20D41C3F3C8
:1042400045134B431B128DF8253017F8193003F036
:104250001F0353431B128DF824301EB316F8093088
:1042600013FB0AF31B0A8DF8273008EB090194F8B9
:104270002230099A2846FFF7D0FC09F10109019B79
:104280004B45CEDC0EB1059B1E44039B1D44049B95
:104290000BF1010B1F44029B5B457FF728AF4FF0EA
:1042A0000009ECE75346DEE74FF0000BF3E703218C
:1042B00020460BB0BDE8F04FFFF7F3BC0421F7E751
:1042C0004368029383680393C3680493D0E9067339
:1042D0000593D0E90463426A0693534203F007034F
:1042E00002F0070258BF5A4290F8223090F821801D
:1042F00005680192002B40F01D81002E6AD1B8F1B3
:10430000FC0F2ED8039BB3427FF7F1AEB9460024D1
:1043100054E0D8F8000008F098FB019B04EB030A76
:10432000814651462846FFF756FC40428DF824004E
:1043300009A9484698F80320FFF760FC9DF924304E
:10434000002B5146284613DAFFF719FC013408F117
:104350000408029BA342DCDC049B1D44059B013640
:104360001F44039BB3427FF7C2AEB8460024F0E778
:10437000FFF71AFCEAE7D9F8000008F066FB019B9A
:1043800004EB030B824659462846FFF724FC99F8B4
:104390000320404212FB08F28DF8240009A9504680
:1043A000120AFFF72BFC9DF92430002B59462846B2
:1043B0000DDAFFF7E4FB013409F10409029BA34283
:1043C000D9DC049B1D44059B01361F449AE7FFF787
:1043D000EBFBF0E7B8F1FC0F1C4637D8039BA34278
:1043E0007FF785AEBA464FF0000961E0D9F80000CA
:1043F00008F02BFB019B03EB080B8246594628462D
:10440000FFF7E9FB99F8033016F80820404212FB49
:1044100003F28DF8240009A95046120AFFF7EEFBBB
:104420009DF92430002B5946284617DAFFF7A7FBE1
:1044300008F1010809F10409029B4345D6DC049BFD
:104440001D44059B1F44069B01341E44039BA3424D
:104450007FF74DAEB9464FF00008EDE7FFF7A4FB3C
:10446000E6E7DAF8000008F0F0FA019B079003EBAA
:10447000090B59462846FFF7AEFB16F809209AF8B3
:10448000031012FB08F240424A438DF82400120C3C
:10449000079809A9FFF7B2FB9DF92420002A594685
:1044A000284610DAFFF76BFB09F101090AF1040A4B
:1044B000029B4B45D5DC049B1D44059B1F44069B7A
:1044C00001341E448AE7FFF76FFBEDE75AF8030C4F
:1044D0009AF8002009902EBB12FB08F2130A0199EA
:1044E0008DF82730494494F82230099A2846FFF77E
:1044F00094FB09F101090AF1040A029B4B45E5DC32
:104500000EB1069B1E44049B1D44059B0BF1010B41
:104510001F44039B5B457FF7EAAD07F1030A4FF0A9
:104520000009EAE716F8093013FB02F308FB03F36E
:104530001B0CD4E74FF0000BEBE743680193836853
:104540000293C3680393D0E906730493D0E904632C
:10455000426A0593534203F0070302F0070858BF6D
:10456000C3F1000890F8223090F821900568002BE4
:1045700040F0DE80002E45D1B9F1FC0F16D8029B29
:10458000B3427FF7B4AD002430E03B57002B08EB7B
:104590000401284610DAFFF7F2FA0134019BA34226
:1045A000F3DC039B1D44049B01361F44029BB34272
:1045B0007FF79DAD0024F1E7FFF7F6FAEDE708EB92
:1045C000040A51462846FFF706FB40428DF82400B6
:1045D00009A9385D4A46FFF711FB9DF92430002BED
:1045E000514628460BDAFFF7CAFA0134019BA34271
:1045F000E5DC039B1D44049B01361F44BFE7FFF726
:10460000D3FAF2E7B9F1FC0F1C462BD8029BA34268
:104610007FF76DAD4FF0000A4DE008EB090B5946EE
:104620002846FFF7D8FA17F809A016F809204042E3
:104630008DF8240009A95046FFF7E0FA9DF92430CF
:10464000002B5946284614DAFFF799FA09F10109B7
:10465000019B4B45E1DC039B1D44049B1F44059BD0
:1046600001341E44029BA3427FF741AD4FF0000985
:10467000EEE7FFF799FAE9E708EB0A0B17F80A30BB
:10468000069359462846FFF7A6FA16F80A20404234
:1046900012FB09F28DF82400120A069809A9FFF707
:1046A000ADFA9DF92420002A594628460EDAFFF774
:1046B00066FA0AF1010A019B5345DDDC039B1D44A8
:1046C000049B1F44059B01341E449FE7FFF76CFACF
:1046D000EFE717F80A308DF826308DF825308DF881
:1046E00024301EB316F80A3013FB09F31B0A8DF8A9
:1046F000273008EB0A0194F82230099A2846FFF780
:104700008CFA0AF1010A019B5345E2DC0EB1059BCC
:104710001E44039B1D44049B0BF1010B1F44029B91
:104720005B457FF7E4AC4FF0000AECE74B46DEE771
:104730004FF0000BF3E74368019383680293C3686B
:104740000393D0E906730493D0E90463426A0593A6
:10475000534203F0070302F0070B58BFC3F1000BED
:1047600090F8223090F821800568002B40F00E81EF
:10477000002E5ED1B8F1FC0F28D8029BB3427FF720
:10478000B6AC002407F1010947E00BEB04094946E8
:104790002846FFF720FA40428DF8240009A917F8AF
:1047A000140018F81420FFF729FA9DF92430002B83
:1047B0004946284612DAFFF7E2F90134019BA34289
:1047C000E3DC039B1D44049B01361F44029BB34260
:1047D0007FF78DAC002407F10108EFE7FFF7E4F95C
:1047E000EBE70BEB040A51462846FFF7F4F919F8FA
:1047F0001420404212FB08F28DF8240009A917F892
:104800001400120AFFF7FAF99DF92430002B5146E3
:1048100028460BDAFFF7B3F90134019BA342E0DC31
:10482000039B1D44049B01361F44A6E7FFF7BCF918
:10483000F2E7B8F1FC0F1C4631D8029BA3427FF788
:1048400056AC7B1C4FF00009069356E00BEB080AB0
:1048500051462846FFF7BFF916F8083019F8182016
:10486000404212FB03F28DF8240009A917F8180042
:10487000120AFFF7C3F99DF92430002B5146284650
:1048800016DAFFF77CF908F10108019B4345DDDCEE
:10489000039B1D44049B1F44059B01341E44029B43
:1048A000A3427FF724AC4FF0000807F10109ECE7C1
:1048B000FFF77AF9E7E70BEB090A51462846FFF7BD
:1048C0008AF9069B13F8192016F8093012FB03F237
:1048D000404208FB02F28DF8240009A917F81900DC
:1048E000120CFFF78BF99DF92430002B5146284616
:1048F0000EDAFFF744F909F10109019B4B45DADCB7
:10490000039B1D44049B1F44059B01341E4494E7F4
:10491000FFF74AF9EFE71AF8013C9AF800208DF802
:1049200026308DF825308DF824303EBB12FB08F27E
:10493000130A8DF827300BEB090194F82230099AFD
:104940002846FFF76AF909F101090AF1020A019BF9
:104950004B45E0DC0EB1059B1E44039B1D44049BAC
:104960001F44069B01330693069A029B93427FF7EE
:10497000BEAB07F1010A4FF00009E8E716F809306D
:1049800013FB02F308FB03F31B0CD2E70023EAE757
:104990004368019383680293C3680393D0E9067365
:1049A0000493D0E90463426A0593534203F007037A
:1049B00002F0070858BFC3F1000890F8223090F8C1
:1049C00021900568002B40F0E780002E49D1B9F115
:1049D000FC0F1AD8C9F1FF0A029BB3427FF787ABDD
:1049E000002432E021463846FFF7F5F804EB0801D1
:1049F00088B12846FFF7C3F80134019BA342F1DCDC
:104A0000039B1D44049B01361F44029BB3427FF766
:104A10006EAB0024F1E72846FFF7C6F8ECE7214625
:104A20003846FFF7D8F804EB080B024659462846EB
:104A3000FFF7D1F819FB02F200FB0A2212065946D1
:104A400028460BD5FFF79BF80134019BA342E6DC17
:104A5000039B1D44049B01361F44BDE7FFF7A4F8E8
:104A6000F2E7B9F1FC0F1C462BD8029BA3427FF75B
:104A70003EAB4FF0000A4EE049463846FFF7ABF830
:104A800008EB090B824659462846FFF7A4F816F8AA
:104A90000920C2F1FF0312FB0AF200FB03221306F6
:104AA0005946284614D5FFF76AF809F10109019B18
:104AB0004B45E1DC039B1D44049B1F44059B0134D3
:104AC0001E44029BA3427FF712AB4FF00009EEE7B2
:104AD000FFF76AF8E9E716F80A20D2B151463846DE
:104AE000FFF779F808EB0A0183462846069112FB86
:104AF00009F2FFF770F81212C2F1FF0312FB0BF27A
:104B000000FB032212F0800F069928460ED0FFF713
:104B100036F80AF1010A019B5345DCDC039B1D4476
:104B2000049B1F44059B01341E449EE7FFF73CF89D
:104B3000EFE751463846FFF74EF84042C0B28DF8D5
:104B400025008DF824002EB316F80A3013FB09F364
:104B50001B0A8DF827308DF826000AEB080194F81F
:104B60002230099A2846FFF758F80AF1010A019BFA
:104B70005345DEDC0EB1059B1E44039B1D44049B84
:104B80000BF1010B1F44029B5B457FF7B0AA4FF06E
:104B9000000AECE74B46DCE74FF0000BF3E7CB10E5
:104BA000C943C05C01F00701084100F001007047F3
:104BB00010B55AB1FC2A9FBF0C78D34310FB02F00A
:104BC000DBB29CBF04FB0300000A087010BD37B5C0
:104BD000154604460846019107F037FF6A1E032A6E
:104BE00022D8DFE802F002090E1B23780344FF2BD2
:104BF000A8BFFF23D8B209E023781B1A23EAE37386
:104C0000F8E7237813FB00F3C3F307209DF8072090
:104C1000214603B0BDE83040FFF7CABF23781B1A16
:104C2000002BB8BF5B42E5E703B030BD2DE9F04F84
:104C300089B04368009383680193C3680293D0E905
:104C400006530393D0E90443049390F8223090F87C
:104C50002190066807468846002B40F0A980F4B9E9
:104C6000B9F1FC0F14D8019B9C4280F2A380AA46A4
:104C7000002729E0484607F0D1FEC144F05501372E
:104C8000009B9F42F6DB029B1E44039B01341D44A4
:104C9000019B9C4280F28E80A9460027F0E7B9F183
:104CA000FC0F1F462FD8019B9F4280F28380AB46AA
:104CB0004FF0000A3DE0504607F0B0FEF1194A46B9
:104CC000FFF776FF0137C244009B9F42F3DB029B54
:104CD0001E44039B01341D44C5E7504607F09EFE69
:104CE00014F8092006EB0901FFF762FF09F1010939
:104CF000C244009B9945F0DB029B1E44039B1D446C
:104D0000049B01371C44019B9F4253DAAA464FF093
:104D10000009EEE7584607F081FE14F80A2012FB5E
:104D200009F206EB0A01120AFFF742FF0AF1010A33
:104D3000C344009B9A45EDDB029B1E44039B1D442C
:104D4000049B01371C44AEE79BF802208DF81E201F
:104D50009BF801208DF81D209BF800208DF81C2069
:104D600024B314F80A2012FB09F2120A8DF81F204E
:104D700006EB0A0097F8222007990593FFF727FF13
:104D8000059B0AF1010AC344009A9245DCDB0CB191
:104D9000049A1444029A1644039A01331544019A62
:104DA000934207DAAB464FF0000AEDE74A46DDE7EB
:104DB0000023F4E709B0BDE8F08F2DE9F74FD0E903
:104DC000045AD0E9017890F81BB0D0F80C90064650
:104DD0008069002D5FD1BBF1FC0F46D907F0EAFDD9
:104DE000002FD6F800A007F1FF3626F00F06D8BF37
:104DF0000026A7EB060BBE42C8BF4FF0000B0446CF
:104E0000103F454537DA524620E003F8104C03F8CE
:104E10000F4C03F80E4C03F80D4C03F80C4C03F840
:104E20000B4C03F80A4C03F8094C03F8084C03F840
:104E3000074C03F8064C03F8054C03F8044C03F840
:104E4000034C03F8024C03F8014C1A4602F110031C
:104E5000A2EB0A029742D8DC0AEB06005A4621462A
:104E60000FF07CF8CA440135CBE707F0A3FD3668A4
:104E7000824645450DDB03B0BDE8F08F31195A4637
:104E80005046FFF795FE0134BC42F7DB4E44013536
:104E9000EFE70024F8E7BBF1FC0F16D907F08AFD15
:104EA000D6F800B000264645E5DA002407E02A5D82
:104EB00000900BEB0401FFF77BFE00980134BC422D
:104EC000F5DBCB4455440136EDE707F073FD33685D
:104ED00000264645CFDA00240BE02A5D12FB0BF2D8
:104EE0001919120ACDE90003FFF762FEDDE900039C
:104EF0000134BC42F1DB4B4455440136E9E72DE96E
:104F0000F04F90F82030063B89B081460F2B3CD8FB
:104F1000DFE813F0A301FD023B003B003B003B0038
:104F20003B003B003B00CD00D600D40010003B000E
:104F30003B003C02D0E901830193C3680293D0E9AE
:104F4000044390F822B090F8217006680393D0E9EA
:104F5000065ABBF1000F40F0A8806CBBFC2F11D8A3
:104F6000019BA34211DD4FF0000B1EE035F8170046
:104F700007F03BFDF0550137B845F7DC029B55447F
:104F80001E440134019BA34202DC09B0BDE8F08F4E
:104F90000027F1E735F81B0007F027FD06EB0B01B2
:104FA0003A46FFF705FE0BF1010BD845F2DC029BF8
:104FB00055441E440134D3E7FC2F17D8019B5B45B1
:104FC000E3DD4FF0000925E035F8170007F00DFD8F
:104FD000E25DF119FFF7ECFD0137B845F4DC029B07
:104FE0001E44039B55441C440BF1010B019B5B4584
:104FF000CBDD0027F1E735F8190007F0F6FC14F8CF
:10500000092012FB07F206EB0901120AFFF7D0FD97
:1050100009F10109C845EEDC029B1E44039B55447F
:105020001C440BF1010BC9E705EB4B0240F63A01BA
:105030005278D2084A4312128DF81E2035F81B20F0
:1050400040F20D40C2F34512424312128DF81D206A
:1050500015F81B2002F01F024A4312128DF81C2083
:105060000CB314F80B2012FB07F2120A8DF81F2064
:1050700006EB0B0099F8222007990493FFF7A7FD90
:10508000049B0BF1010BD845CEDC0CB1039A144400
:10509000029A554416440133019A9A427FF775AF3C
:1050A0004FF0000BEFE73A46E0E70023F4E7032177
:1050B000484609B0BDE8F04FFFF7B8BD0421F7E757
:1050C0004368019383680293C3680393D0E9044360
:1050D00090F8227090F8218006680493D0E9065A6F
:1050E000002F40F0B780002C3AD1B8F1FC0F19D84E
:1050F000029BA3427FF749AFAB46002728E0D8F8D0
:10510000000007F0A2FC98F80320F119FFF750FD0A
:10511000013708F10408019BBB42F0DC039B5544B6
:105120001E440134029BA3427FF72FAFA8460027FD
:10513000F1E7DBF8000007F088FC9BF8032012FB86
:1051400008F2F119120AFFF733FD01370BF1040BD6
:10515000019BBB42EDDC039B55441E440134C7E771
:10516000B8F1FC0F23D8029BBB427FF70EAFA946D4
:105170004FF0000B37E0DBF8000007F066FC9BF80F
:10518000032014F8083012FB03F206EB0801120AA0
:10519000FFF70EFD08F101080BF1040B019B4345DD
:1051A000E9DC039B1E44049B55441C440137029BCD
:1051B000BB427FF7EAAEAB464FF00008EEE7D9F806
:1051C000000007F042FC99F8032014F80B1012FBC2
:1051D00008F24A43120C06EB0B01FFF7E9FC0BF156
:1051E000010B09F10409019B5B45E8DC039B1E44AC
:1051F000049B55441C440137B5E755F8270013F8C4
:1052000027100790FCB918FB01F10A0A8DF81F203E
:10521000F01999F8222007990593FFF7D8FC059B10
:105220000137019ABA42E8DC0CB1049B1C44039B91
:1052300055441E440BF1010B029B5B457FF7A5AE65
:105240000027EB1CEDE7E25D12FB01F208FB02F226
:10525000120CDBE74FF0000BEEE743680193836825
:105260000293D0E9044390F8227090F821800568F9
:10527000D0F80CA00393D0E9066B002F40F0848097
:105280000CBBB8F1FC0F0DD8029BA3427FF77DAE9B
:10529000002711E031462846019A09F004F95544E7
:1052A0005E440134029BA342F4DC6EE6F05DE91932
:1052B0004246FFF77DFC0137019BBB42F6DC5544BB
:1052C0005E440134E0E7B8F1FC0F18D8029BBB4202
:1052D0007FF75BAE4FF0000925E014F8082016F8C0
:1052E000080005EB0801FFF763FC08F10108019BCA
:1052F0004345F2DC039B55445E441C440137029B4A
:10530000BB427FF742AE4FF00008F0E714F80920E7
:1053100016F8090012FB08F205EB0901120AFFF763
:1053200047FC09F10109019B4B45EFDC039B554408
:105330005E441C440137C9E7F25D8DF81E208DF8EC
:105340001D208DF81C20ECB1E25D12FB08F2120A60
:105350008DF81F20E81999F8222007990493FFF788
:1053600036FC049B0137019ABA42E5DC0CB1039A82
:10537000144455445E440133029A9A427FF705AEC5
:105380000027F0E74246E3E70023F5E7436801938F
:1053900083680293C3680393D0E9044390F82270B2
:1053A00090F8218005680493D0E9066A002F40F048
:1053B000AB80B4BBB8F1FC0F17D8029BA3427FF7B8
:1053C000E4ADB346002722E0E91918F8012C18F8DB
:1053D000020CFFF7EDFB0137019BBB4208F102080D
:1053E000F2DC039B56441D440134029BA3427FF729
:1053F000CCADB0460027EFE71BF8012C1BF8020CE0
:1054000012FB08F2E919120AFFF7D2FB0137019BE0
:10541000BB420BF1020BEFDC039B56441D440134ED
:10542000CBE7B8F1FC0F21D8029BBB427FF7ADADB3
:10543000B1464FF0000B32E014F808301BF8012C95
:105440001BF8020C12FB03F205EB0801120AFFF72E
:10545000AFFB08F10108019B43450BF1020BEBDCAC
:10546000039B1D44049B56441C440137029BBB42D2
:105470007FF78BADB3464FF00008ECE714F80B1044
:1054800019F8012C19F8020C12FB01F208FB02F2C8
:1054900005EB0B01120CFFF78BFB0BF1010B019BD2
:1054A0005B4509F10209E9DC039B1D44049B56445A
:1054B0001C440137B8E716F817308DF81E308DF808
:1054C0001D308DF81C30ECB1E35D13FB08F31B0AB3
:1054D0008DF81F30E81999F822200799FFF777FB1C
:1054E0000137019BBB42E6DC0CB1049B1C44039BCF
:1054F00056441D440BF1010B029B5B457FF745AD04
:105500000027EEE74346E3E74FF0000BF4E743687C
:10551000019383680293C3680393D0E9044390F82E
:10552000228090F8217005680493D0E9066AB8F1EA
:10553000000F40F0AC80002C38D1FC2F1AD8029B11
:10554000A3427FF722AD4FF0000827E041463046E6
:10555000FFF725FB404205EB08013A46C0B2FFF7D2
:1055600027FB08F10108019B4345EFDC039B5644F0
:105570001D440134029BA3427FF707AD4FF00008A2
:10558000F1E741463046FFF70AFB404205EB0801D0
:105590003A46C0B2FFF70CFB08F10108019B4345F6
:1055A000EFDC039B56441D440134C8E7FC2F1BD895
:1055B000029B43457FF7E9AC4FF0000B2BE03946E7
:1055C0003046FFF7ECFA4042E25DE919C0B2FFF75E
:1055D000EFFA0137019BBB42F1DC039B1D44049BA6
:1055E00056441C4408F10108029B43457FF7CDACAB
:1055F0000027EFE759463046FFF7D1FA14F80B20A1
:10560000404212FB07F205EB0B01120AC0B2FFF792
:10561000CFFA0BF1010B019B5B45EBDC039B1D44B7
:10562000049B56441C4408F10108C1E7414630463A
:10563000FFF7B5FA4042C0B28DF81D008DF81C008E
:105640001CB314F8083013FB07F31B0A8DF81E0077
:105650008DF81F3005EB080099F822200799FFF715
:10566000B6FA08F10108019B4345DFDC0CB1049B4D
:105670001C44039B56441D440BF1010B029B5B45EC
:105680007FF783AC4FF00008EDE73B46DEE74FF0D5
:10569000000BF3E7CB10C943C05C01F007010841E0
:1056A00000F0010070472DE9F04FD0E9017387B099
:1056B00080468069019307F0CFF8D8E9045303933B
:1056C000D8F80C3098F81B90D8F8004002930646A2
:1056D000002D40F0B180B9F1FC0F42D9791E21F0C4
:1056E0000F017800490006EB0642A3EB4707019B38
:1056F0009D4202DB07B0BDE8F08FA30704EB000C6E
:1057000004EB010E18BF24F8026B234673451BD32C
:105710000EF11F031B1BA4F11F0823F01F03C64536
:1057200038BF002323441C46644517D30CF1010401
:10573000E41A24F0010403F1FF3EF44538BF0024CD
:105740003C441C440135D2E7C3E90022C3E90222EC
:10575000C3E90422C3E906222033D7E724F8026B09
:10576000E2E723880133CDE90353BB1E0593039B76
:10577000019A9342BEDA14F0030A07D021884A4600
:105780003046E9F7FDFA4FF0010A208004EB4A08A1
:10579000D346059B5B4514DC07F1FF38A8EB0A08EC
:1057A00028F001085745D8BF4FF00008D04404EB5B
:1057B000480AB84535DB029B1C44039B0133039325
:1057C000D5E734F81B00B8F80210814213D0014627
:1057D0004A463046E9F7D4FA24F81B004A46B8F89E
:1057E00002103046E9F7CCFAA8F802000BF1020BE0
:1057F00008F10408CDE7D8F80020049B9A4202D1B2
:10580000C8F80050F2E7D8F8003004934A46304612
:10581000E9F7B6FA24F81B00A8F80200D8F80050FF
:10582000E4E7BAF800104A463046E9F7A9FA08F169
:1058300001082AF8020BBCE7B9F1FC0F4FF0000B8E
:105840002FD8019B9B45BFF655AFA4F1020A4FF03C
:10585000000869E015F0010807D02A782188304651
:10586000E9F78EFA4FF0010820807A1E04EB480A0F
:1058700005EB0803C1460492049A4A4515DCA7EBE0
:10588000080323F00103B845C8BF0023984404EB84
:105890004809B8452EDB029B1C44039B0BF1010B0E
:1058A0001D44019B9B45D5DB24E71A884FF6FF7109
:1058B0008A4209D124F81960AAF8026009F10209A4
:1058C0000AF1040A0233D7E7002AF7D01A7834F82D
:1058D000191005933046E9F753FA059B24F819008F
:1058E00030465A78BAF80210E9F74AFA059BAAF846
:1058F0000200E3E715F80820B9F800103046E9F790
:105900003FFA08F1010829F8020BC2E715F8082050
:105910003AF8021F12FB09F2120A3046E9F730FA90
:1059200008F10108AAF80000B845EFDB029B1C440F
:10593000039B0BF1010B1D4483E72DE9F04F90F819
:105940002020063A87B081460F2A2DD8DFE812F0D2
:10595000E10276052C002C002C002C002C002C00E1
:105960002C0064016D016B0110002C002C000B0455
:105970004368009383680193C3680293D0E90443AA
:1059800090F8225090F8218006680493D0E9067AB6
:10599000002D40F03F8164BBB8F1FC0F22D9009B81
:1059A0005D00019BA34202DC07B0BDE8F08F3946E1
:1059B00030462A4608F077FD029B57441E440134C6
:1059C000EFE73BF8021F37F815004246E9F7D8F930
:1059D0000135ABF80000009BAB42F2DC029B574460
:1059E0001E440134019BA342DEDDA6F1020B00251B
:1059F000F1E7B8F1FC0F1CD8019BAB42D4DDA6F156
:105A000002094FF0000B2BE014F808203BF8021FAE
:105A100037F81800E9F7B4F908F10108ABF800000D
:105A2000009B4345F0DC029B1E44049B57441C44EE
:105A30000135019BAB42B7DDA6F1020B4FF0000828
:105A4000EEE714F80B2039F8021F37F81B0012FBA1
:105A500008F2120AE9F794F90BF1010BA9F800001A
:105A6000009B5B45EDDC029B1E44049B57441C4499
:105A70000135C1E799F82220013A032A94D8DFE8DA
:105A800002F0022B749ABBF80010002950D09BF84A
:105A900001206878D20802EBD00228881F2AC0F3C0
:105AA0004510C1F345110144A8BF1F22D2023F296E
:105AB000A8BF3F2192B202EB411029789BF8002049
:105AC00001F01F0102F01F0280B211441F29D4BF50
:105AD00040181F3080B224E0BBF8001041B39BF89F
:105AE00001206878D208C2EBD002288822EAE2724C
:105AF000C0F34510C1F34511411AD20221EAE17108
:105B000092B202EB411290B229789BF8002001F08A
:105B10001F0102F01F02891A0029ACBF4218021CA3
:105B200090B22988002C6CD14246E9F729F92880E7
:105B3000039B013303930BF1020B0235009B039A85
:105B4000934297DC029B57441E440CB1049B1C44B7
:105B5000059B01330593059A019B93427FF724AF80
:105B60000023BB4635460393E8E7BBF800104FF629
:105B7000FF729142DCD06A789BF80100D208C0081D
:105B800012FB00F22888C1F34511C0F3451010FB49
:105B900001F080115211400100EBC2209BF800106F
:105BA0002A7801F01F0102F01F0280B212FB01F2FD
:105BB00000EB52108EE79BF801006A78BBF80010EA
:105BC000C008C0EBD2002A880028C1F34511C2F3F7
:105BD0004512A2EB0102B8BF4042C002002AB8BF82
:105BE000524280B200EB42109BF800102A7801F07C
:105BF0001F0102F01F02521A002AB8BF524210447D
:105C000068E7039BE25CB8F1FC0F9CBF12FB08F253
:105C1000120A8AE700239DE70321484607B0BDE842
:105C2000F04FE3F753BB0421F7E743680093836821
:105C30000193C3680293D0E906530393D0E9044368
:105C400090F8227090F8218006680493002F40F0AD
:105C50005E81002C40D1B8F1FC0F1CD8019BA342FF
:105C60007FF7A2AEA6F1020B2F464FF0000A2AE002
:105C7000FA783AF8021F3846E3F7F2FA08F1010819
:105C8000AAF800000437009B4345F1DC029B1E4448
:105C9000039B01341D44019BA3427FF785AEA6F10F
:105CA000020A2F464FF00008EDE7FA783BF8021F92
:105CB00012FB08F23846120AE3F7D2FA0AF1010A97
:105CC000ABF800000437009B5345EEDC029B1E44FA
:105CD000039B01341D44C1E7B8F1FC0F25D8019B9B
:105CE000BB427FF761AEA6F10209AB464FF0000A56
:105CF00039E014F808309AF803203BF8021F12FB31
:105D000003F25046120AE3F7ABFA08F10108ABF8C8
:105D100000000AF1040A009B4345EADC029B1E4492
:105D2000039B1D44049B01371C44019BBB427FF72E
:105D30003BAEA6F1020BAA464FF00008EBE714F8C1
:105D40000A109BF8032012FB01F208FB02F239F85B
:105D5000021F5846120CE3F783FA0AF1010AA9F868
:105D600000000BF1040B009B5345E8DC029B1E4432
:105D7000039B1D44049B01371C44B0E799F8222083
:105D8000013A032A3FF610AEDFE802F002507191AB
:105D90009AF80120B978D20802EBD1021F2AA8BFD5
:105DA0001F22D002BAF800207978C2F3451202EB24
:105DB00091023F2AA8BF3F2280B200EB42109AF81E
:105DC0000020397802F01F0280B202EBD1021F2AB4
:105DD000D4BF80181F30BAF8001080B2002C40F0F9
:105DE0008980FA78B8F1FC0F9CBF18FB02F2120A06
:105DF000E8F7C6FF2AF8020B0BF1010B0437009BF2
:105E00005B45BBDC029B1E44039B1D440CB1049B01
:105E10001C44059B01330593059A019B93427FF730
:105E2000C3ADB2462F464FF0000BE8E7BA789AF8B8
:105E30000110D208C2EBD10222EAE272D002BAF813
:105E400000207978C2F34512A2EB910222EAE272B5
:105E500080B200EB42109AF80020397802F01F025D
:105E600080B2A2EBD102002AA8BF8018B3E7BA78AB
:105E70009AF801107878C908D20812FB01F2BAF832
:105E800000108008C1F3451110FB01F08011521180
:105E9000400100EBC2209AF800103A7801F01F018F
:105EA000D20880B212FB01F200EB521093E7B878EF
:105EB0009AF801207978C008C0EBD200BAF8002027
:105EC0000028C2F34512A2EB9102B8BF4042C002C3
:105ED000002AB8BF524280B200EB42109AF800206C
:105EE000397802F01F02A2EBD102002AB8BF524259
:105EF000104470E7B8F1FC0F14F80B209FBF97F81F
:105F000003C012FB08F20CFB02F2120C70E7002334
:105F100081E74368009383680193C3680293D0E9E3
:105F2000044390F8225090F8218006680393D0E94A
:105F3000067A002D40F0158174BBB8F1FC0F14D81F
:105F4000019BA3427FF730ADA6F1020B00251BE0B9
:105F5000785CE3F747F926F811000131009B8B428A
:105F6000F6DC029B57441E440134019BA3427FF799
:105F70001BAD0021F2E7785D3BF8021F4246E3F7D4
:105F80003DF90135ABF80000009BAB42F3DC029B0E
:105F900057441E440134D3E7B8F1FC0F1DD8019BD0
:105FA000AB427FF701ADA6F102094FF0000B2CE0E8
:105FB00014F8082017F808003BF8021FE3F71EF951
:105FC00008F10108ABF80000009B4345F0DC029BA0
:105FD0001E44039B57441C440135019BAB427FF791
:105FE000E3ACA6F1020B4FF00008EDE714F80B202C
:105FF00017F80B0039F8021F12FB08F2120AE3F738
:10600000FDF80BF1010BA9F80000009B5B45EDDCEE
:10601000029B1E44039B57441C440135BFE799F87B
:10602000221017F82BC001394FEADC024FEA9C0C12
:1060300003293FF6B9ACDFE801F0023F586F6878FA
:10604000298802EBD0001F28C1F345116144A8BF85
:106050001F20C0023F29A8BF3F2180B200EB4110A2
:10606000297801F01F0180B20A441F2AD4BF80188A
:106070001F3080B2002C6AD1B8F1FC0F03D82988F8
:106080004246E8F77DFE25F8020B0BF1010B009B61
:106090005B45C4DC029B57441E440CB1039B1C446B
:1060A000049B01330493049A019B93427FF77CACD9
:1060B00035464FF0000BEAE768782988C2EBD0003C
:1060C00020EAE070C1F34511C002A1EB0C0121EA06
:1060D000E17180B200EB4110297801F01F0180B21C
:1060E0008A1A002AA8BF8018C3E728886978C0F3F5
:1060F0004510C90810FB0CF011FB02F18011491189
:10610000400100EBC120297801F01F0180B211FB92
:1061100002F200EB5210ACE768782988C2EBD0009D
:106120000028C1F34511A1EB0C01B8BF4042C002E9
:106130000029B8BF494280B200EB4110297801F034
:106140001F018A1A002AB8BF5242104491E714F87E
:106150000B202988B8F1FC0F9CBF12FB08F2120A31
:106160008FE700239EE74368009383680193C36829
:106170000293D0E906530393D0E9044390F82270C8
:1061800090F8218006680493002F40F05581002C80
:1061900046D1B8F1FC0F1FD8019BA3427FF704AC96
:1061A0002F46A6F1020B4FF0000A2EE017F8012C43
:1061B0003AF8021F17F8020CE3F720F808F101087B
:1061C000AAF80000009B434507F10207EEDC029BA2
:1061D0001E44039B01341D44019BA3427FF7E4ABA3
:1061E0002F46A6F1020A4FF00008EBE717F8012C42
:1061F0003BF8021F17F8020C12FB08F2120AE2F732
:10620000FDFF0AF1010AABF80000009B534507F1BE
:106210000207EBDC029B1E44039B01341D44BBE7D9
:10622000B8F1FC0F26D8019BBB427FF7BDABAB4654
:10623000A6F102094FF0000A39E014F808301AF804
:10624000012C3BF8021F1AF8020C12FB03F2120A8F
:10625000E2F7D4FF08F10108ABF80000009B4345CA
:106260000AF1020AE9DC029B1E44039B1D44049BC5
:1062700001371C44019BBB427FF796ABAA46A6F1AF
:10628000020B4FF00008E9E714F80A101BF8012C84
:106290001BF8020C12FB01F208FB02F239F8021F94
:1062A000120CE2F7ABFF0AF1010AA9F80000009B0B
:1062B00053450BF1020BE7DC029B1E44039B1D447C
:1062C000049B01371C44AEE799F8221097F800C0F0
:1062D00001394FEADC024FEA9C0C03293FF664AB1C
:1062E000DFE801F00249657F9AF80100BAF8001072
:1062F00002EBD0001F28C1F345116144A8BF1F2045
:10630000C0023F29A8BF3F2180B200EB41109AF89C
:10631000001001F01F0180B20A441F2AD4BF801868
:106320001F30BAF8001080B2002C78D17A78B8F11A
:10633000FC0F9CBF18FB02F2120AE8F721FD2AF8B5
:10634000020B0BF1010B0837009B5B45BCDC029B89
:106350001E44039B1D440CB1049B1C44059B01334C
:106360000593059A019B93427FF71EABB2462F46D9
:106370004FF0000BE8E79AF80100BAF80010C2EB02
:10638000D00020EAE070C1F34511C002A1EB0C017E
:1063900021EAE17180B200EB41109AF8001001F09F
:1063A0001F0180B28A1A002AA8BF8018B9E7BAF87C
:1063B00000009AF80110C0F34510C90810FB0CF05A
:1063C00011FB02F180114911400100EBC1209AF844
:1063D000001001F01F0180B211FB02F200EB52101D
:1063E0009FE79AF80100BAF80010C2EBD00000282D
:1063F000C1F34511A1EB0C01B8BF4042C002002916
:10640000B8BF494280B200EB41109AF8001001F089
:106410001F018A1A002AB8BF5242104481E7B8F11E
:10642000FC0F14F80B209FBF97F801C012FB08F275
:106430000CFB02F2120C80E7002391E74368009303
:1064400083680193C3680293D0E9044390F82270F3
:1064500090F8218005680393D0E9066A002F40F088
:10646000FC80002C38D1B8F1FC0F19D8019BA34255
:106470007FF79AAAA5F1020B002725E0394630469E
:10648000FFF708F94042C0B2E2F7ACFE25F817006A
:106490000137009BBB42F1DC029B56441D44013492
:1064A000019BA3427FF780AA0027F2E739463046D6
:1064B000FFF7F0F840423BF8021F4246C0B2E2F755
:1064C0009DFE0137ABF80000009BBB42EEDC029B57
:1064D00056441D440134C9E7B8F1FC0F21D8019B93
:1064E000BB427FF761AAA5F102094FF0000B34E02F
:1064F00041463046FFF7CEF8404214F808203BF8FA
:10650000021FC0B2E2F77AFE08F10108ABF8000002
:10651000009B4345ECDC029B1D44039B56441C44FA
:106520000137019BBB427FF73FAAA5F1020B4FF059
:106530000008EDE759463046FFF7ACF814F80B2099
:1065400039F8021F12FB08F24042120AC0B2E2F709
:1065500055FE0BF1010BA9F80000009B5B45E9DC3F
:10656000029B1D44039B56441C440137B7E7304649
:10657000FFF790F899F822204042013AC0B2032A6E
:106580003FF612AADFE802F0022F3653E2F72AFEA6
:1065900079884FF6FE72084490424FDC80B2002C9E
:1065A00051D1B8F1FC0F03D879884246E8F7E8FBEF
:1065B00027F8020F0BF1010B009B5B454FEA8B01A3
:1065C000D5DC029B56441D440CB1039B1C44049B28
:1065D00001330493049A019B93427FF7E5A9AF1E10
:1065E0004FF0000BE8E7E2F7FDFD7988814228DDF6
:1065F000081AD3E77A880592E2F7F4FD059AC0F30A
:10660000CF014FEAD22C01FB0CFC00F01F0E02F070
:106610001F01C0F385000EFB01F1C2F34512424396
:10662000491141EACC21921141EA4210B6E7E2F762
:10663000D9FD79888142DBDC401AAFE74FF6FF7065
:10664000ADE70020ABE714F80B207988B8F1FC0F18
:106650009CBF12FB08F2120AA8E70023B9E7CB108F
:10666000C943C05C01F00701084100F00100704718
:1066700022B1FC2A03D9087048708870704710FB5B
:1066800002F0D3430A78DBB202FB0302120A0A705B
:106690004A7802FB0302120A4A708A7802FB03005E
:1066A000000AEAE730B53AB1FC2A037805D90B7045
:1066B00043784B7083788B7030BD0D78D443E4B24F
:1066C00013FB02F305FB04331B0A0B704B78457870
:1066D00013FB04F305FB02331B0A4B708B788078A5
:1066E00013FB04F300FB02331B0AE4E730B585B06B
:1066F000013A0191CBB2C1F30724C1F30741032A48
:1067000041D8DFE802F00217284202781344FF2B39
:10671000A8BFFF238DF80C3043782344FF2BA8BF7C
:10672000FF238DF80D3083780B44FF2BA8BFFF2388
:10673000DBB220E00278D31A23EAE3738DF80C3041
:1067400043781B1B23EAE3738DF80D3083785B1AC3
:1067500023EAE373ECE7027812FB03F31B128DF8D4
:106760000C30437813FB04F31B128DF80D30837843
:1067700013FB01F31B0A01469DF807208DF80E302C
:1067800003A8FFF78FFF05B030BD0278D31A002BA6
:10679000B8BF5B428DF80C3043781B1B002BB8BF91
:1067A0005B428DF80D3083785B1A002BB8BF5B42DB
:1067B000BEE72DE9F04F436890F821A005688BB043
:1067C0004B43019383680293C3680393D0E9066344
:1067D0000493D0E90443069390F822300746884694
:1067E0009146002B40F0BA8064BBBAF1FC0F44D94B
:1067F00091420FD0029B9C420FDA32462B4617E0A3
:1068000031462846019A07F04EFE039B1D44049B27
:1068100001341E44029B9C42F2DB0BB0BDE8F08FBA
:106820001178197051785970917899704A4443449D
:106830000198591B8142F3DB039B1D44049B0134E7
:106840001E44D7E7BAF1FC0F1F4630D8029B9F4287
:10685000E3DA631E30464FF0000B40E0E91958467A
:106860005246FFF71FFF4744CB44019B9F42F5DB95
:10687000039B1D44049B01341E44029B9C42CCDAC2
:10688000B3460027F1E705EB0A011BF8012F05903D
:10689000FFF708FF0598C2444844019B9A45F2DB84
:1068A000039B1D44049B1E44069B01371C44029B12
:1068B0009F42B2DA04F1FF3B30464FF0000AECE7AA
:1068C00013F8012F079312FB0AF205EB0B01120AD2
:1068D0000590FFF7E7FE0598079BC3444844019ADB
:1068E0009345EDDB039B1D44049B1E44069B01372F
:1068F0001C44ABE79A788DF826205A788DF825202D
:106900001A788DF824203CB314F80B2012FB0AF2FD
:10691000120A8DF8272005EB0B0097F82220099921
:106920000793FFF7E3FE079BC3444B44019A93454B
:10693000E0DB0CB1069B1C44039B1D44049B1E44DE
:10694000059B01330593059B029A9342BFF665AF01
:1069500033464FF0000BE9E75246DAE70023F1E750
:106960002DE9F04FD0E9044387B0D0E901A790F8B2
:106970001B90C668019380460D46002C76D1B9F174
:10698000FC0F5AD9032925D104680AEB4A0A234689
:10699000D91C1B1B9A4507DC04EB06080125BD42E8
:1069A00010DB07B0BDE8F08F98F8183001F8033C11
:1069B00098F8193001F8023C98F81A3001F8013CB7
:1069C0000B46E5E740465246214607F06CFDB044D1
:1069D0000135E4E70429E4D1806905F04BFFBAF101
:1069E000000FD8F800102AF00F02AAF10F0CB8BF60
:1069F0000022BC42D5DA0B46002510E043E9100026
:106A000043E90E0043E90C0043E90A0043E90800AA
:106A100043E9060043E9040043E902001035AC45B0
:106A200003F14003EADC1346534502DB31440134F1
:106A3000DFE741F823000133F6E7806905F01AFF2C
:106A4000D8F800B0059005FB0AFABC42A9DA4FF06D
:106A5000000806E00BEB08014A4605A8FFF722FEF6
:106A6000A844D045F6DBB3440134EEE701FB0AF35A
:106A7000B9F1FC0F806902931ED905F0FBFED8F82E
:106A800000A005904FF00009B9458ADA04F1FF3BF8
:106A90004FF0000807E00AEB08011BF8012F05A8DA
:106AA000FFF700FEA844029B9845F4DB019BB2442B
:106AB0001C4409F10109E7E705F0DCFED8F800B055
:106AC00005904FF0000ABA45BFF66BAF631E4FF05A
:106AD00000080CE013F8012F039312FB09F20BEBF3
:106AE0000801120A05A8FFF7DDFD039BA844029ADE
:106AF0009045EFDB019BB3441C440AF1010AE2E735
:106B00002DE9F04F90F820308BB0063B0446019100
:106B10000F2B00F2D082DFE813F02702B403CE027D
:106B2000CE02CE02CE02CE02CE02CE024B015601E2
:106B300054011000CE02CE02D902D0E901B3029373
:106B4000C3680393D0E906530493D0E90463059323
:106B500090F8223090F821900768002B40F02381B4
:106B6000002E62D1B9F1FC0F30D840F63A0840F25D
:106B70000D4A029BB34240F39E82394600244CE00A
:106B800005EB42035B78DB0843431B128B7035F83F
:106B90001230C3F3451363431B124B7015F81230C8
:106BA00003F01F0343431B120B70019B0132194476
:106BB0009345E5DC039B1F44049B01361D44029B67
:106BC000B34240F3788239460022F1E740F63A00BA
:106BD00040F20D44F3E705EB44034A465B78DB08DB
:106BE00008FB03F31B128DF8263035F81430C3F37D
:106BF00045130AFB03F31B128DF8253015F81430EA
:106C000003F01F0308FB03F31B1209A88DF82430BF
:106C1000FFF748FD019B01341944A345DBDC039BCE
:106C20001F44049B01361D44A3E7B9F1FC0F1C4629
:106C30003ED840F63A0A029BA34240F33C823946D2
:106C40004FF0000861E005EB480316F808205B7878
:106C5000DB0809FB03F31B128DF8263035F81830DA
:106C6000C3F345130AFB03F31B128DF8253015F807
:106C7000183003F01F0309FB03F31B1209A88DF85A
:106C80002430FFF70FFD019B08F101081944C345AB
:106C9000D9DC039B1F44049B1D44059B01341E4407
:106CA000029BA34240F3078239464FF00008EEE70B
:106CB00040F63A0940F20D4AF2E705EB480340F28C
:106CC0000D425B78DB080AFB03F31B128DF82630BC
:106CD00035F81830C3F3451353431B128DF8253094
:106CE00015F8183016F8082003F01F030AFB03F309
:106CF00012FB09F21B12120A09A88DF82430FFF7C3
:106D0000D1FC019B08F101081944C345D5DC039B64
:106D10001F44049B1D44059B01341E448BE705EB77
:106D2000480240F20D415278D2085A4312128DF8AF
:106D3000262035F81820C2F345124A4312128DF866
:106D4000252015F8182002F01F025A4312128DF860
:106D5000242036B316F8082012FB09F2120A8DF827
:106D60002720099994F822200690FFF7BFFC019B89
:106D7000069808F10108184440F63A03C345CEDCF2
:106D80000EB1059A1644039A1744049A0AF1010AAF
:106D90001544029A524540F38E8138464FF0000860
:106DA000ECE74A46DBE74FF0000A40F63A03F0E72B
:106DB00003229DF8041020460BB0BDE8F04FFFF70A
:106DC000F8BC0422F5E74368029383680393C36821
:106DD0000493D0E90453059390F8223090F8218071
:106DE0000768D0E90669002B40F0BC80002D38D13F
:106DF000B8F1FC0F18D8039BAB4240F35C81B2465C
:106E00003946002425E098F803204046FFF74AFC65
:106E1000019B013408F104081944029BA342F2DCEF
:106E2000049B4E441F440135039BAB4240F3438116
:106E3000B04639460024F0E79AF8032012FB08F226
:106E40005046120AFFF72EFC019B01340AF1040A96
:106E50001944029BA342EFDC049B4E441F440135BE
:106E6000C9E7B8F1FC0F1C4621D8039BA34240F3AD
:106E70002281B34639464FF0000A33E015F8083056
:106E80009AF8032012FB03F25046120AFFF70AFC9D
:106E9000019B08F101080AF1040A1944029B4345C9
:106EA000ECDC049B1F44059B4E441D440134039BB2
:106EB000A34240F30081B24639464FF00008EDE7A7
:106EC00015F80A309BF8032012FB03F208FB02F2CC
:106ED0005846120CFFF7E6FB019B0AF1010A0BF181
:106EE000040B1944029B5345EADC049B1F44059B99
:106EF0004E441D440134B8E753F8030C1978099047
:106F000045BB18FB01F10A0A8DF8272007EB0A00A0
:106F100094F8222009990793FFF7E8FB019B9A4414
:106F2000079B0BF1010B0433029A5A45E4DC0DB1C7
:106F3000059B1D44049B1F44069B4E44013306934E
:106F4000069A039B934240F3B6804FF0000BF31C6C
:106F5000DA46E9E715F80A2012FB01F208FB02F213
:106F6000120CD1E70023EAE7436802938368039396
:106F7000D0E90453049390F8223090F821800768F8
:106F8000D0F80C90D0E9066A002B40F09D8075BBCC
:106F9000B8F1FC0F15D8039BAB4240F38C80394607
:106FA00000241DE012F8011F9970597011781970B2
:106FB00001990B44029C81188C42F3DC4F445644E7
:106FC0000135039BAB4276DD721E3B46C6F10100E4
:106FD000F0E7305D4246FFF74BFB019B013419445B
:106FE000029BA342F5DC4F4456440135D3E7B8F188
:106FF000FC0F1C4618D8039BA3425CDD39464FF0BA
:10700000000B25E015F8082016F80800FFF730FB04
:10701000019B08F101081944029B4345F2DC049BE3
:107020004F4456441D440134039BA34243DD39467B
:107030004FF00008F0E715F80B2016F80B0012FBD4
:1070400008F2120AFFF714FB019B0BF1010B194424
:10705000029B5B45EFDC049B4F4456441D440134C6
:10706000C9E716F80B208DF826208DF825208DF81D
:1070700024201DB3EA5C12FB08F2120A8DF82720C7
:10708000F81894F8222009990693FFF72FFB019A2C
:10709000069B0BF1010B1344029A5A45E1DC0DB13A
:1070A000049B1D44059B4F44564401330593059AA8
:1070B000039B934204DC0BB0BDE8F08F4246DDE752
:1070C0004FF0000B5B46E7E70023EFE743680293CE
:1070D00083680393C3680493D0E90453059390F83D
:1070E000223090F821800768D0E90669002B40F033
:1070F000C680002D3CD1B8F1FC0F1AD8039BAB42DF
:10710000D9DD344639464FF0000A27E014F8012C47
:1071100014F8020CFFF7ACFA019B08F101081944BE
:10712000029B434504F10204F0DC049B4E441F44DF
:107130000135039BAB42BEDD344639464FF00008B3
:10714000EEE714F8012C14F8020C12FB08F2120AF4
:10715000FFF78EFA019B0AF1010A1944029B53457D
:1071600004F10204EDDC049B4E441F440135C5E7E5
:10717000B8F1FC0F1C4621D8039BA3429BDDB3460C
:1071800039464FF0000A33E015F808301AF8012CA0
:107190001AF8020C12FB03F2120AFFF769FA019BBC
:1071A00008F101081944029B43450AF1020AEBDC8D
:1071B000049B1F44059B4E441D440134039BA34282
:1071C0007FF779AFB24639464FF00008EBE715F884
:1071D0000A301BF8012C1BF8020C12FB03F208FB0F
:1071E00002F2120CFFF744FA019B0AF1010A19445A
:1071F000029B53450BF1020BE9DC049B1F44059BEA
:107200004E441D440134B7E713F8011C18788DF87B
:10721000261065BB10FB08F0020A8DF827208DF8B8
:1072200024108DF8251007EB0A0094F82220099904
:107230000793FFF75BFA019B9A44079B0BF1010B45
:107240000233029A5A45DFDC0DB1059B1D44049BB5
:107250001F44069B4E4401330693069A039B9342B8
:107260007FF729AF4FF0000B731CDA46E9E715F8FA
:107270000A2012FB00F208FB02F2120CCDE70023F9
:10728000EAE74368029383680393C3680493D0E9F1
:107290000453059390F8223090F821800668D0E9D5
:1072A000067A002B40F0B880002D38D1B8F1FC0FE1
:1072B00019D8039BAB427FF7FEAEB146002426E00F
:1072C00021463846FFF7CBF9019B4042C0B290708F
:1072D0005070107001341A44029BA342F0DC049BEE
:1072E00057441E440135039BAB427FF7E4AE324660
:1072F0000024F1E721463846FFF7B1F940424946FC
:107300004246C0B2FFF7B4F9019B01349944029B95
:10731000A342EFDC049B57441E440135C9E7B8F192
:10732000FC0F1C461FD8039BA3427FF7C4AEB14697
:107330004FF0000B31E049463846FFF790F94042E4
:1073400015F809204146C0B2FFF792F9019B09F1F7
:1073500001099844029B4B45EDDC049B1E44059BB0
:1073600057441D440134039BA3427FF7A4AEB046AB
:107370004FF00009EEE759463846FFF770F915F867
:107380000B20404212FB08F24946120AC0B2FFF736
:107390006FF9019B0BF1010B9944029B5B45EADC01
:1073A000049B1E44059B57441D440134BBE74946DA
:1073B0003846FFF754F94042C0B28DF825008DF8E9
:1073C00024003DB315F8092012FB08F2120A8DF8CB
:1073D00027208DF8260094F8222009990698FFF7B7
:1073E00085F9069B019A134409F101090693029B52
:1073F0004B45DCDC0DB1059B1D44049B57441E44EA
:107400000BF1010B039B5B457FF755AE06964FF0E2
:107410000009ECE74246DAE74FF0000BF2E7F0B57F
:10742000154685B006460F460A46684629461C465C
:1074300004F0FDFD90B16968019A009B2D683F68DA
:10744000521A0A995D1B684601FB0255DF1B05F0C5
:107450004CF9E31971191844834201D105B0F0BD0C
:107460001A7811F8014B2244FF2A28BFFF2203F8A3
:10747000012BF1E72DE9F84356081F46A1EB520511
:107480009046814606F048F800FB05F44846E7F7C9
:10749000E7FCE411002CD4BF8034803C05FB00F0F5
:1074A0006FEA0802CCBFC6EB2423C6EB24234FEAC5
:1074B000E010D8BF06EB242402F00102C6BF9B18DF
:1074C00006EB2424A41A0028CCBF803880303B600F
:1074D000CDBFC6EB2023C6EB202306EB20269B184E
:1074E000CCBF06EB2026B61ABC607B60FE60BDE810
:1074F000F8832DE9F04F91F83C30ADF50B7D022B70
:1075000005900C4642D90D6A002D3FD0D1E90913F0
:1075100099423BD00FCA0AAF87E80F00059BB4F829
:1075200034800EAE03F138023946304604F07FFD58
:10753000039058B3A36B4545D4E909A9A8BF4546B4
:1075400043BB0AF5B4734B4503D009F5B4735345F7
:1075500020D167A8FAF709FA94F83C308DF8C431C5
:10756000E369ADF8BC311B0C8DF8BE3147F6FF73F3
:107570006E939DF8C531059870950F2262F3040350
:1075800067A93A468DF8C53100F0A3F90DF50B7DDA
:10759000BDE8F08FD7E90112236A3868D21A149235
:1075A000FA6818441944D31A129013911593BAF536
:1075B000B47F80F2B780B9F5B47F80F2B680102234
:1075C000002116A80CF0CAFC0DF5CE78CDF800907D
:1075D000D4E90B1240465346E2F7E4FDCDF858805B
:1075E0000DF1B808002347F6FF7239464046E2F72E
:1075F00027FE12A8CDF85C8005F077F8002800F38C
:10760000978000230393304605F074F806903046C7
:1076100005F06BF88046E8F7F5F9074696E80F00A5
:107620000DF1680B8BE80F00002128224AA80CF00E
:1076300095FCA16B94F83C304F978DF83831CDF81C
:1076400024B1CDF844B1002940F08280A28BA37F01
:10765000ADF839218DF83B31002394F83D60049357
:1076600016F001063DD005FB05FB5846E8F7CAF9C0
:107670005A46FF21064606F0E6FF6A1E0DF5807B9E
:10768000CDE92C2205EBD5720023584652102AA9C9
:10769000CDE92A33E2F7D4FD0023CDF820B00993D9
:1076A000B346AB42C0F28C8040A85FFA85FB02F083
:1076B00030FE22ABA18E5A460FFA8AF0FFF7DAFEAF
:1076C000D4E90B1222A804F0A5FCA18E5A460FFAA9
:1076D00089F026ABFFF7CEFED4E90B1226A804F002
:1076E00099FC1B9B4FF000091D93069B994579DB84
:1076F00067A802F00EFE2EA802F00BFE039B13B14A
:1077000037A802F006FE3846E8F796F9A36B13B1E6
:1077100054A8FAF7A5FB002E3FF438AF3046E8F73F
:107720008BF933E7AAF5B47A41E7A9F5B47942E7D2
:1077300012A804F0DFFF00287FF763AF37AF012303
:1077400047F6FF7212A93846E2F77AFD18975AE712
:10775000002254A8E1F704FB00283FF477AF5F9BB9
:10776000002B3FF473AF1EAE0022C6E900229A88B8
:10777000013AB260DA88013AF260D4E90B129B88D0
:107780003046A2EB5302A1EB530104F043FC5F9A95
:107790004D96D2F810B01389CDF828B14B9352789A
:1077A000142A02D08DF8302156E712223046049375
:1077B0008DF8302104F09EFF049B03FB00B34CE7DF
:1077C00059460095002208A8079302F086FD079B02
:1077D000014620B92A46584606F035FF079BAB44C0
:1077E00001335EE74246FF21384606F02CFFDDE913
:1077F0001A233946CDF8008016A802F06EFD94F8E1
:107800003D308DF84001DB0701462DD51B9B239AA7
:10781000934211DB259A93420EDC30B9424638463A
:1078200006F011FF02238DF8403100953B4622AA55
:107830001AA93046FFF7F3FD1B9B279A934213DBEF
:10784000299A934210DC9DF8401131B942463846DE
:1078500006F0F9FE02238DF8403100953B4626AA3A
:107860001AA93046FFF7DBFD049BEBB19DF84031D0
:10787000D3B14D9B1B9A58681B68A2EB000C1A9A57
:107880004B98D31A4008049A00FB0C33791E13441A
:10789000C7F101004218904512DC9DF84031012BE0
:1078A00004BF02238DF84031059849A9E1F730FB68
:1078B0001B9B01331B931D9B09F10109013313E746
:1078C00013F801CB11F8012F12FB0CF212120A70FF
:1078D000E0E72DE9F04F91F82830022BB9B00546CA
:1078E0000F46144640F2AD804B6A002B00F0A98091
:1078F00091F82930DA0600F0A480204604F0F5FE65
:107900000646204604F0F6FE8642FB6997F828807A
:1079100097F82290A8BF064670109842A8BF184654
:1079200097F829307E6A834613F0040FD4E900E00B
:1079300003F01F010ABF0BEB060333465B4273449F
:107940000B93D4E902C20B0756BF0BEB0603334679
:107950005B42ACEB03030D938B0756BF0BEB0603A7
:1079600033465B4203440C93CB0756BF0BEB060335
:1079700033465B42D21A97F82030039397F82130B0
:107980000E92ABEB06060293BBF1000F5CD1002E0A
:107990005ADC59462C222DA806F055FE24AB2D9317
:1079A000039BD4F804B08DF8C9308DF8CB90029BBE
:1079B000DDF83090A6688DF8CA300B9B27680293DB
:1079C00009F1FF310D9B8DF8C880CB45CDE925B677
:1079D000D4F80CA0DDF8388003932497279103DCBA
:1079E0002DA92846E1F794FA0E9901312591C24557
:1079F000E168279103DB2DA92846E1F789FACB45F9
:107A0000D4BF0C9B63682593C245ACBF0E9BE36853
:107A10002168249127930B99029B01399F4226915B
:107A200003DC2DA92846E1F773FA0D9B013324935B
:107A3000A3682693039B9E4203DB2DA92846E1F70A
:107A400067FA39B0BDE8F08F05F1380221460FA87A
:107A500004F0EDFA06900028F3D00FA804F045FEDC
:107A60002C22002107902DA806F0EDFD0798E7F7DE
:107A7000C9FF00273390824601231BA826EAE6723D
:107A80000BA9CDE908770A97E2F7DAFB1BA8BB45FB
:107A9000089007DD24AE3B465A4621463046E2F7C1
:107AA000CFFB099613AB2D933593039B8DF8C9300B
:107AB000029B8DF8CA3023680B9A8DF8CB905B44FB
:107AC0009342ACBF17931792A3680D9A8DF8C880A4
:107AD000A3EB0B039342D4BF1993199263680C9ADA
:107AE0005B449342ACBF18931892E3680E9AA3EBE1
:107AF0000B0317A89342D4BF1A931A9204F0F5FD12
:107B00006368D4F80090DDF82C8002930C9B0393FB
:107B1000A3680493C1450D9BE6680E9F059362DC44
:107B2000DDE9043293425EDBDDE9023293424FF03D
:107B300001038DF8D03041DDBE420CDB179B13935F
:107B4000199B15930E9B013314932DA9E36816938B
:107B50002846E1F7DDF90B9B0D9A93424BDBC145BB
:107B600057DCDDE904218A4247DB23681393A368CD
:107B70001593189B14932DA91A9B16932846E1F789
:107B8000C7F906990F9B119A139300297AD163685C
:107B90000C9F1592FF1A5F45B8BF5F468846474560
:107BA0003EDC1BA802F0B5FBBBF1000F02DD24A8F0
:107BB00002F0AFFB5046E7F73FFF42E7BE4201DB72
:107BC00031280DDD179B1393199B1593029B14937A
:107BD000039B2DA9013B28461693E1F799F9ABE7E2
:107BE00000230693B7E701238DF8D030DDE9023298
:107BF0009342E7DDA0E7C1450BDC013B1593189BE1
:107C0000226814932DA91A9B139228461693E1F724
:107C10007FF9DDE904329342B3DB0D9B0133A5E725
:107C20006368E66808EB0309109B9945A6EB080614
:107C300002DA129B9E4222DC079AFF21504606F090
:107C400002FD079B0093139A4B46514608A802F089
:107C500044FB109B8DF8D000994507DB2DA92846E1
:107C6000CDF85090CDF85890E1F752F9129B9E4212
:107C700005DC2DA9284614961696E1F749F908F176
:107C800001088CE7179B13A8013B9342D4BF1593BF
:107C9000159204F02AFD041E34DC199B0F9A01335F
:107CA0009342ACBF1393139213A8119B159304F046
:107CB0001CFD041E7FF775AFDDE90432934267DADD
:107CC000DDE90232934263DDBE42FFF66AAF1A9EDF
:107CD000129B01369E423FF764AF22465046FF2179
:107CE0001496169606F0AFFC5146139A009433464C
:107CF00008A802F0F2FA2DA98DF8D0002846E1F785
:107D000007F9E5E7C14524DDDDE90232934220DDD4
:107D1000BE42C2DB1A9B03F10108129B9845BCDCF2
:107D20002246FF215046CDF85080CDF8588006F00D
:107D30008AFC4346139A0094514608A802F0CDFAF3
:107D40002DA98DF8D0002846E1F7E2F808F10108E6
:107D5000E3E7109B189A934202DBC145DADDD7E7CF
:107D60002246FF21504614931693069306F06BFCAF
:107D7000069B139A0094514608A802F0AEFA2DA96A
:107D80008DF8D0002846E1F7C3F8069B0133E1E700
:107D9000DDF84080189B984504DBDDE9043293420E
:107DA00095DA91E72246FF215046CDF85080CDF874
:107DB000588006F048FC4346139A0094514608A8A0
:107DC00002F08BFA2DA98DF8D0002846E1F7A0F833
:107DD00008F10108DEE72DE9F04F450087B04FEAD2
:107DE000610ACB0704462846904654BF0AF1FF3B80
:107DF000D3460F46E7F706FEAB1E6FF00102009375
:107E00000BFB02224FEA4A0301930646C1460023B8
:107E10000292A34225DB04FB04F0424608EB40003B
:107E200043464FF47F5CBCFBF7FC834244D16B427A
:107E30000AFB03F30593631E05FB038304930BF115
:107E4000010300930BFB05530393AB1901934FF010
:107E5000000CA4453CDB304607B0BDE8F04FE7F727
:107E6000EBBD009A019839F8021000EB090C02985A
:107E70007943621E484426F8121002EB0A0E74453C
:107E8000CCBF3CF812E04FF0000EA1EB0E0EA2EBBF
:107E90000B010029D4BFB9F8001030F81210013AD4
:107EA0007144E8D248462A463146039306F0FBFA6D
:107EB000039BA9440133ACE7198839B1B1F57F5F61
:107EC0000EBFA3F800C091FBF7F119800233ACE7B5
:107ED00005991388511802910399002002EB0109BA
:107EE00096467B4390460146002BACBFC3F38F1BE5
:107EF0004FF0000B26F811B0A1EB0A0BBBF1000FFD
:107F0000CABFDDF808B0B8F800B03BF800B0A3EB8A
:107F10000B0B009B0B449C42D6BF049B39F80030EE
:107F200033F81C3001318C425B44A8442844DBD137
:107F3000334633F8021BAEF8001001998B42AE4471
:107F4000F7D10CF1010C023283E72DE9F04F144612
:107F5000BBB00D46D1E90A3105901268A068666889
:107F6000E7680A440144286B06443844D21A19448D
:107F7000F61A18446B6A0E9203EBD3735B105B42E4
:107F80001A44013A10911190C91AC01A1292F218AB
:107F900095F834300F96FE2B28BFFF230993059BDD
:107FA0000131013A013038331491139215901A4679
:107FB00012A916A8069304F03AF8002800F02783C7
:107FC00023681A9363681B934FF0FF32A3681C93D6
:107FD0001146E3681D931AA804F00FF81AA8EC697B
:107FE00004F083FB06461AA804F084FB86421AA814
:107FF00065DA04F07AFB4010A042A8BF2046039047
:108000000EA8EC6904F071FB06460EA804F072FBA2
:1080100086420EA856DA04F068FB4710A742A8BFB4
:1080200027466C6A3C4404FB04F04000E7F7EAFC96
:108030006E6A0E9B2693119B299306EBD6735A10FA
:1080400066F0010907EB6303994406F00101013270
:1080500004900EA808912792CDF8A09004F045FB5B
:10806000A9EB000026900EA8DDF89C9004F042FBDE
:10807000484406EB0708002329903A4626A92FA872
:10808000E2F7DEF8012E404618BF7610E7F7BAFC9B
:108090004FEA4803DDF810A0079381464FF0000B2C
:1080A000D84512DC4846E7F7C7FC2FA802F031F9A3
:1080B000012E08FB08F740F0AD82002341E004F0F8
:1080C00019FB98E704F016FBA7E74246FF21484654
:1080D00006F0B9FA2FAB009300212F9F43465A4672
:1080E0004846B847014640B9079A504606F0ABFAF1
:1080F000079B0BF1010B9A44D2E799F800305246E6
:108100009B0193FBF6F322F8023B079B494603EBE6
:108110000A009042ECD00F4611F8013F3F789F4291
:1081200017BF9B0132F8023C93FBF6F39BB222F897
:10813000023BEEE7049A049932F813209209CA54DC
:108140000133BB42F6D195F83570002317F00107D3
:10815000CDE90C3307D126AE039A01231AA9304684
:10816000E2F76EF80C9612A804F0BFFAE7F74AFCA3
:108170002C22064600212FA806F065FA95F8223039
:108180002A8C8DF8D3301EA995F83430DDF848805C
:108190002F9112A83791ADF8D1208DF8D0303596B7
:1081A00004F0A3FA00EBD07008EB600312A8DDF82E
:1081B0004C800A9304F09EFA00EBD07008EB600349
:1081C000149A0793139B2092121B0A991F93013252
:1081D00023448A42ACBF1E921E91013B079A9342F0
:1081E000D4BF219321921EA9069A22A803F01FFF53
:1081F000002840F03E82149A2092121B159B0A9987
:10820000219301328A42ACBF1E921E91079A1B1B1A
:108210000132013308929342ACBF1F931F921EA9F3
:10822000069A22A803F003FF002835D0039A1AA962
:1082300022A803F0B8FF78BB22A804F056FADDF8B4
:1082400084A0259BDDF88880DDF85090834637B107
:10825000039A0B931AA922A804F067F80B9BBBF1B1
:10826000000F19DDA9EB040909F10109A8EB0908C0
:10827000AAEB030A049BDDF89490359604FB0A8868
:108280009844229B1E93249B209302238DF8D83080
:10829000239B4B4540F34A82129B079A23441E932B
:1082A000149B1B1B2093139B1F932344013B93425E
:1082B000D4BF219321921EA9069A22A803F0B7FEEB
:1082C000F8B1039A1AA922A803F06DFF8046C0B93D
:1082D00022A804F00AFADDF88C901F9B8246002F3A
:1082E00000F08082039A0B931AA922A804F01DF8CB
:1082F0000B9B8346002800F03D82BAF1000F00F38B
:108300003E8295F834308DF8D030129B089A234481
:108310001E93149B1B1B2093159B21931B1B013346
:108320009342ACBF1F931F921EA9069A22A803F086
:108330007EFE48B3039A1AA922A803F034FF8146AF
:1083400010BB22A804F0D1F9B0F1000B1CDDDDF860
:108350008480DDF894A0002F00F05482039A1AA9BB
:1083600022A803F0E2FF4B46049A3593229B1E930A
:10837000A8EB0A08249BDDF89490209304FB0828BE
:10838000239B4B4540F3408295F834308DF8D03034
:10839000149B2093DDE907501A1B139B1599234466
:1083A000AB42C8BF03460132091B1F930A9BA94277
:1083B000ACBF219121959A42ACBF1E921E931EA97B
:1083C000069A22A803F033FE68B3039A1AA922A8DA
:1083D00003F0E9FE38BB22A804F087F9149B229D24
:1083E0001B1B0133ED1A631E04FB0355049B8046DF
:1083F0001D44002F00F03B82039A1AA922A803F023
:1084000094FF2B46B8F1000F35930CDD229B1E9391
:10841000249B2093DDF88C9002238DF8D830259B87
:108420004B4580F22682049B6510013B0021A1424E
:10843000C0F23F82DDE90750139A129B15991E93F3
:108440002244AA42C8BF02461F920A9A091B23442B
:1084500002F1FF39013BA942ACBF21912195069A57
:108460004B45D4BF2093CDF880901EA922A803F0DD
:10847000DEFD002840F02F82129A139B1E922244A8
:10848000013A1F9323444A45D4BF2092CDF88090EF
:10849000013B079A9342D4BF219321921EA9069AC9
:1084A00022A803F0C4FD002830D0039A1AA922A8FC
:1084B00003F079FE50BB22A804F017F9DDF88CA078
:1084C0001F9B229DDDF878B0804637B1039A09934F
:1084D0001AA922A803F029FF099B3596B8F1000FCD
:1084E00014DDAAEB030AA5EB0B05049B04FB0A555C
:1084F0001D44229B1E93249B2093DDF88CA0022315
:108500008DF8D830259B534580F23582159A129B01
:108510002192121B08991E93013223448A42ACBF58
:108520001F921F91013B069A4B45D4BF2093CDF873
:1085300080901EA922A803F07AFD78B3039A1AA9A5
:1085400022A803F030FE48BB22A804F0CEF8DDF8E4
:108550008490DDF894B0229DDDF878A0804627B1A4
:10856000039A1AA922A803F0E0FEB8F1000F35968D
:1085700014DD049BA9EB0B09A5EB0A0504FB0955C7
:108580001D44229B1E93249B2093DDF8949002238C
:108590008DF8D830239B4B4540F31082129B159ADF
:1085A000359623441E93149B1B1BDDE90701209382
:1085B000139B121B23448342C8BF0B468242ACBFAD
:1085C000219221901EA9069A1F9322A803F02FFD45
:1085D00098B1039A1AA922A803F0E5FD68B922A868
:1085E00004F083F8051E08DD229B1E93239C249B28
:1085F0002093259BA34280F2048217B926A801F09C
:1086000088FE0498E7F718FA3046E7F715FA3BB00A
:10861000BDE8F08F3146049A4046FFF7DCFB08992D
:10862000314401290CDD049A02EB47064FF47F50D8
:1086300090FBF1F0B2420ED1049A4046FFF7CBFB1B
:108640000023BB423FF47FAD049A049932F8132013
:10865000CA540133F5E732F8023B002BEAD0FF2B76
:1086600017BF9B0122F8020C93FBF1F322F8023CA6
:10867000E0E7039A1AA922A803F095FD00287FF4E9
:10868000BAAD22A804F031F8DDF88CB0139BDDF808
:108690008880DDF85090824637B1039A08931AA972
:1086A00022A803F042FE089BBAF1000F7FF7A3ADAA
:1086B000A9EB040909F10109A8EB0908ABEB030BCD
:1086C000049BDDF88C90359604FB0B889844229B24
:1086D0001E93249B209302238DF8D830259B4B4575
:1086E000FFF689ADCDF87C90CDF88490DFB92246B5
:1086F0004146304605F0D7FE4B46229ACDF800A001
:1087000031460CA801F0E9FD01280ABF02238DF8CB
:10871000D8008DF8D83005982FA9E0F7F9FBA044D0
:1087200009F10109DAE7CDF8D480F4E7CDF87C90BF
:10873000CDF88490DFB922464146304605F0B3FEBD
:108740004B46229ACDF800B031460CA801F0C5FD89
:1087500001280ABF02238DF8D8008DF8D83005987B
:108760002FA9E0F7D5FBA04409F1FF3990E5CDF83A
:10877000D480F4E7BAF1000F7FF7C3ADBB46A9EB95
:108780000309049BCDF8D48004FB0939229B1E9376
:10879000DDF88C80249B2093259B4345FFF6B1ADEB
:1087A000CDF87C80CDF8848099F80010BBF1000FE3
:1087B0001DD15246304605F046FF229ACDF800A062
:1087C000434631460CA801F088FD012808BF02206D
:1087D0008DF8D80005982FA9E0F79AFBA14408F17D
:1087E0000108D9E700287FF78CADB046C6E7099BA2
:1087F000FF2B1EBF95F8343013FB01F1090A8DF8E9
:10880000D010E7E73346AFE5CDF87C90CDF8849003
:10881000D7B998F800105A46304605F014FF229A4E
:10882000CDF800B04B4631460CA801F056FD0128AA
:1088300008BF02208DF8D80005982FA9E0F768FB43
:10884000A04409F1FF399BE5039A1AA922A803F075
:108850006CFD099BFF2B18BF95F8342098F8003069
:108860001CBF13FB02F31B0A8DF8D030E4E733463C
:10887000C8E5CDF87C90CDF884909FB94246294652
:10888000304605F010FE4B46229ACDF80080314666
:108890000CA801F022FD01280ABF02238DF8D800A0
:1088A0008DF8D83005982FA9E0F732FB09F10109BE
:1088B000B5E518190246A0EB020C654502DC013152
:1088C0000346B4E513F801CF92F800E083F800E026
:1088D00002F801C9EFE7039A1AA922A803F063FC82
:1088E00000287FF4C9AD22A803F0FFFE1E9B229D45
:1088F000ED1A631E04FB0355049B80461D44002FA4
:1089000037D0039A1AA922A803F00FFD2B46B8F11D
:10891000000F35937FF7B0AD229B1E93249B2093CD
:10892000DDF88CA002238DF8D830259B5345FFF647
:10893000A3ADCDF87CA0CDF884A09FB942462946CE
:10894000304605F0B0FD5346229ACDF800803146FE
:108950000CA801F0C2FC01280ABF02238DF8D80040
:108960008DF8D83005982FA9E0F7D2FA0AF1010A5C
:10897000DBE73346CBE7CDF87CA0CDF884A0DFB9A8
:1089800022462946304605F08EFD5346229ACDF800
:10899000008031460CA801F0A0FC01280ABF022388
:1089A0008DF8D8008DF8D83005982FA9E0F7B0FAE7
:1089B00025440AF1010AA5E53595F5E7CDF87C9047
:1089C000CDF88490DFB922462946304605F06BFD8C
:1089D0004B46229ACDF8008031460CA801F07DFC70
:1089E00001280ABF02238DF8D8008DF8D8300598E9
:1089F0002FA9E0F78DFA254409F1FF39CAE535952D
:108A0000F5E72A46FF2130461F94219405F01BFE0E
:108A10002346229A009531460CA801F05EFC2FA94E
:108A20008DF8D8000598E0F773FA0134E1E50B7989
:108A3000063B012B0ED84B6DDA6B9AB91A6C8AB9CA
:108A400093F821209B6E1BB10E2A0BD0142A09D05B
:108A50002F2A07D891F85930632B84BF46F201437F
:108A6000A1F858300020704770B50E46C169054620
:108A700000296BD101223046DFF7F8F9044610B91E
:108A80004FF0FF3070BD3046DFF704FA0028F7D012
:108A900002232365EC612379013B0A2B0DD8DFE823
:108AA00003F006151C232A31493F38445000616DFC
:108AB00004F10802204600F04BF8EB6903221A6526
:108AC0000023EB61DFF7CAF90120DBE7616D04F1F8
:108AD00008022046FEF7FDFEEFE7616D04F1080293
:108AE0002046FFF732FAE8E7616D04F108022046FC
:108AF000E0F772FFE1E7616D04F108022046E0F75C
:108B0000A1FFDAE7616D04F108022046E0F758FFA3
:108B1000D3E7616D04F108022046FEF7EAFCCCE7DA
:108B2000616D2046E0F798FFC7E7616D204601F0D0
:108B300033FFC2E7616D04F10802204600F09EFD9C
:108B4000BBE7616D204601F01EFCB6E7002099E707
:108B50002DE9F04F91F82030ADB0022B04900C4677
:108B60003CD913680C9353680D930CAE93680E9325
:108B70003146D3680F9300F1380210A803F057FA7A
:108B8000029058B394F82F502C22C5F30303002110
:108B900015F00F0521A803BF94F8219094F82280C6
:108BA00094F8237094F824901CBF94F8258094F8CE
:108BB000267007930BF0D2F9E36994F820A08DF8A2
:108BC00099908DF89A808DF89B7053B94DB904989F
:108BD000219621A98DF898A0E0F79AF92DB0BDE86B
:108BE000F08FBAF1FD0F304628BF4FF0FF0A03F0B7
:108BF0007CFD8046304603F07DFD8045E2694346BA
:108C0000A8BF03465B109342A8BF1346814610A835
:108C1000059303F06AFD059B03904FF0000B5B4545
:108C2000CDE90ABB38DDE6F7EDFE059A07465B465F
:108C300018A83146E1F704FB18A80A90109B14937A
:108C4000129B16930DF1500BFF234A46414604F147
:108C500024002797CDF884B0CDF8A4B08DF89830D3
:108C600000F0DAF9064600284BD0012D4CD90C9AB9
:108C7000109BCDF894B09B1A026803EB43010A44A1
:108C8000229294F82E1000222734914206D84FF0F9
:108C9000000B4FF000080EE05F46CFE702EB8200CA
:108CA000205CFF2840F02D810132EEE77268DDF88C
:108CB00008B002EB03080F238DF890304FF0000945
:108CC000059A0D9C0F9B914522DB14449B1A002DA5
:108CD00040F0D0800498159421A917938DF898A09E
:108CE0002795E0F715F92FB13846E6F7A5FE18A845
:108CF00001F00FFB002E3FF471AF304600F0C8F9D1
:108D00006CE780468346D9E74FF0000BD846D5E79D
:108D1000A3EB09030693119B4C44A34204DD139B70
:108D2000069A9342C0F29280039A5146384605F063
:108D30008AFC039B0093149A234639460AA801F043
:108D4000CCFA119B012808BF0220A3428DF8A00095
:108D50005DDC012D1594179404D0022D13D000234F
:108D60001A4615E00D9B3168E31A03EB430288189D
:108D70008A5AADF8992082788DF89B207268D35C6E
:108D80008DF89830EBE7B8F1000F3ED1029B4246D8
:108D9000049821A9CDE90823E0F7BAF8DDE9082312
:108DA00013990698814251DB012D1590179031D00F
:108DB000022D43D0002A45D0022D3DD9039A5146B9
:108DC000384605F040FC039B0093149A234639462D
:108DD0000AA801F082FA01280ABF02238DF8A00038
:108DE0008DF8A03028E018F80310FC299FBFFA5C2A
:108DF00012FB01F21212FA540133039A9342F2DB8E
:108E000002238DF8A030029BAAE70023F5E7002398
:108E10001A46C5E706990D9B3068CB1A03EB430150
:108E20004418415AADF89910A1788DF89B107168DB
:108E3000CB5C8DF898302AB1002314E013B9B8F157
:108E4000000FF9D1049821A9E0F762F809F10109AE
:108E500036E718F80310FC299FBFFA5C12FB01F2F9
:108E60001212FA540133039A9342F2DB02238DF873
:108E7000A030E7E7022D8DF898A036D031D905F162
:108E80000D0202F00F02022A36D9119A9442B8BF9D
:108E90001446139A9342A8BF134699464C453FF790
:108EA00022AF012D1594179415D10D9B3168E31A4B
:108EB00003EB430288188A5AADF8992082788DF81E
:108EC0009B207268D35CBAF1FC0F9CBF13FB0AF3C2
:108ED0001B128DF89830049821A9E0F719F8013495
:108EE000DCE701228DF8A020CFE79DF81C208DF84B
:108EF000A020CDF89C80C8E70BF1010B8DF8A0B045
:108F0000F7E7022D3FF4D2AEDDF808B0C1E62DE957
:108F1000F0411D4603794B43B2EB232F0F460ADC89
:108F20008378017842786A702970AB70C378069AAA
:108F30001370BDE8F081847A04EB8403034413F8D2
:108F4000011C7943B2EB212F54DA012C62D9437A08
:108F50007B43B2EB232FD4BF0123002303EB830316
:108F6000C618C35C16F8014C317916F8030C7C4323
:108F70007943A2EB24220912C2EB0222A1EB2421A5
:108F800092FBF1F416F8052C16F8041CE743FFB227
:108F9000E4B212FB07F204FB0322737811FB07F122
:108FA00004FB0311B37810FB07F048F2810804FBBF
:108FB000030008FB02F208FB01F108FB00F0C2F31A
:108FC000C752C1F3C751C0F3C75003F091FC2870DA
:108FD000C0F30723C0F307406B70A87016F8023C7B
:108FE000F27813FB07F304FB023308FB03F3C3F32C
:108FF000C7539CE713F8051C13F8042C13F8033C23
:10900000AB7029706A70837A013B03EB83030344DE
:10901000DB788CE70023A1E7F7B5C37A17461A0778
:10902000064603D10024204603B0F0BD03F00F0331
:10903000012B06D00E3303F00F03032B94BF0F4612
:1090400040277D1CF81C05EB450520F0030025F0AA
:1090500003050C302844E6F7D5FC04460028E1D08F
:109060000C35054400F10C03C0E9015703600025ED
:10907000A168A942D7D9D4E9000205EB45032A44E7
:10908000009203442A463046FFF741FF0135EFE7DF
:10909000E6F7D2BC2DE9F04FB7B08B460D930B6BC2
:1090A000DDF800A106901646002B54D14B6BB3F5AA
:1090B000807F50D18D6BB5F5807518BF0125F46A9E
:1090C000DBF82C30B4F8089007932C22002120A85C
:1090D000D4F81080677805F0B6FA9BF850308DF818
:1090E00094309BF85130CDF88890C3F303038DF88A
:1090F000A830002D40F0A081079B002B00F3F780E3
:109100000E2F2AD0142F49D19BF84F30022B54D860
:10911000504603F0EFFA0546504603F0E6FACDF864
:109120009880CDF890A0CDF88480A288CDF880A05A
:1091300009FB00F3B3FBF2F305FB038326934FEA2D
:109140005903299302238DF89C301223CDF8A0A057
:109150008DF88C301BE00125B1E7069B514603F1E9
:1091600038022BA802F063FFA8B19BF84E30BBF881
:109170004C208DF89730CDE928A90223CDF89880AE
:109180002195ADF895208DF89C30CDF880A00698FB
:1091900020A9DFF7BDFE37B0BDE8F08F062F01D064
:1091A000152F06D1CDE920A8CDF890A08DF88C70B0
:1091B000EDE79BF84F30022BF4D9419BD6F82C8079
:1091C0000FCB13AD85E80F0098F8013007931846D0
:1091D000B8F8089003F05BFB0646504603F08AFAA5
:1091E0000890284603F081FA0446284603F082FAE4
:1091F0006643012E334638BF012309930746DDF746
:10920000F5FCDEF775F80446DDF7F0FCDEF7CCF888
:1092100003F03DFB4443099BA400B4FBF3F4BC42C0
:10922000A8BF3C4603FB04F0E6F7ECFB2C22074604
:1092300000212BA805F007FA9BF850308DF8C030BC
:109240009BF851302D96C3F303038DF8D430079B60
:109250002F95142BCDE92B578DF8B83010D1CDF8C0
:10926000CCA0D8F81030089A09FB023331930223BE
:109270008DF8C83012238DF8B8304FEA5903349373
:10928000149B169E2344013B169317AD149B9E42DC
:1092900003DA3846E6F7D0FB7DE7139ACDE91723CA
:1092A000DAE90012159B19935242169B1A93494210
:1092B000284602F0AFFE9DF8B830CDF810B0CDE9E9
:1092C00002930197D8F81030009395E80F00E0F76B
:1092D00095F906982BA9DFF71BFE169B0133149313
:1092E0002344013BB342D4BF16931696CEE79BF8B6
:1092F0004F30022B00F2A080D6F82C9099F8018014
:10930000B9F80870B8F1140F14BF434612232C2289
:1093100029462BA8079305F096F99BF850308DF855
:10932000C0309BF851302D97C3F303038DF8D43030
:10933000CDF8BCA0D9F810302C93079B8DF8B8302D
:10934000419B0FCB13AC84E80F002046169B08937B
:109350002B94169103F0C9F90646E6F753FB13ABBD
:10936000CDE93336079B31900E2B044608D1BBF86C
:109370004C209BF84E302C95ADF8C1208DF8C330B1
:1093800017AD2846DBF82C2000230BF15801E0F73D
:1093900057FF00235046CDE90F5303F0ABF907FB0D
:1093A00000F5149B089A9A4201DA204672E7B8F158
:1093B000140F2CD1DAF8042013999B1ADAF8002044
:1093C0007B43891A01EB53012944D9F81030324606
:1093D0001944204605F067F8DDE91323009621467D
:1093E0000FA800F07AFFB8F1140F23D0B8F10E0FD8
:1093F00008BF02208DF8C8002BA90698DFF788FD6A
:10940000149B01331493169B01331693C9E7B8F1EB
:109410000E0F09D1DAF8042013999B1ADAF800200C
:10942000891A07FB0311D0E73246FF21204605F0D9
:109430000AF9D1E70220DDE7F76A2C223B897E7822
:10944000099300212BA805F0FEF89BF850308DF809
:10945000C0309BF85130C3F303038DF8D430419BE7
:109460000FCB0FAD85E80F0050462B9503F03DF96B
:109470000A90504603F03EF90B90284603F035F968
:109480008046284603F036F9062E9BF84F300446F6
:109490002DD00E2E37D19BF84E30BBF84C208DF8D6
:1094A000C3300023ADF8C12035460793284603F0AA
:1094B000EEF908FB00F20892DDF798FBDDF718FFE4
:1094C0008146DDF793FBDDF76FFF03F0E0F909FB61
:1094D00000F3089A9B00B3FBF2F3A342A8BF234614
:1094E00002FB03F09946E6F78DFA04463DE09BF84F
:1094F0004E30BBF84C208DF8C3300023ADF8C120AE
:1095000007931525D2E7022B94BF002301230F2ECA
:1095100007934CD0A6F11103DAB20A2A45D80A2BD8
:1095200043D8DFE803F04406420642424242424248
:109530000600DDF75BFBDDF7DBFE8146DDF756FB62
:10954000DDF732FF03F0A3F909FB00F308EB480550
:109550009B00B3FBF5F3A342A8BF234605FB03F032
:109560009946E6F74FFA14250446129B0893109B80
:109570002C944B44013B12930FAB8DF8B8502F93B2
:109580003A690C92142D14D1339302238DF8C8300C
:1095900009FB08F304EB43034FEA4802319312231B
:1095A0002D928DF8B83017AF56E035467EE710257E
:1095B0007CE70E2D08D1CDE9333802238DF8C83071
:1095C000002331942C93EEE7284603F060F908FB62
:1095D00000F02D90E7E70F9ACDE91323DAE90012A6
:1095E000119B15935242129B1693494213A802F005
:1095F00011FD0D9B0C99CDE901B3099B0093CDE9B9
:109600000364DDE90A2313A8E0F7F2FF079BB3B177
:109610000F99109A119B1791189219935242129B0D
:109620001A934942384602F0F5FC2D9B0094CDE98F
:10963000035BCDE9014397E80F00DFF7DFFF0698F2
:109640002BA9DFF765FC129B089A013310934B445A
:10965000013B9A4205DB1293109B089A9A42BADAB0
:10966000A3E6089B1293142DF6D10FA803F042F83D
:1096700000FB08F004EB40003190EDE72DE9F04FDE
:10968000CC69B1B0D4F800B003900F469146BBF15D
:10969000000F45D0896E51B1002215A8DFF760FB9D
:1096A000012804D1209D7DB915A8F8F7D9FB3946CA
:1096B0006C2215A80AF02AFC236803981C934A46DA
:1096C00015A9E0F77DF92BE06B7803F0F703062B83
:1096D000EAD107F158030FCB09AEB5F808A086E828
:1096E0000F00EA88AB88013A009200221146013B44
:1096F00005A8002502F067FC2B46092205A9304683
:10970000009502F051FE231D0FCB86E80F00324674
:1097100005A90DA802F08BFC28B915A8F8F7A0FB45
:1097200031B0BDE8F08F1022294611A80AF016FCCE
:1097300023680A9A9B88013B13930E9B013B9B1A5B
:109740001493206811A9F7F789FD109B0A9A013339
:109750009B1A12932368DB88013B1493206811A99C
:10976000F7F77CFD0D9B099ACDE91155013B9B1A3A
:109770001393206811A9F7F771FD0F9B099A013324
:109780009B1A119323689B88013B1393206811A9AE
:10979000F7F764FD0A9B0E9A0D99D21A099B584659
:1097A000C91ADEF705F9069B0E9A0D99D21A059B88
:1097B0000646C91A2098DEF7FBF883460DA802F08A
:1097C00099FF80460DA802F090FFA8457FF76CAF87
:1097D00006F1030C002109E01BF801301CF804EC31
:1097E00013FB0EF31B120CF8043C013188420CF100
:1097F000040CF1DC23681B89D3441E440135E4E7E3
:109800002DE9F0470546A0B0904699460C46002940
:1098100039D00B79042B32D8002B42D0236A276928
:109820004FF4616293FBF2F102FB1133002B51D034
:10983000E16A384601F0F4FA206005A8DEF7C4FBBF
:10984000236A11934FF48073CDE91233E37D8DF8D1
:10985000643023680C936369ADF8603022691B0C97
:109860008DF862301389B2F90C201344626A05A99D
:10987000CDE916232846A268E0F7A2F803E0082BFA
:10988000CCD0192B24D0B8F1000F7CD0B9F1000F47
:1098900079D04A464146284620B0BDE8F047FFF758
:1098A00057B9CB68002BEED005A8F8F75EF8E37D3A
:1098B0008DF83C306369ADF834301B0C8DF83630D0
:1098C000E268012305A928460E93FEF702F8DAE7BD
:1098D0000F69ADE7A3680FCB01AE86E80F003868CB
:1098E00001F051FB04F1140A48B323691A7C082AD9
:1098F00025D15A7C42F002025A74206901F0A0FA84
:109900002C220746002105A804F09DFE9AF802309B
:109910008DF82B30E37D8DF82830A28A2369ADF8CD
:1099200029200B970D96DB890E93A368059305A953
:10993000022328468DF83030DFF7EAFAA3E7E16A20
:10994000206901F06DFA20603046019F02F0CDFEE3
:109950000E21DDF7BBFF013F07442C22002105A8A3
:10996000039704F070FE9AF802308DF82B30E37DF7
:109970008DF82830A28A2368ADF829201A690B9245
:109980000D961B89D0E720B0BDE8F0870A4600217C
:1099900004F059BEFC290AD8022907D910FB01F0AE
:1099A00048F281035843C0F3C75070470020704706
:1099B0002DE9F843089F1D463B6A97F834C0D41A36
:1099C0000646FB6AF8690CF00102A1EB0008BBBB7C
:1099D0003B7E03F0060782B1C7B103F00703022BF9
:1099E00002D1E00FBDE8F883032B01D00020F9E796
:1099F000002CD4BF00200120F4E7022F06D003F092
:109A00000703012B04D1B8F1000F0FDD0120E9E7B6
:109A100063B918EB050FF9D4401AE7D4854203DD8A
:109A2000291A3044FFF7B2FF0220DBE718EB050FDD
:109A3000DCD4411A21EAE171A942D7DA3046F1E7D4
:109A40000CF00200002A00F09A80BB6A03FB08F2C7
:109A5000002B4FEAA222C0B205DD94420FDA003893
:109A600018BF0120BEE79442F9DC08EB050253431E
:109A7000B4EBA32F09DB7A6A04FB02220CE008EBAB
:109A800005025343B4EBA32F03DDB0FA80F0400985
:109A9000A8E77B6A03FB04F242F3950212F0FF0190
:109AA000C8EB222861D03B6BC1F1FF014B431B1275
:109AB000B8F1000FC3F1FF020DDB45450BDD594343
:109AC000C1F3472108B9C943C9B216F80800FFF726
:109AD00061FF06F8080008F10104396B8A4224DCB2
:109AE000A5423ADD002C38DB796ABB6A305D514310
:109AF00089125143C1F34721002B97F83430BCBF82
:109B0000C943C9B29A0744BFC943C9B2FFF742FF6C
:109B1000305597F834309B072AD54545FFF666AF98
:109B2000B8F1000F80DB414688E7002C0FDBA5422F
:109B30000DDD97F83430A2EB61019807C9B248BF38
:109B4000C943305D48BFC9B2FFF724FF30553B6BB6
:109B50000134A542A2EB0302BFDC97F834309F0723
:109B6000DBD401343FF542AF03E04446FF22B4E7C3
:109B70000134A542FFF658AF291B301952E77B6A22
:109B80005C43002B4FEAA422CCBF511C11468845F0
:109B9000C0B23FF764AF08EB05018A423FF775AFEB
:109BA00044F38D2EC4F387021C4444F38D29CE4523
:109BB0004FEA0421AEEB080406D0002B80F294801B
:109BC000002A39D1013CFF22002C1FDBA54227DDF2
:109BD000C1F387211144C1F3470108B1C943C9B298
:109BE000305DFFF7D7FE305597F83430980708D529
:109BF000A9EB08018D427FF7F9AE0029FFF614AFFB
:109C00001CE70134AC42A8BF2C46B5E70028EFD1D1
:109C10000134AC42A8BF2C46002C3FF4E7AE03E76A
:109C20000028E5D10134AC42A8BF2C46002C3FF4FB
:109C3000DDAE7FF7F9AE9FE7002CBB6A49DBC3F1CD
:109C4000000802FB08F8A5424FEAA8280ADD08FB35
:109C500002F1C1F3472108B1C943C9B2305DFFF732
:109C600099FE305597F83430796A621E03F002038A
:109C70003CB3954221DDC8F1FF08494208FB01F1E0
:109C8000891208FB01F1C1F347210BB9C943C9B2DD
:109C9000B05CFFF77FFEB05497F83430990707D5D2
:109CA0009542FFF6C1AE002A3FF4BEAE1146C5E6AE
:109CB0000134A542BFF660AFA8E6002B3FF4A6AE84
:109CC000EEE7002B7FF4B0AE002D7FF79FAE0124AE
:109CD00052E700287FF4A8AE0134A542FFF696AE05
:109CE000002C7FF4A1AE47E7C2F1FF01BA6A4A43F4
:109CF0004FEAA22E002C04F10102CEF1FF082DDB69
:109D0000A5420BDD0EFB01F1C1F3472108B9C943A0
:109D1000C9B2305DFFF73EFE30557B6A08FB03F3A6
:109D20009B1297F83400954200F002002ADD08FBF0
:109D300003F3C3F3472108B1C943C9B2B05CFFF7CD
:109D400029FEB05497F834309B070ED5A542FFF694
:109D50004DAE002CFFF668AE21466FE6621C0AD1BC
:109D600008FB03F39B120022DBE70234AC42A8BFDE
:109D70002C46002C5DE71CF0020F05D0A542BFF673
:109D800053AE33E60028E1D10234AC42A8BF2C46E2
:109D9000002C3FF42BAEECE72DE9F74F0C9DAC689F
:109DA000D5F80CC0A1EB040BD5E904E4BEF1B30F68
:109DB0000746894616469846A2EB0C0A00F39380A4
:109DC000B32C00F3FD80BEF1000F07D1944500F3E2
:109DD0006481002C00F0828001244CE1002C00F012
:109DE0001A81A64519DC944500F3598105F1180341
:109DF00000933246434649463846FFF7D9FD6A6923
:109E0000EB68B42A044640F01481B34240F3158154
:109E1000002C40F00A81002402E0944504DD012476
:109E2000204603B0BDE8F08F6A6FEB6B0EF1FF3098
:109E300002FB0AF20AFB033359284FEAA2224FEA37
:109E4000A32304F1FF310BD8002B10DA59294FF06E
:109E5000000310D95B3CB22C98BF03EAE3730AE01D
:109E6000AEF15B0EBEF1B20F98BF03EAE37359295E
:109E7000F0D823EAE373D21A03EB6201A1EB0B01E2
:109E80004145A8BF414600290C4629DD05F11803CC
:109E9000009332460B4638464946FFF789FD824615
:109EA00018B921463846FFF771FD4445A8BF44461E
:109EB00024EAE4742744A8EB0408503504EB0901B4
:109EC0000095434632463846FFF772FD044618B9FE
:109ED00041463846FFF75AFDA245A1D002249FE72C
:109EE0004FF0010AE1E7BEF1B40F73D0B42C40F398
:109EF0009580A64512DC94453FF778AF66454FF054
:109F000003047FDA503500954346324649463846C9
:109F1000FFF74EFD002C3FF47EAFB4E09445FFF612
:109F20007EAF6A6FEB6B6FF48770704402FB0AF2CE
:109F30000AFB03336FF4877158284FEAA2224FEAD5
:109F4000A32321440AD8002BB8BF0023582910D9D5
:109F50005B3CB22C98BF03EAE3730AE0AEF15B0E00
:109F6000BEF1B20F98BF03EAE3735829F0D823EA91
:109F7000E373D21A03EB6201A1EB0B014145A8BFC9
:109F8000414600290C4618DD05F150030093324686
:109F90000B4638464946FFF70BFD824618B9214665
:109FA0003846FFF7F3FC4445A8BF444624EAE4746E
:109FB0002744A8EB0408183580E74FF0010AF2E7C0
:109FC000BEF1000F23D1944518DDB42C96D10320A7
:109FD000033818E094450DDDB42C3FF47FAF002C1E
:109FE0003FF41DAFB32C0CDD50350095FFF7E0FCBE
:109FF000012448E0B42C36D10120E9E7B42C3FF429
:10A000000EAF0124E01E18BF0120440008E794456C
:10A010007FF7ECAED9E79445EEDCE7E694453FF7F1
:10A02000E5AEB42CE8D014BBD1E7032C7FF456AFD7
:10A03000CDE75AB99E42BFF6EBAE002C3FF4EBAE33
:10A04000032CD9D0012C3FF4EAAE47E7B32A06DC53
:10A050009E42BFF657AF002C3FF4DDAED2E79E42E2
:10A06000FFF650AFF7E7002CB1D0B32C17DCB445A6
:10A070004FF00304C6DC503500954346324649464E
:10A080003846FFF795FC00283FF4C5AE032C9FD05F
:10A09000012C7FF423AF0128D5E7002CACD003249A
:10A0A000B0E72DE9F04F87B00546DDF8409099F80C
:10A0B0001C80D9F80C00D9F8186003900F4692461E
:10A0C000D9F80810D9F8102002911C4618F00108A0
:10A0D000D9F814300492059328D1824503DA002080
:10A0E00007B0BDE8F08F9A45F9DC06EB010CBC45E2
:10A0F00000F3828007EB040CA2EB060EF44505DDAD
:10A100003044504539DC9B1B534536DBCE1BB442F3
:10A11000E5DB002E74DAD11B481C0028DFDDA042ED
:10A120007DDA211A2844FFF731FC78E0824501DA14
:10A130000120D5E79A45FBDC06EB010C674513DAF5
:10A140003044504519DC9B1B9A4516DCC81B20EA9D
:10A15000E070844263DBD11B091A01314318A3422A
:10A16000DFDC00295BDBDDE7A2EB060C07EB040E6E
:10A17000F445EBDA30448245E5DA02A8CF1B02F061
:10A18000B4FA834602A802F0B5FA039BD9F820106E
:10A19000AAEB03029642CBBFB21A801B02F1FF3238
:10A1A000121ACB68501C33F8129033F810008B68E9
:10A1B000BB4433F812204B68ABEB060BF119934408
:10A1C0008A1AA0EB0909561E1F18B8F1000F28D0F3
:10A1D000B046DA46A6EB08034B4559DBA242A8BFBE
:10A1E000224622EAE2725C45CCBFABEB0201A11A27
:10A1F00021EAE171A81896E73044824583DABCE78A
:10A2000028463146FFF7C2FB0498C01B01300028E6
:10A210007FF765AF844284DC0EB9844288D0022087
:10A220005EE73246D846B31A994516DCB9F1000FFD
:10A23000A8BFCB44A345A8BFA3462BEAEB70211AC5
:10A240002844FFF7A3FBA6EB09010131A142A8BFF7
:10A25000214621EAE171284665E7B8F1000F17F8B9
:10A2600001AD08DB444506DD15F808105046FFF740
:10A2700091FB05F80800002A06DB944204DDA95C86
:10A280005046FFF787FBA854013A08F10108CAE7D6
:10A2900017F8013DBAF1000F6FEA0303DBB20ADBE6
:10A2A000A24508DA15F80A1001931846FFF772FB69
:10A2B000019B05F80A00B8F1000F08DBA04506DA9B
:10A2C00015F808101846FFF765FB05F8080008F1B7
:10A2D000FF380AF1010A7DE770472DE9F7430F4681
:10A2E00090469946061F002456F8045F25B90134AC
:10A2F000E0B203B0BDE8F08300952D680A9B4A46A2
:10A3000041463846A8470028F3D0022808BF012458
:10A31000EAE710B50379022B04460FD1036A6BB14B
:10A320001A69002A07DA5868E5F786FB206ABDE853
:10A330001040E5F781BB5A69013A5A6110BDB42B50
:10A340002DE9F3411C46C4BFA3F1B40424B207466F
:10A3500004F15A0000B20D461646E4F781FD05EB04
:10A3600060182046E4F77CFD9DF82030019306EB51
:10A37000601000904346324629463846DFF770FEAB
:10A3800002B0BDE8F0812DE9F04701F11C0996B05B
:10A3900006460C4600F13802494605A801F047FE82
:10A3A000002873D094F83030B56CDB0750D4236AA2
:10A3B0002F68013B0093D6E90F23B16B09A801F088
:10A3C00002FED5E9011209A85242494201F022FEDB
:10A3D00009A93846F6F742FFA26A736C0093336C02
:10A3E000B16B013209A801F0EEFDD5E9011209A80F
:10A3F0005242494201F00EFE09A93846F6F72EFFF7
:10A40000E369A26A0092013B226AB16B09A801F0DC
:10A41000DAFDD5E9011209A85242494201F0FAFDDC
:10A4200009A93846F6F71AFFD4E909130093336CEB
:10A43000226A013109A801F0C6FDD5E9011209A877
:10A440004942524201F0E6FD09A93846F6F706FFF7
:10A450000DF13408E26A494600234046DFF7F0FE7A
:10A46000002305A8CDE9038302F03FF90646E5F78E
:10A47000C9FA069F04464FEA8609089BBB4208DAE0
:10A480002046E5F7D9FA4046FFF743FF16B0BDE88E
:10A49000F0873246FF21204604F0D5F8059A009651
:10A4A0003B46214603A8FFF718FF012882461FD02C
:10A4B000D5E901320599BA1AC91A2846F7F76CF896
:10A4C0000346BAF1000F0FD0214604EB060C61459C
:10A4D0000ED011F8010BFF281FBFDA7812FB00F233
:10A4E0001212DA700433F2E74A46514604F0ABF830
:10A4F0000137C2E7F0B51C46036A856963B9B5F553
:10A50000807F27D1C369B3F5807F23D10902216001
:10A510001202059B1A60F0BDC36A0669C91A036B73
:10A52000D31A4269B5F5807F01FB02F206FB1322C4
:10A53000466A20D1C769B7F5807F1CD106EBA20619
:10A540002660D0E904425A4304FB0123826A02EBED
:10A55000A302DEE7036BD21AC36AC91A436A09046D
:10A5600091FBF5F119442160C369120492FBF3F2E7
:10A57000836A1A44CDE7120292FBF5F206EBA206BB
:10A580002660D0E90424634302FB01331B02C26945
:10A5900093FBF2F3DAE72DE9F04F89B0002604933C
:10A5A000179D9DF8603003908A4690460593374684
:10A5B0000196169B019A9A4202DB09B0BDE8F08F22
:10A5C000129B03EB2623191209D4514507DA139A7B
:10A5D00002EB27225FEA222C01D4C44503DB4FF0B3
:10A5E0000003EB708CE01C06D8B254BFC0F17F03AF
:10A5F000A0F180031998039C58BF029300FB01FE51
:10A60000049848BF029300FB0CEE039870445FFA75
:10A6100082F990F802B085F802B090F801B085F8A0
:10A6200001B014F80EE085F800E04FF0FF34EC7054
:10A63000059C54BF4FF0FF330123120659BFC9F1E7
:10A640007F094FF0FF32A9F180090122002C73D05D
:10A6500003EB010EBEF1FF3F61D0D6456CDA02EB91
:10A660000C0EBEF1FF3F54D0C64565DA19994B4335
:10A67000C118C35C8DF81830049B91F802C049786A
:10A680008DF819105A4383184FF0FF3499785B788E
:10A690008DF81D30835C8DF81E108DF81C308DF800
:10A6A0001F40079928688DF81AC08DF81B4002F0EA
:10A6B00009F978B98DF81F902968079802F014FA03
:10A6C000C0F3072328706B70C0F30743C0F3076023
:10A6D000AB70E8700699286802F0F4F880B9029B24
:10A6E0008DF81B302968069802F0FEF9C0F30723A5
:10A6F00028706B70C0F30743C0F30760AB70E8705D
:10A70000019B01330193159B1F44149B04351E4488
:10A710004FE759B9013302D0BAF1010F1AD1029BA8
:10A72000C3F1FF03C3EB03231B125AE70AF1FF3205
:10A7300091420FD1012BF1E7A9B90133EFD0BAF162
:10A74000010FECD0BCF1000F13D1013202D0B8F1EF
:10A75000010FD5D1C9F1FF09C9EB09294FEA292910
:10A7600085F80390CCE70AF1FF308842EAD1012B4B
:10A77000E7E708F1FF336345C2D1012AE9E72DE994
:10A78000F04F89B01E469DF8643006939DF86830FE
:10A79000079302FB0603009306EBD6735B1001934D
:10A7A0000023DDE91749CDE90333059002911546F1
:10A7B000189B169AA9EB03039A4202DC09B0BDE884
:10A7C000F08F129B039A03EB222C5FEA2C210AD410
:10A7D000029B994207DA139B049A03EB222003128F
:10A7E00001D49D420FDC4FF0000389F80030049B38
:10A7F000159A13440493039A149B1A4409F101090E
:10A8000002340392D4E71CF0800F5FFA8CF80CBF7F
:10A81000C8F17F08A8F180084FEA410AC2B2059F3B
:10A8200003FB06AA07BF4FEA48084FF0FF3E4FEA76
:10A8300048084FF0010E00060598504437F80AA06A
:10A84000079FA4F800A057BFC2F17F02803A5200D0
:10A850004FF0FF3C44BF52004FF0010C002F6BD073
:10A860000EEB010ABAF1FF3F57D0029FBA4563DAF7
:10A870000CEB030ABAF1FF3F5ED0AA455CDA06FB97
:10A880000CFB069F30F81EA030F80B00002F40D0C4
:10A89000019F03FB0711009B07FB0CFC03EB010B63
:10A8A0005B5C89F800301BF80CC01BF80E10634588
:10A8B0001FBFC2F5807E02FB0CFC03FB0ECCCCF369
:10A8C000072C8B421FBF08FB01F1C8F5807E03FBFC
:10A8D0000E11C1F307218C444FEA6C0389F8003054
:10A8E000002B84D02188814202D150453FF47FAFB4
:10A8F00002F0FE02E4F744FA2188834608F0FE02E3
:10A900005046E4F73DFA7F225946E4F739FA2080B1
:10A910006DE7FF2389F80030E4E7069A8AB3019ACD
:10A920005343009AD05CC8F1FF0800FB08F84FEAD7
:10A93000282889F800805AE70698C0B1DDE90007A9
:10A9400003FB0700405CA1B9BEF1FF3FEBD00299C9
:10A950000129E8D0BBB9BCF1FF3F01D0012D18D1CE
:10A96000C2F1FF024243121289F800203FE7FF20A4
:10A97000E9E7029F07F1FF3A8A45EBD1BEF1010FEB
:10A98000E7E7FF20CFE7691E994202D1BCF1010F32
:10A99000E5E789F800002AE72DE9F04FCA6A4E6A18
:10A9A000CC69D3B0B2421346A8BF33460290A3424B
:10A9B000D4BF07930794886A0B6B83421F460D46EA
:10A9C000A8BF0746096A8F42D4BF08970891B242D0
:10A9D000B8BF3246A242ACBF099209948342B8BFC5
:10A9E00003468B42ACBF0A930A91029B0DF12C08DF
:10A9F00003F1380207A9404601F019FB002800F0D6
:10AA0000CD80E869696A884205F11C0305F1240BD1
:10AA100005F12C0A04AC17AE19AF0DF16C0940F02A
:10AA2000C0801946204601F06AFE94E8030086E8DB
:10AA300003005946204601F062FE94E8030087E8CF
:10AA400003005146204601F05AFE94E8030089E8CD
:10AA50000300189A1A9B9A4203DD3946304601F0EA
:10AA60005BFE17AE96E8C00C1C9CAAEB0603E41B29
:10AA70005C431B9BABEB07029B1B02FB13440021B7
:10AA800010220FA809F06AFA0DF1A009E30FCDE931
:10AA900000B33A46534631464846E443DFF7E0FA0E
:10AAA000E40F1C9B019436AEDDE91712304600938B
:10AAB0001B9BDFF7D5FA1A9A1C9B19999A4206BF7D
:10AAC0000223CDE90023CDE9003444A81B9BDFF726
:10AAD000C7FA44AB4046CDE90F96119301F005FE4D
:10AAE0008246E4F78FFF074698E80F0013AC84E82E
:10AAF0000F0095F83630AA8E8DF88B304FF0000B92
:10AB000095F83730169107A8ADF889208DF8883070
:10AB100095F8439023971D942594CDF898B08DF81F
:10AB20009CB0CDF878B001F0E0FD064607A801F032
:10AB3000E1FD3146024605F13800FEF76DFA09F0F5
:10AB40000F090646002800F08980B9F1020F40F095
:10AB50008780079AD8F8003021949B1A026803EB8B
:10AB600043010A441E9244681C440F238DF8803030
:10AB7000D8F804B0D8F80C305B4573DA3846E4F7FF
:10AB80005BFF44A8FFF7C5FB28A8FFF7C2FB36A868
:10AB9000FFF7BFFB16B13046FEF77AFA53B0BDE8B7
:10ABA000F08FEA6A904211D11946204601F0A7FDC4
:10ABB00094E8030086E803005146204601F09FFD1B
:10ABC00094E8030087E8030059463BE7914213D11C
:10ABD00059462046039301F092FD94E8030086E86D
:10ABE00003005146204601F08AFD94E80300039BD0
:10ABF00087E80300194625E71946204601F07FFD46
:10AC000094E8030086E803005946204601F077FDEA
:10AC100094E8030087E803005146204601F06FFDE9
:10AC200094E80300189A1A9B9A4289E8030003DD0E
:10AC30003946304601F070FD189A1C9B9A4203DD9C
:10AC40004946304601F068FD1A9A1C9B9A42BFF6AD
:10AC500000AF4946384601F05FFDFAE6044687E753
:10AC60005C4685E75246FF213846CDF850B0CDF816
:10AC700058B003F0E8FCCDF800A0D8F800205B46FF
:10AC800039460FA8FFF729FBB9F1010F8DF89000A5
:10AC90001ED1089B3168ABEB030303EB430288181A
:10ACA0008A5AADF8892082788DF88B207268D35C3F
:10ACB00095F837208DF88830FC2A04D813FB02F36E
:10ACC0001B128DF8883002981DA9DEF721F91CE0CF
:10ACD000B9F1020FF7D1002CF5D002280DD123973E
:10ACE00000235345EFDAE15CFC299FBFFA5C12FBBD
:10ACF00001F21212FA540133F3E7012803D123942D
:10AD00008DF89090DFE70028DDD10BF1010B31E7E2
:10AD1000820770B504D503885BBA20F8023B01397D
:10AD20004A0803461546072D03F1200313D80B09E3
:10AD30006FF0070500EB431405FB032204EB8202CE
:10AD4000944262D1CB0705D5013930F811305BBA96
:10AD500020F8113070BD53F8204C260A240206F06A
:10AD6000FF1604F0FF24344343F8204C53F81C4CE6
:10AD7000260A240206F0FF1604F0FF24344343F8A9
:10AD80001C4C53F8184C260A240206F0FF1604F057
:10AD9000FF24344343F8184C53F8144C260A240279
:10ADA00006F0FF1604F0FF24344343F8144C53F824
:10ADB000104C260A240206F0FF1604F0FF24344348
:10ADC00043F8104C53F80C4C260A240206F0FF16E8
:10ADD00004F0FF24344343F80C4C53F8084C260A83
:10ADE000240206F0FF1604F0FF24344343F8084C15
:10ADF00053F8044C260A240206F0FF1604F0FF2440
:10AE0000344343F8044C083D8DE723681D0A1B02B8
:10AE100005F0FF1503F0FF232B4344F8043B8FE7B5
:10AE200038B5437C0268C3F340056FF34103044621
:10AE3000437453689847637C65F34103637438BD7A
:10AE400038B50268137D13F0080304460DD0437C27
:10AE5000C3F3400543F0020343745368002198474D
:10AE6000637C65F34103637438BD1846FCE7C3692E
:10AE7000014623B1006810B1836803B118477047D9
:10AE80002DE9F8460D460646914600212022284627
:10AE90009A4603F0D8FB3746002487B924B3237DB4
:10AEA000266813F0040F0CBF534600234A46294678
:10AEB0002046B04727462F600120BDE8F8863B7D3D
:10AEC000D7F800C013F0040F0CBF534600234A46C6
:10AED00029463846E04728B16B7CDB07EBD5002CD0
:10AEE00008BF3C46FF69D8E7F368EC8103EBD373F6
:10AEF000C3F34F03EB800233AB802C60F3682B81EC
:10AF00002B8A6C8123F4FF7323F0010343F48073D5
:10AF100043F00103AC812B822046CEE710B51F29F8
:10AF200088B013462BD940F21C62914227D0A1F57C
:10AF30008A521F3A012A22D9A1F5C0520B3A032A9C
:10AF40001DD9A1F50054A4F10B02042A17D9283CFD
:10AF5000072C14D9A1F501521F3A102A0FD94FF628
:10AF6000FF6291420BD04FF6FF02914207D00A4692
:10AF70006946FFF785FFBDF8040008B010BD00204A
:10AF8000FBE7C0687047007DC0F3C00070470368EE
:10AF90000A78934209BF4B78981A4068C01A7047E4
:10AFA00003680A88934209BF4B88981A4068C01A00
:10AFB000704700880B88C01A704730B1036823B10E
:10AFC0000022C3E91622C3F8D820704720B1C37A03
:10AFD000017043F00203C372704700B141607047D3
:10AFE00000B18161704700B10078704700B1007A0C
:10AFF000704708B1D0F8B800704700B1C069704719
:10B0000000B1C161704700B18069704710B9086034
:10B0100048607047037803F0FD03012B02D04FF026
:10B02000FF30F4E7036B0B60406BF1E750B103783E
:10B0300003F0FD03012B04D190F8A80000F00F00ED
:10B0400070470020704738B1037803F0FD03012BEF
:10B0500001D1006F7047002070470023C1E9003321
:10B0600040B1037803F0FD03012B01BF836C0B603B
:10B07000C36C4B60704718B1C37A43F00803C372C6
:10B080007047F0B50D4687B001210446F2F7B0FADB
:10B0900010B1002007B0F0BD95E803006E4686E8C9
:10B0A0000300022231462046F3F7B8FD3146204620
:10B0B000F3F771FF04F1140307460FCB02AD85E8E7
:10B0C0000F004FF480112046F2F792FA38B1204673
:10B0D000F3F755FA02460146284600F08EFF00229B
:10B0E0003146284600F0DFFF18B9002FD1D02046A6
:10B0F000D0E72046F5F7C8FB451E002DF5DBA36819
:10B100001B68314653F82500FFF7BBFF0028C1D16B
:10B11000013DF2E770B588B004460E4615460021A1
:10B120001C2201A803F08FFACDE90144C0340122AA
:10B1300001A920460396059501F09DFD012804D143
:10B14000002201A9204601F096FD08B070BDC0683C
:10B15000E0F7DABC2DE9F34105469DF8208016465C
:10B160001F460C4621B90024204602B0BDE8F081FC
:10B170002021F2F73DFA50B9002C02DC002FF3DA5F
:10B18000F1E7002EEFDBB442A8BF3446ECE7B8F19C
:10B19000030F28460DD1F4F763F868B93743E3D5B8
:10B1A000002CB4BF023C0234002CB8BF0334A410FE
:10B1B000DAE7F4F75CF8F0E70DF107030DF10602AA
:10B1C00041462846E1F7C4F99DF80630002BE7D048
:10B1D0009DF80730002BC7D1E2E7A0B103290AD0C0
:10B1E0000C290FD1436E90F8252064210020C2F174
:10B1F000640213B97047036EF5E71844534393FB99
:10B20000F1F3F6E7002070472DE9F04F036D826CF3
:10B2100090F82460846E13448FB04FF0000BC26C22
:10B220000365436DCDF808B0CDE903BB1344054673
:10B230004365002C00F079810023CDE90A334FF4F7
:10B240008077A046BA467022002140460593F4F765
:10B250008FFD059B0C90184483B205936E2203B2B8
:10B26000002140460693F4F783FD6F2281460C903F
:10B2700000214046F4F77CFDB9F1010FB8BF4FF053
:10B28000010901280C90B8BF0120784307124046FD
:10B29000F5F7C4FA0AFB09F9069B4FEA292A80460A
:10B2A0000028D0D1D5E91401BAF1000F08BF4FF042
:10B2B000010A0CAA002F82E8030008BF01272BB95E
:10B2C000BAF5807F02D1B7F5807F0FD0059B594238
:10B2D000002301930AAB4FF48032009309B292FB32
:10B2E000F7F30CA892FBFAF201F0F1F90C9B83EA58
:10B2F000E372A2EBE3720D9B002BB8BF5B429A4254
:10B300004FF01001049B2046CCBF01234FF0010BEE
:10B310000493F2F76DF9C0B94FF480712046F2F74B
:10B3200067F918B9049B002B40F0FF804FF40071BF
:10B330002046F2F75DF918B9BBF1000F40F0F58037
:10B340002046F5F76BFA044673E72046F3F780FFD3
:10B3500010F0010F049B08BF002310F0020F0693AA
:10B36000049B08BF002310F0040F14BFD9464FF010
:10B37000000910F0080F204614BF5F460027059310
:10B38000F3F76EFFC8B92046DAF70EFA8246204678
:10B39000DAF762FA80462046F3F769FF30BB2046B1
:10B3A000F3F776FF07902046DAF7B2F9079A002AFA
:10B3B00003462CDC00282ADC42E00DF127030DF1C6
:10B3C000260203212046E1F7C3F89DF82630002B22
:10B3D0009DF827300CBF4FF0FF3A4FF0010A002BC9
:10B3E0000CBF4FF0FF384FF00108D4E70DF12703F1
:10B3F0000DF126020C212046E1F7AAF89DF826203F
:10B400009DF82730C2B1ABB94FF0FF330122B9F13B
:10B41000000F02D00D99B1422BDA8FB10D98714215
:10B4200088420299D8BF214602910399D8BF0C21C6
:10B43000039105E00123E9E7BBB94FF0FF331A465A
:10B44000BAF1000F18DCB8F1000F15DC002A45DC5A
:10B45000002B39DCB8F1000F7FF75EAF059B002BA6
:10B460003FF45AAF0027B9469BE001234FF0FF326B
:10B47000CDE702940C21DBE7069911B10C99B1429A
:10B480001CDA059951B10C98714288420299D8BFD3
:10B49000214602910399D8BF03210391002A2BDC96
:10B4A000002B0EDCBAF1000FD4DDB8F1000F6DDC1B
:10B4B000069B002B3FF430AF002764E00294032189
:10B4C000EBE7BAF1000F58DCB8F1000F6FDC002F8A
:10B4D0003FF422AF0D9A73429A423EE0002B42DCC9
:10B4E000B8F1000F33DD059B002B5ED1B9F1000FE1
:10B4F0003FF412AF059F3CE0002B31DCBAF1000FA6
:10B50000EEDD0027B8F1000F43DC069B73B30C9B04
:10B510009E422BDC049B002B95F8A8300CBF0C221C
:10B52000032262F3030385F8A830029B5BB195F810
:10B53000A830039A62F3030385F8A830029B2B67B7
:10B540000023C5E9143302980FB0BDE8F08FB9F1BC
:10B55000000F3FF4E1AE0D9B9E423FF7DDAED9E711
:10B56000BAF1000FCEDCB8F1000F17DCB9F1000F13
:10B57000ADD00D9BB342AADBCCE7B8F1000F06DCDF
:10B58000069B002BA3D04FF00009C0E700274FF027
:10B590000009069B13B10C9BB342BBDA059B002B41
:10B5A000E4D00C9A73429A42B3E70027F9E7059B6F
:10B5B000002B8CD00C9A73429342DCE770B5012BC0
:10B5C000DDE9044502DCC61E012E07D90138042836
:10B5D0002BD8DFE800F00C03221B130000232B60A4
:10B5E0008A1A236802EBD27203EB620304E00023A1
:10B5F0002B6023688A1A1344236006E0012B04DDC4
:10B600008A1A013B92FBF3F22A6070BD8A1A92FB00
:10B61000F3F22B681A442A60E3E70133891A91FB9D
:10B62000F3F1296023680B44E6E700232B60ECE785
:10B63000136851B1013B002B136001DA0020704701
:10B640008268126852F823007047013313608268E1
:10B65000118E8B42F5DBF1E707B51822F4F788FB72
:10B6600003B05DF804FB07B51922F4F781FB03B0C2
:10B670005DF804FB07B51A22F4F77AFB03B05DF816
:10B6800004FB07B51B22F4F773FB03B05DF804FB62
:10B6900038B500210546FFF7DFFF04462846F3F7DB
:10B6A000EEF9002104442846FFF7DDFF204438BDB1
:10B6B00038B500210546FFF7DDFF04462846F3F7BD
:10B6C000DBF9002104442846FFF7DBFF204438BDA6
:10B6D00010B500220446F5F767F820460022BDE8C1
:10B6E00010400121F5F752B870B504461646002205
:10B6F0001D46F5F760F8314620460022F5F762F85E
:10B70000294620460022F5F764F820460022BDE8CD
:10B7100070400121F5F73AB810B500220446F5F75C
:10B720005FF82046F5F77AF8BDE81040F3F732B934
:10B730002DE9F041089C0546DDE9066718469DF8AD
:10B74000243011B10022226022E0A2F1040C5FFA41
:10B750008CFCBCF1020F03D8012E084608BF012261
:10B76000BC4607EB86080021E0450AD1091A4FF0D4
:10B77000000C062A0CD8DFE802F0092B310B413A05
:10B7800033005CF804EB86447144EDE7C4F800C074
:10B79000A6464FF0000C06F1FF38E04534D806F11C
:10B7A0008042013A54F8220057F8222010442268BF
:10B7B000801A5BB1043C002254F8043F57F8221071
:10B7C000EB1A01325B1A96422360F5D1BDE8F08195
:10B7D000691A01EBD17149102160D9E7691AFBE7B9
:10B7E000691A701EC4F800C091FBF0F0D0E7691A26
:10B7F00091FBF6F000EBD0725210A4E7691A701CAE
:10B8000091FBF0F02060C3E757F82C10DEF8002021
:10B810000A4402444EF8042F0CF1010CBDE72DE957
:10B82000F041069F044615461E460FB100233B60BB
:10B830000022204601F0BCFB38B93B46324629467F
:10B840002046BDE8F04101F0DCBABDE8F08138B532
:10B85000846C0546B4B1206820B101F0B1FA2068CB
:10B86000E4F7EAF8E06908B1F5F7E7FC206A08B107
:10B87000F5F7E3FC6068E4F7DFF82046E4F7DCF86E
:10B880000023AB6438BD38B58D6C0C462DB1286CE7
:10B8900018B1F5F7D2FC00232B642046BDE83840F0
:10B8A000FFF7D5BF10B50446806C20B94420E4F7FB
:10B8B000B1F800B1A06410BD70B503681B6A0546FD
:10B8C0000E469847044678B12B6832465B690146BC
:10B8D000284698472046AD6900F09DF83146A847B4
:10B8E000204600F0B0F8012070BD2DE9F04103685A
:10B8F00015465F6A1346002204460E46B8470128E3
:10B900000FD10020BDE8F08129462046FFF7D4FF83
:10B910000028F6D0236800225F6A31462B46204675
:10B92000B8470228F0D023682A46314620461B69D2
:10B93000BDE8F041184782B02DE9F04106AE05465A
:10B9400046F8043F03688846174698470023C0E935
:10B950000058C360876000F11003044696E80700B2
:10B9600083E8070020466B689847054618B92046CB
:10B97000E4F762F82C462046BDE8F04102B070477B
:10B9800010B5C46814B90024204610BD0368DB68F4
:10B99000984704460028F6D000F040F8F4E770B568
:10B9A0000C46064611462046154600F03DF8204656
:10B9B00000F02DF870B9204600F02BF850B1204669
:10B9C000B66900F028F82946B0472046BDE8704027
:10B9D00000F039B870BD10B5836813B90024204653
:10B9E00010BDFFF782FF04460028F7D000F016F8DC
:10B9F000F5E78068003818BF0120704700B1016288
:10BA000070474368013B23EAE37343607047406833
:10BA10007047007B70478368C01A704743680133E2
:10BA200043608368C01A704743680BB1FFF7E9BFF2
:10BA300070470844704710307047002301608260EF
:10BA40004360037370478368C01AE3F7F5BF10B112
:10BA50000368DB691847704738B51446054698B146
:10BA600049B98368EA6814446018984294BF00207A
:10BA70000120400038BDC36B08469847AB6883423D
:10BA80000146EFD20120F5E70320F3E701207047DC
:10BA90000068704770B50D46096804461646303098
:10BAA00079B901F0D8FB286050B1036860681D695E
:10BAB000FFF7C1FF29460246304602F0F4FC0120A0
:10BAC00070BD01F0CEFBEEE7F8B500F13007064699
:10BAD000384601F0C3FB044610B905462846F8BDB8
:10BAE000236871681869FFF7A4FF0546FFF78FFF09
:10BAF0000028F3D02146384601F0B7FBEBE72DE9EB
:10BB0000F0410D46044618B900263046BDE8F081E4
:10BB10000029F9D000F13007384601F09CFBD0B97C
:10BB2000294604F1240001F0A4FD05460028EBD0CD
:10BB3000E26A03691344384653F8046C01F08BFB46
:10BB400031460246384601F09FFB61682869BDE82E
:10BB5000F041FFF76EBF03686168D3F8108040467C
:10BB6000FFF767FF236906462946404698470028A5
:10BB7000D6D1CAE72DE9F0410F46054670B100F174
:10BB80003006304601F067FB044648B905F1240051
:10BB900001F063FE304601F0AAFBEC60BDE8F081E5
:10BBA00023686968D3F810804046FFF742FFFFF72B
:10BBB0002EFF18B9AB6939464046984721463046B2
:10BBC00001F04FFBE0E72DE9F0419046044668B3F1
:10BBD00061B300F12407384601F04BFD054628B358
:10BBE0000669A369414630469847E36B304698475B
:10BBF000E36861681B1AE3603046FFF71AFFE26AE8
:10BC00002B691344294653F8048C0646384601F044
:10BC1000D2FD3046FFF717FF04F13000414601F036
:10BC2000DAFA4046BDE8F041E3F706BFBDE8F0812F
:10BC3000F8B5044610B309B30846FFF7ECFE04F16B
:10BC4000240701460546384601F013FD0146A8B118
:10BC5000E26A03691344384653F8046C01F0ABFD03
:10BC6000314604F1300001F0B6FA3046E3F7E4FE65
:10BC7000E36B28469847E3681B1AE360F8BD2DE99B
:10BC8000F3410D46044620B90026304602B0BDE817
:10BC9000F0810029F8D000F12408404601F0FFFCB3
:10BCA0000090B0B1066961683046FFF7C2FE626875
:10BCB00029460746304602F0F6FB04F1300001F059
:10BCC0002AFA0646019098B90099404601F0B9FD5C
:10BCD0000096009B002BD7D061681869FFF7A9FE7A
:10BCE000E36B064628469847E3680344E360CCE7E5
:10BCF0006946042202F0D7FB009BE06A1B6904221C
:10BD000004380DEB0201184402F0CDFB62682146B5
:10BD10003846FFF792FEDCE710B54020E3F772FEED
:10BD2000044618B14022002102F08DFC204610BDCF
:10BD300008B502460B46127A1B7A406849689A4257
:10BD40000ED1012A08D102F0EEFC002801D100201A
:10BD500008BD06DD0120FBE7002AF8D18842F6D0B5
:10BD6000F8D84FF0FF30F3E738B5C5680446102126
:10BD70002846F5F738FB10B12846F5F75EFA237A26
:10BD8000012B04D16068BDE83840E3F755BE38BDEB
:10BD900008B502460B4612791B79006809689A4279
:10BDA0000ED1012A08D102F0BEFC002801D10020EA
:10BDB00008BD06DD0120FBE7002AF8D18842F6D055
:10BDC000F8D84FF0FF30F3E70379012B02D1006878
:10BDD000E3F732BE704713B54FF480630093044617
:10BDE0000023026B406B194601F07DFB626AE36A37
:10BDF0009B1A584302EBA02002B010BDF7B51F46B6
:10BE00004FF480630093002304460D4616461946FE
:10BE1000026B406B01F067FB089B009332463B4688
:10BE2000294601F067FA626AE36A9B1A584302EBFB
:10BE3000A02003B0F0BD30B542F2107542F2F674A6
:10BE4000A84294BF034623460533A94294BF08463F
:10BE50002046AA4298BF14460A22B3FBF2F303F12C
:10BE600000430530B0FBF2F003EB80230534B4FB54
:10BE7000F2F003EB005030BD07B54FF480630022B1
:10BE80000093114640F25123FFF7B8FF03B05DF86D
:10BE900004FBD0E90C329A42ACBFC06A406A7047DA
:10BEA00007B5B0F94E300093B0F94C30B0F94A20E4
:10BEB000B0F94810FFF7A2FF03B05DF804FB016082
:10BEC0007047416070470163704749424163704762
:10BED0004FF00043C0E90A32416270470162704787
:10BEE000C16070470161704741617047C16370472D
:10BEF00081637047416470470164704790F85C301B
:10BF000061F3041380F85C307047C1617047A0F89A
:10BF10004C30BDF90030A0F84810A0F84A20A0F835
:10BF20004E307047002817DA891A0029B8BF4942F5
:10BF3000642359430A22C0F30903B1FBF3F1C0F3B0
:10BF4000095353439942C0F3892002FB00F028BFF4
:10BF50001946884238BF0846704770B5456AC66AB8
:10BF600004463246006B2946FFF7DCFF3246206369
:10BF70002946E06BFFF7D6FF3246E0632946A06B07
:10BF8000FFF7D0FF3246A0632946206CFFF7CAFFB7
:10BF9000206470BD30B50568836840680A685B1B23
:10BFA00003EBD37300EB630005EB63055C104B6898
:10BFB0001B1A521B5B43644302FB0232944234BFA0
:10BFC0000020012030BD8360009BC360C0E90012E7
:10BFD0007047036819440139816070474368194408
:10BFE0000139C1607047836802689A1AC368406863
:10BFF000181A013002FB0000704703685B1A0360E7
:10C0000083680B44836043689B1A4360C36813448E
:10C01000C360704703680B44036083680B4483600C
:10C02000436813444360C3681344C360704770B5EA
:10C0300015680B689D42B8BF1D4605604C68536883
:10C04000A342B8BF2346436094688E68B442A8BF39
:10C0500034468460D268C9688A42A8BF0A46A542AD
:10C06000C26004DC9342CCBF0020012070BD0020E0
:10C07000FCE710B50B6814689C42D4BF04600360F1
:10C0800054684B689C42D4BF4460436094688B689A
:10C090009C42ACBF84608360D268CB689A42ACBFDC
:10C0A000C260C36010BD2DE9F04F0C680568AC425A
:10C0B00085B00E4660DBD0F8088044455CDC4C68F7
:10C0C0004768BC4258DBD0F80C904C4554DC002A41
:10C0D00003DC012005B0BDE8F08FA8EB0504A9EB57
:10C0E000070001340130641040108442A8BF0446A8
:10C0F0009442A8BF144600950022254407EB040A89
:10C100006846CDE90175CDF80CA0FFF7CCFF0246DB
:10C1100030B12C44029431466846FFF73BFFD9E723
:10C12000A9EB040B31466846CDF804B0CDF80C906D
:10C13000FFF7B9FF024628B125440295ABEB040492
:10C140000194E8E7A8EB0405314668460095CDF870
:10C150000880FFF7A8FF024610B12D1B0095EDE700
:10C16000314668460197CDF80CA0FFF79CFF0028E8
:10C17000AFD02D1B0095CEE70020ABE702688B689F
:10C180009A420EDC82680B689A420ADB4268CB68EE
:10C190009A4206DCC0684B689842B4BF0020012078
:10C1A0007047002070472DE9F34107680B689F42F4
:10C1B0000C46154603DA002002B0BDE8F081436862
:10C1C00049688B42F7DB8668A1688E42F3DCD0F8C1
:10C1D0000C80E1688845EEDCFAB169462046CDE97D
:10C1E0000073FFF760FF0028E5D02A466946204625
:10C1F0000096FFF758FF0028DDD02A466946204602
:10C20000CDE90078FFF74FFF0028D4D02A466946D1
:10C2100020460096FFF747FFCEE70120CCE72DE947
:10C22000F0410C460546114620461646FFF7A6FF8C
:10C23000002875D000222046FFF7B5FF002872D1F4
:10C2400067687368D4F808C0D4F800E0E168BB42BE
:10C25000ACEB0E02A1EB070106DDC5E900E7013BEF
:10C26000C5F808C0EB600120F3686768DF1BC91BD5
:10C27000002914DDE768BB4211DA4FEA001827688D
:10C28000D4F808E045F8087000F1010C05EB001047
:10C290005F1C0B44C0E9017EC3604FFA8CF06168FB
:10C2A0007368E7689942B8BF1946F3689F42A8BF10
:10C2B0001F468C463368A7EB010E21688B421ADDBE
:10C2C000BEF1000F15DB4FEA001800F1010E013B33
:10C2D00005EB001045F80810C0E90237C0F804C0AB
:10C2E000B3682168591A521A4FFA8EFE002A704616
:10C2F00009DCBDE8F081B368591A521A002AF8DD4A
:10C30000BEF1000FF5DB411C040105EB00105E1CC3
:10C3100013442E51C0E90237C0F804C048B2E8E720
:10C320004FF0FF30E5E70020E3E72DE9F3418668B1
:10C330000B689E420C46154634DBD0F80C804B68E7
:10C3400098452FDB07688B689F422BDC4368C968E0
:10C350008B4227DC1AB9002002B0BDE8F0816946A3
:10C360002046CDE90073FFF79EFE0028F3D12A4650
:10C37000694620460096FFF796FE0028EBD12A4634
:10C3800069462046CDE90078FFF78DFE0028E2D10E
:10C390002A46694620460096FFF785FE80F0010098
:10C3A000C0B2D9E70120D7E72DE9F74FD1F80090C7
:10C3B000D1F80C80D1F804A001938B68A8EB0A0493
:10C3C000A3EB090E023AD0E900650EF1010C671CDF
:10C3D000132A00F2B180DFE802F01F3B40455358BA
:10C3E000630A686C7A8387959A9DA0A3A7AB83683C
:10C3F0009B1B013303EBD3720CEBDC735B10C3EBC1
:10C400006203C268521B013207EBD77402EBD2728F
:10C410006410C4EB62040AE083689B1B013303EBE6
:10C42000D3720CEBDC735B10C3EB62030024019A44
:10C43000334413440C9A0B602C4414444C60634402
:10C440003C44013B013C8B60CC6003B0BDE8F08F05
:10C4500083689B1BA3EB0E03E8E7C3685B1B1C1BF5
:10C460000023E4E783689B1B013303EBD3720CEBDF
:10C47000DC735B10C3EB6203C268521B141BD6E76C
:10C4800083689B1BA3EB0E03F6E7C3685B1B0133BA
:10C4900007EBD77403EBD3736410C4EB6304DFE7DB
:10C4A00083689B1BA3EB0E03ABE76FEA08045444BD
:10C4B000D6E783689B1B013303EBD3720CEBDC7371
:10C4C0005B106FEA0804C3EB62035444AFE7836870
:10C4D0006FEA08089B1BA3EB0E0308EB0A04A6E710
:10C4E000C468641B0134BBE783689B1B013303EB07
:10C4F000D3720CEBDC735B10C3EB6203C468641B88
:10C50000013494E783689B1BA3EB0E03F6E7DB4340
:10C510004B448BE7DB434B4473E7DB434B44ABE7D4
:10C5200083689B1B013381E783689B1B013368E7AA
:10C5300083689B1B01339FE70024234677E72DE99F
:10C54000F04F85B08B469DF8401002919946074602
:10C55000DDE90E3812B9B9F5807F09D03E463C4678
:10C5600000255D4504F1080408D18ABB14462AE081
:10C57000B3F5807FF2D105B0BDE8F08FD8F80000A8
:10C5800054F8081C091A44F8081CD8F8040054F898
:10C59000041C091A44F8041C0135E2E756F8082C7B
:10C5A00002FB09F1D8F8002002EB212246F8082C02
:10C5B00056F8042C02FB03F1D8F8042002EB2122E8
:10C5C00046F8042C01345C4506F10806E6D1D2E7B2
:10C5D000B2F5616F52DDA2F561626FF009000A21C8
:10C5E00092FBF1FA00FB0A240FFA8AF00E93E2F7AD
:10C5F00037FC0AF10105019028B2E2F731FC05464B
:10C600000AF15A0000B2E2F72BFC03900AF15B003A
:10C6100000B2E2F725FC019B039AC4F10A0C6543C2
:10C6200003FB0C5544430E9B0A2102FB0C4495FB73
:10C63000F1F594FBF1F46D116411002058459AD086
:10C64000B9F5807F57F830A07168D8F800C01AD1CA
:10C65000B3F5807F17D10AFB04FE01FB15EE0CEB4E
:10C66000AE2C47F830C06143D8F804200AFB05110E
:10C6700002EBA122726001300836DFE7002AB8BF62
:10C6800002F56162A9E7029A92B10AFB09F25943E5
:10C6900002FB04FE01FB15EE0CEBAE4C614347F8C8
:10C6A00030C002FB0511D8F8042002EBA142E1E7FB
:10C6B0000AFB04FE01FB15EE09FB0EFE61430CEBC9
:10C6C000AE4C0AFB051147F830C05943EBE71FB5E4
:10C6D0009DF81C400294069CCDE9003413460A469E
:10C6E0000121FFF72CFF04B010BD83680068181A01
:10C6F00001307047C3684068181A01307047D1E9AB
:10C700000012C0E900127047D1E90012C0E900121E
:10C710007047C0E90012704730B50246D0E90054B6
:10C720000B46D1E9000182E80300C3E9005430BDA3
:10C7300000F0C043B3F1005F12D120F0C0436FF0AE
:10C74000604293420CD0B3F1805FA2BFC3F17F631C
:10C7500003F57F2303F6FF734B43642093FBF0F054
:10C760007047002310B5C0E901310446C26002FBE6
:10C7700001F0E3F747F901232060237410BD10B5E1
:10C780000446006828B1237C0BB1E3F755F9002378
:10C7900023600023C4E9013310BD70B5067C044654
:10C7A0000D4616B90026304670BDC1680068694361
:10C7B000E3F74CF90028F5D063682060AB42A56030
:10C7C00088BF6560EFE738B50D46D0E9011399429F
:10C7D000044609D0D4E90003E26803FB02004DB926
:10C7E000294601F030FF08E00431FFF7D6FF0028AA
:10C7F000F0D138BD294601F056FE6368013363600D
:10C800000120F6E743688B4283BFC368006803FBDF
:10C8100001000020704770B5C468D4E90056E2F703
:10C82000B1FD2046E3F708F930462B46BDE87040DD
:10C8300018471FB502460023C0B2C2F3072460F3B5
:10C84000070364F30F23C2F3074262F3174361F354
:10C850001F63184604B010BD030A420902F4FC62CB
:10C8600003F478431343C0F3C400184482B080B289
:10C8700002B0704700F47F020346C0B200F17F406F
:10C88000104403F47F4382B0184402B0704708B5E7
:10C89000E2F760FA0730C0F3C70008BD00F47F0379
:10C8A00082B013FA80F002B0704707B5FFF7F6FFC9
:10C8B00002460846FFF7F2FF131A5842584103B0E8
:10C8C0005DF804FB431A584282B0584102B07047E9
:10C8D0000346DAB2002062F30700C3F3072262F3D3
:10C8E0000F20C3F3074382B063F3174002B07047D1
:10C8F000002362F3070361F30F2360F3174382B051
:10C90000184602B0704713B50446002062F30700D2
:10C9100061F30F2064F3174063F31F6002B010BD92
:10C920004FF6FF73DAB2002062F307001B0A63F3CD
:10C930000F2082B040F47F0002B0704782B0002028
:10C9400002B07047C178FF2912D011B9042201F05A
:10C950007ABE827812FB01F212128270427812FBC8
:10C9600001F212124270027812FB01F212120270EE
:10C970007047FF2910B40A461AD019B910BC022218
:10C9800001F061BE01880378C1F3451103F01F0374
:10C9900011FB02F113FB02F309121B1243EA4113CC
:10C9A0004178C90811FB02F1091243EAC121018053
:10C9B00010BC7047C0F30743C0F3072203EB8301A9
:10C9C00003EB410302EB8201C1EB011102EB4102D7
:10C9D000C3EBC303C0B21344C0EBC00003EB800041
:10C9E00082B0C0F3072002B07047C0F34512C0F315
:10C9F000C42302EBC20101EB011103EB830300F03E
:10CA00001F0002EB8102C3EBC313C0EBC000134451
:10CA100000EB40101844C0F307207047837803EB05
:10CA2000830203EB4203427802EB8201C1EB011166
:10CA300002EB4102C3EBC30313440278C2EBC20210
:10CA400003EB8200C0F307207047C0F30743C0F335
:10CA5000072203EB830103EB410302EB8201C1EBED
:10CA6000011102EB4102C3EBC303C0B21344C0EB9C
:10CA7000C00003EB800082B0C0F3072002B0704713
:10CA8000F0B5C2F1FF0C8646C1F30744C1F307239A
:10CA900007460CFB04F4C0F30740CEF3072E0CFB53
:10CAA00003F3154600FB02440EFB0233CAB2FFB289
:10CAB0000CFB02F207FB052248F28106803272432A
:10CAC00080337343C2F3C75280340020744362F34F
:10CAD0000700C3F3C75363F30F20C4F3C75485B0F3
:10CAE00064F3174005B0F0BDF0B585B0B0F17D4FEF
:10CAF0000091C5B2C0F3072CC0F307474FEA106698
:10CB00004FEA11611ED2022E9DF800E09DF801202F
:10CB10009DF8024021D9C6F1FF035C435A4303FB51
:10CB20000EF348F2810007FB064406FB0C2206FBCD
:10CB30000533444342434343C4F3C757C2F3C75C7E
:10CB4000C3F3C755002065F307006CF30F2067F3AC
:10CB5000174061F31F6005B0F0BD75469446274647
:10CB6000F0E7C0F30742034602EB4202C0B202EB19
:10CB70008002C3F30720104482B0C0F3C70002B0A4
:10CB800070471FB5B0F17D4F01904FEA10634FEA37
:10CB9000116201D2022A02D8019B039302E0022B08
:10CBA00013D803919DF80C30002063F307009DF823
:10CBB0000D3063F30F209DF80E3063F317409DF89E
:10CBC0000F3063F31F6004B010BDFF2A04D104B01E
:10CBD000BDE81040FFF788BFC3F1FF04C2F1FF02B8
:10CBE00054436FEA2424E4B2C3EB0323B3FBF4F30E
:10CBF0008DF807300198FFF777FF02908DF80B4012
:10CC0000029BCAE72DE9F0410026D0F804800446D3
:10CC10003546464505D1CDB92046BDE8F041FFF780
:10CC2000AEBD31462046FFF7EDFD294607462046BA
:10CC3000FFF7E8FD034638688268D20303D5E2F7C0
:10CC4000FBFE0136E5E718600135FAE72946204684
:10CC5000BDE8F041FFF7A1BD38B5037D13F0010534
:10CC6000044607D19B0705D5FFF7CCFF237D65F36D
:10CC70004103237538BD2DE9F0470D4686B0904637
:10CC80000446002839D00E7E16F0010650D18446A5
:10CC9000BCE80F0001AF0FC7DCF800303B60237D1C
:10CCA00003F0010A43F00103237589464E4521D064
:10CCB0002B7EDB071ED431462046FFF7A3FD01681B
:10CCC0000B680BB90136F1E78B68D803FAD4C3F3CC
:10CCD000C0324245F6D133F4004302D0AA689A42EA
:10CCE000F0D14B68EB600B68284698472B7E13F019
:10CCF000020704D0BAF1000F07D001270CE0DA07D1
:10CD0000E0D5BAF1000F04D006E02F7E17F001073E
:10CD100006D001A8FFF776FF384606B0BDE8F087D9
:10CD2000237D6AF3000323752046FFF795FFE4E7B0
:10CD30000027F1E7F7B504460C201D460F461646BE
:10CD4000E2F760FE01900760019BC3E9015663684A
:10CD500023B9042201212046FFF703FD01A9204643
:10CD6000FFF731FD019803B0F0BD70B54668044689
:10CD70000025B54204D12046BDE87040FFF76CBFE6
:10CD800029462046FFF73EFD237D026843F002035B
:10CD90002375936843F4803393600135E9E70068B5
:10CDA000704740687047806820F400407047006911
:10CDB0007047C0687047037E43F0020303767047F4
:10CDC00038B504464068C0B10369C3B121689847CB
:10CDD00063685A68054652B1A36843B1013203D073
:10CDE000D86808B1E2F728FEA068E2F725FE002324
:10CDF000C4E90033A360284638BD0B25FBE70925AD
:10CE0000F9E72DE9F04F044685B08B461546994663
:10CE100013B10023C9F800306068002800F0C48016
:10CE20004768466917B3002E00F0C080D0F81CA0F8
:10CE3000BAF1000F00F0BA80A26800230293D2E991
:10CE400000C19668D2F80C80664524D22168002380
:10CE50003246D047AF427DD2606802AB009346694C
:10CE600021682B465A46B047074653E0002E00F093
:10CE70009D8002AB0093029721682B465A46B0472B
:10CE80000746B9F1000F02D0029BC9F800303846BE
:10CE900005B0BDE8F08F8E42D8D88A1B0131561CF0
:10CEA000A1EB0C01891B7B1C414402D1B54202D984
:10CEB0001546AE420BD32A46584601F0F4FA0295C5
:10CEC000A268029993680B4493600027D9E7324621
:10CED000584601F0E8FAD4E901035A68D0F81CA0DA
:10CEE000216800230132D0470023A5EB060A0393F3
:10CEF000574503AB60680093B3440ED2476921687D
:10CF000053465A46B8470746039B1E44AE4294BF59
:10CF100002960295002FB4D1D2E7436921689C465E
:10CF200042463B466746B847A268536801331360E0
:10CF3000A168039A0B689245074602F1FF3003444B
:10CF400028BF92464B601FFA8AF24146584601F0CC
:10CF5000AAFAD9E7B8F1000F09D13846D4F8088009
:10CF6000E2F750FDC8F80C00A368D3F80C806068A5
:10CF70000023039303AB00932168D0F814A03B4631
:10CF80004246D047A3681E60A168039A0B68074613
:10CF9000501E0344AA424B6028BF2A4641465846C9
:10CFA000029201F080FAB5E70B2770E709276EE7D8
:10CFB00037B5044640681346002830D04268C5693A
:10CFC00022B10DB1026A52B909200EE0002DFBD04A
:10CFD0000A462168AC4603B0BDE830406047012BEB
:10CFE00008D0022B0BD013B1002003B030BDA368D2
:10CFF0009960F9E7A26893680B449360F4E70A46E6
:10D000002168A8470028F0D160682168036A01AA56
:10D0100098470028E9D1A368019A9A60E5E70B20B8
:10D02000E3E72DE9F041054690460E46002946D03B
:10D03000087878B14B783A2B14BF4F1C8F1CE1F75E
:10D04000E3FE044600283CD083682BB9E3684BB963
:10D05000092005E00F46F2E798470028F6D10120A5
:10D06000BDE8F0816C606368013309D0E368424633
:10D07000394620469847431E033302D90C20EFE778
:10D080002846286063680BB90020E9E71020E2F722
:10D09000C1FCA860636801330AD17368C360AA68E1
:10D0A00000231360AA689360AB68B2685A60EBE72C
:10D0B0004FF0FF330360AB686FF00102F6E70B201F
:10D0C000CEE70320CCE72DE9F04180461C200F4637
:10D0D00015461E46E2F79EFC044640B1C0E90087B3
:10D0E000C56086611DB12846E2F794FCA060204629
:10D0F000BDE8F08109B10368CA50704711B10368F7
:10D1000019444A6070470331002321F00301C0E94C
:10D1100001330160704738B5044600680830E2F713
:10D1200071FC054680B1014600222046FFF7E2FF70
:10D130006268FFF7E3FF616811B12A46FFF7DAFF83
:10D14000A368656003B9A560284638BDF8B50E46EA
:10D15000054668B161B14368994203D1BDE8F84022
:10D16000FFF7D9BF00680830E2F74CFC044610B95D
:10D1700000242046F8BD2B68F75802463946284659
:10D18000FFF7BCFF3A462146FFF7B4FF224631467F
:10D19000FFF7B0FF32462146FFF7B0FFE9E738B5A9
:10D1A000054600680830E2F72DFC044688B10146C8
:10D1B00000222846FFF7A2FF2146AA68FFF79AFF40
:10D1C000A96811B12246FFF799FF6B68AC6003B9FB
:10D1D0006C60204638BD38B50B4640B1D0E900142C
:10D1E000A3420AD10B445968416009B9816038BD36
:10D1F0000022BDE83840FFF77DBF85685C58AB4230
:10D2000009D184600CB94460F1E721460022BDE8F1
:10D210003840FFF773BF0B4421465D682A46FFF78D
:10D220006DFF22462946E4E7F8B50E46054608B1EB
:10D23000446804B9F8BD2B6823445F6846B92846A2
:10D240002146FFF7C8FF2046E2F7F6FB3C46F0E731
:10D250002046B047FAE700B14068704700B18068E7
:10D26000704703681944486870470368C858704796
:10D27000034640B14268002002B9704719680A4469
:10D2800001305268F8E77047914270B50C46154678
:10D290001BD0DAB10368D658A64216D02146FFF754
:10D2A0009AFF22463146FFF729FF32462146FFF713
:10D2B00021FF22462946FFF71DFF2A462146FFF798
:10D2C0001DFF05B9846006B9446070BD08B1866869
:10D2D000E2E70646E0E730B1436833B98068B0FA68
:10D2E00080F04009704701207047002070470021FE
:10D2F000FFF79ABF2DE9F74F0546002800F086801A
:10D30000B0F5806F00F082805E1A0C9B9B1A01EBD7
:10D31000410806EB460603EB430302EB4207DA1B28
:10D32000A6EB0809C6F58066009206FB00F209EB41
:10D33000A22C00FB0CFC08EBAC2C00FB0CFCC3F596
:10D340008063C0EBAC2C01930CF10103022B61D97B
:10D350004FEA490B04464FF0080A02EB42020BEB7E
:10D36000A222624308EBA222531C022B0FD94FEAE0
:10D37000EC718902D3174FEA8C2041EA9C51D2F715
:10D38000BFFE20B1BAF1010AA4EB000424D1002DA4
:10D3900042DBB5F5806F41DC2C464FF48061002202
:10D3A00004FB06F309EBA323634308EBA3236343C6
:10D3B0009812C5EBA3230133022B1DD98542CCBFA4
:10D3C000224621468C1A04EBD47402EB6404A24278
:10D3D00012D09142E4DC0FE004FB06F209EBA22C30
:10D3E00004FB0CFC08EBAC2C04FB0CFCC5EBAC2CDC
:10D3F0000CF10103022BB0D8019B009A634302EBAE
:10D40000A323634307EBA3276743BD12284603B05A
:10D41000BDE8F08F0446EFE70024EDE74FF48064A9
:10D42000EAE70028BABF4042012300230029BEBF1B
:10D4300049420233DBB22D22884289BF5143504317
:10D440001033B1FBF0F198BFB0FBF1F1CAB288BF65
:10D45000DBB2162A16D92C2A1FD8292A1FD8252A2A
:10D460001FD8202A8CBF03200420DA06084448BFB6
:10D47000C0F15A0003F001029B0717D59AB1B430EE
:10D4800080B27047012A08D9052A08D9092A08D983
:10D490000F2A34BF03200420E7E70020E5E701203E
:10D4A000E3E70220E1E7C0F1B400E9E7002AE7D0B2
:10D4B000C0F5B470E4E730B503460C460120002106
:10D4C00002B930BDD50741BF00FB04F503FB015590
:10D4D000A0FB0301491903FB04F5A3FB033452101D
:10D4E00004EB4504ECE710B58A4204461846029B5B
:10D4F00004DBA2420EDDA14204DB10BDA24209DA28
:10D50000A142FADD1B1A641A5C43521A94FBF2F42E
:10D510002044F2E71846F0E75A3000B2E1F7A0BC29
:10D520004B689A684A6002B111600A681A601AB9B9
:10D53000036099600B607047906888420CBF9360ED
:10D540005360F6E78B685A688A6002B111600A6816
:10D550001A601AB9036059600B60704750688842BE
:10D560000CBF53609360F6E738B50546144611B119
:10D570000B7B012B39D10B4629688B4234D0616873
:10D58000994235D1A1680B7B3BB901220A73284629
:10D5900021462373FFF7D6FFA168D1E9012312B119
:10D5A000107B012809D113B1187B012805D1002374
:10D5B0000B73236821461C46DAE713B11B7B012B52
:10D5C00007D10123137300230B732846FFF7A8FF2D
:10D5D000A168237B0B73012323738A682846137386
:10D5E0002146FFF7AFFF296809B101230B7338BD4E
:10D5F0000B7B3BB901220A73284621462373FFF7B0
:10D600008FFF61684B6813B11A7B012A11D18A68B8
:10D61000002ACCD0107B0128C9D013B11B7B012B71
:10D6200007D10123137300230B732846FFF78AFFEA
:10D630006168237B0B73012323734A6828461373A5
:10D640002146FFF76DFFCEE7F8B50E4614460546B6
:10D6500050B151B1002752B10C22394600F0F3FF0E
:10D66000C5E90076AC600120F8BD0846FCE710462D
:10D67000FAE770B50E46054610B90024204670BD85
:10D680000468002CF9D06B6821693046984700285F
:10D69000F4D0D4E90132A8BF13461C46F1E72DE9C6
:10D6A000F84F8946054688B1FFF7E3FF044670B995
:10D6B0001420E2F7AFF9044640B1A868E2F7AAF9EE
:10D6C0008046206130B92046E2F7B6F900242046B2
:10D6D000BDE8F88F0023C4E9013323732B6823B915
:10D6E0002C60236001232373F1E7C4F810902F68A6
:10D6F0003E46BEB9276026736B683969484698472D
:10D7000000281BDA7C6027464FF001094FF0000A21
:10D71000396809B10B7B9BB12B6801221A73C4F8DD
:10D720001080D4E76B68316920699847D6E90123F6
:10D73000374612EA200638BF1E46DAE7BC60E2E749
:10D740000E68736899421ED1B3684BB11A7B3AB91F
:10D7500001221A7381F80C9086F80CA03746D7E79F
:10D76000D1F808B0BB4504D12846FFF7EBFE0F46C1
:10D77000594681F80C90284686F80CA03146FFF7F0
:10D78000CFFE3E46EAE723B11A7B12B983F80C902C
:10D79000E0E7D1F804B05F4504D12846FFF7C0FEAA
:10D7A0000F46594681F80C90284686F80CA0314661
:10D7B000FFF7C8FEE5E770B50C46D1E901512268D4
:10D7C000002D28D019B30B4649680029FBD1D2B1EE
:10D7D0005168A1420CBF536093601A6899681E7B20
:10D7E000944212D001B10A605160A5689D602B601F
:10D7F00025681D60257B1D7365685D60012E2B60AB
:10D8000019D1B0B917E00360E7E71A46F0E7237BC8
:10D8100029460A6002E0237B0029FAD132B155681B
:10D82000A5420CBF51609160012BE9E7012B01601B
:10D8300001D1FFF799FE25692046E2F7FDF8284659
:10D8400070BD08B508B9002008BDFFF7B4FF002877
:10D85000F9D0E2F7F1F80120F6E770B5054610B10E
:10D8600004680CB92C6070BD26466468002CFBD19E
:10D87000B468002CF8D1346834B16368B3424FF017
:10D8800000030CBF6360A3603069E2F7D5F830464F
:10D89000E2F7D2F8E5E70C22002100F0D4BE10B583
:10D8A000037AFF2B044602D00068E2F7C5F8204651
:10D8B0000C22BDE81040002100F0C5BEF8B5037A87
:10D8C0000446581EC2B2FD2A0E4630D8276807EB20
:10D8D00083052A462B4412F8011BB14225D100EBE7
:10D8E0008000E2F78FF810B3237A2060013BDBB2AF
:10D8F00000222372013D114600EB830315F801CF8E
:10D90000B44508D057F822C040F821C095F800C0AF
:10D9100003F801C0013194F808C001329445EDD2FA
:10D920003846E2F789F80120F8BD9A42D3D10020A9
:10D93000FAE773B5037A0192FF2B04460D4638D0FF
:10D94000006828B103EB83015A1E0144561C29D1FB
:10D950000133D9B201EB8101E2F778F8064640B312
:10D96000217A206000EB81000A460146043006F06F
:10D97000DBFA237A0133DBB25A1E237202EB8303F4
:10D98000019AF554237A03F18043013BAD0846F830
:10D9900023201F2D636828BF1F250122AA4013439F
:10D9A000636006E011F8016DAE4204D1019B40F8BE
:10D9B000223002B070BD013AC8E770B5047A03683E
:10D9C000FF2C0ED003EB8405002084420ED80020EB
:10D9D0000BE0814203F1080303D163681360012067
:10D9E00003E018781C460028F3D170BD15F8016BD0
:10D9F000B14202D153F82030F0E70130E5E7007A78
:10DA0000B0FA80F04009704782B00A46012102B0A6
:10DA1000FFF78FBF82B00A46022102B0FFF789BF2D
:10DA200082B00A46072102B0FFF783BF82B00A46E0
:10DA3000032102B0FFF77DBF82B00A466A2102B01F
:10DA4000FFF777BF82B00A466B2102B0FFF771BFC4
:10DA500082B00A46102102B0FFF76BBF82B00A46BF
:10DA6000112102B0FFF765BF82B00A46122102B051
:10DA7000FFF75FBF82B00A46132102B0FFF759BF1C
:10DA800082B00A46142102B0FFF753BF82B00A46A3
:10DA9000152102B0FFF74DBF84B00023ADF80C1084
:10DAA000090C8DF80E108DF80F30039A1C2104B06C
:10DAB000FFF73FBF82B00A461D2102B0FFF739BF12
:10DAC00084B00023ADF80C10090C8DF80E108DF801
:10DAD0000F30039A232104B0FFF72BBF82B00A4610
:10DAE000282102B0FFF725BF84B00023ADF80C1049
:10DAF000090C8DF80E108DF80F30039A312104B007
:10DB0000FFF717BF82B00A46322102B0FFF711BFFC
:10DB100082B00A46302102B0FFF70BBF82B00A463E
:10DB2000342102B0FFF705BF82B00A46352102B0AA
:10DB3000FFF7FFBE82B00A46382102B0FFF7F9BEF8
:10DB400084B00023ADF80C10090C8DF80E108DF880
:10DB50000F30039A392104B0FFF7EBBE82B00A46BA
:10DB60003A2102B0FFF7E5BE82B00A463B2102B07F
:10DB7000FFF7DFBE82B00A463C2102B0FFF7D9BEF4
:10DB800082B00A46412102B0FFF7D3BE82B00A46F6
:10DB9000422102B0FFF7CDBE84B00023ADF80C10D7
:10DBA000090C8DF80E108DF80F30039A3D2104B04A
:10DBB000FFF7BFBE82B00A463E2102B0FFF7B9BEF2
:10DBC00082B00A46482102B0FFF7B3BE84B00023FA
:10DBD000ADF80C10090C8DF80E108DF80F30039A6B
:10DBE0004C2104B0FFF7A5BE82B00A46502102B016
:10DBF000FFF79FBE82B00A46512102B0FFF799BEDF
:10DC000084B00023ADF80C10090C8DF80E108DF8BF
:10DC10000F30039A522104B0FFF78BBE84B000236B
:10DC2000ADF80C10090C8DF80E108DF80F30039A1A
:10DC3000582104B0FFF77DBE82B00A465A2102B0D7
:10DC4000FFF777BE82B00A465C2102B0FFF771BED3
:10DC500082B00A465E2102B0FFF76BBE82B00A4670
:10DC60000C2102B0FFF765BE82B00A462D2102B03A
:10DC7000FFF75FBE84B00023ADF80C10090C8DF8DF
:10DC80000E108DF80F30039A782104B0FFF751BEC3
:10DC900082B00A46792102B0FFF74BBE82B00A4635
:10DCA000672102B0FFF745BE82B00A46682102B084
:10DCB000FFF73FBE82B00A46762102B0FFF739BEB9
:10DCC00090F900200378002A0FDA03F0E002C02A5E
:10DCD0000DD003F0F002E02A0BD003F0F800A0F121
:10DCE000F0035842584180007047012070470220DD
:10DCF00070470320704773B500230246019301B9B2
:10DD000001A9002A61D00B68D05C00285DD005060F
:10DD100003F1010402D40C6002B070BD00F0E00514
:10DD2000C02D0ED10C60125D02F0C004802C4CD1CD
:10DD3000800100F4F86002F03F02104402330B60EF
:10DD4000EAE700F0F005E02D17D10C60145D04F057
:10DD5000C005802D39D19D1C0D60525D02F0C005BB
:10DD6000802D32D1000380B202F03F02A4011044A2
:10DD700004F47C6420440333E1E700F0F805F02D5F
:10DD80000C6022D1145D04F0C005802D1DD19D1CB6
:10DD90000D60555D05F0C006802E16D1DE1C0E60AC
:10DDA000925D02F0C006802E0FD180042403AD01E5
:10DDB00000F4E01004F47C3405F47C6502F03F02CA
:10DDC0000443154428190433B9E70020A4E770B5CB
:10DDD0000024054626468E4202D02B5D28190BB939
:10DDE000204670BDFFF76CFF012838BF012054FAB0
:10DDF00080F40136EFE773B5002406460D46019422
:10DE0000019BAB4202D3204602B070BD01A930464F
:10DE1000FFF771FF0134F3E737B50024054601949D
:10DE2000019BEB5C13B9204603B030BD01A9284625
:10DE3000FFF761FF0134F3E718B3A0F59C43B3F596
:10DE4000A44F1DD300F17F4303F1FF135D2B17D9BE
:10DE5000A0F54053FF2B13D9A0F53A537F2B0FD9D0
:10DE6000A0F547532F2B0BD9A0F57E40A0F110034E
:10DE70000F2B05D930381F288CBF00200120704798
:10DE8000012070477F2882B015D9B0F5006F14D2F9
:10DE9000C0F3871300F03F0043F0C00340F080025E
:10DEA000002100208DF804308DF805208DF8061033
:10DEB0008DF80700019802B07047B0F5803F0CD292
:10DEC000C0F30733C0F3851200F03F0043F0E003D6
:10DED00042F0800240F08001E3E7B0F5881F10D2E5
:10DEE000C0F38743C0F30532C0F3851100F03F0053
:10DEF00043F0F00342F0800241F0800140F08000E6
:10DF0000D0E70020D7E773B50B68013B06460B60EE
:10DF100004250C683019FFF7D3FE30B101A9304653
:10DF20000194FFF7E8FE02B070BD2CB1013D013C49
:10DF300015F0FF050C60ECD10020F4E723290378ED
:10DF40000BD113B9012303700BE0022B03D0013B6B
:10DF50005842584170470023F5E7012B05D120298D
:10DF600001D0012070470223EDE7002070472DE922
:10DF7000F041884617460546F0B1EAB100F0ABFB28
:10DF80000446384600F0A7FB0646A8B104444146C3
:10DF90002846FFF71CFF2B19311874425A1B914277
:10DFA00006D9324639462844BDE8F04100F07BBA34
:10DFB0001A5D03F80129F1E7BDE8F081F8B50C46D8
:10DFC0001746054680B100F086FB214606462846E6
:10DFD000FFF7FDFE2C1839462046FFF7F8FE2346D2
:10DFE000361A5A1B964200D2F8BD1A5C03F8012B70
:10DFF000F7E7F7B50B4601910C46002102460746AC
:10E000000846E1F7F1FC461C3046E1F7FBFC05460B
:10E0100020B123463A463146E1F7E6FC284603B0F4
:10E02000F0BDF8B50F461946064615461C46FFF7E3
:10E0300062FE386020B1206800213044FFF75BFEAB
:10E040002860F8BD2DE9F0430F4685B090461E4686
:10E05000054620B90024204605B0BDE8F083002A1B
:10E06000F8D00378002BF5D0002401948DF80340FC
:10E070000029EFD09DF8309009F0080916E001ABB7
:10E0800003AA02A92846FFF7CCFFB9F1000F05D07B
:10E0900002990DF10300FFF751FF38B9DDE90212D3
:10E0A0004046FCF73BFF08B120448419019BEA5C21
:10E0B0000AB1BB42E3D3002CC8BFA41BCBE72DE9B8
:10E0C000F04F87B00025C0E900559DF848A00593A2
:10E0D00004461746884619B312B31AF0010F119B74
:10E0E000104618BF6FF060431193FCF74AFF0646D5
:10E0F0001FFA80FB18F8053008EB05099BB95DB1E4
:10E1000019F8013C0A2B01D00D2B05D1109B13FAF5
:10E1100086F2636813446360636853BBB6B266609B
:10E1200007B0BDE8F08F00230193119B00933A469E
:10E13000059BCDF808A04FF0FF314846E0F7C4FF3B
:10E140006368109A9A1812EB0B0F01460544E7D446
:10E15000109A5B44134463603A46059BCDF800A0D7
:10E160004846FFF76FFF23688342ACBF23602060FF
:10E17000C0E7109A9B1A6360D2E7037D43F0010366
:10E1800003757047037D6FF300030375E1F7B8B8BB
:10E1900010B50446E3F7AEFF2368C31A013B636082
:10E1A00010BD007D00F0010070472DE9F047089D8B
:10E1B00080460F46144699460CB9264612E04FEAAF
:10E1C000540A09FB0A7631464046A847002808DD74
:10E1D000E44304F00104AAEB040A06EB09075446E1
:10E1E000EAE7FCD13046BDE8F08770479A4238BF75
:10E1F0008854704770472DE9F74F9946DDE9116360
:10E2000013F0020C80468B461746DDE90C54DDE91D
:10E210000F129DF83800CDF800C01DD103F0010C9D
:10E220003EB1BCF1000F04D010B913F00C0F00D0B8
:10E23000013E4FF0300E02E005F804E00134944254
:10E2400001D2202CF8D1BCF1000F05D04FF0300CDA
:10E25000A64201D9202C1AD113F0100F14D013F4B8
:10E26000806F2ED1BCB1944201D0B44229D1621E3C
:10E2700011D0102943D19906A4F102047ED478214B
:10E2800029553021A954541C202C25D00CE005F828
:10E2900004C00134DCE710290DD1990635D4782269
:10E2A0002A7030226A700224C8B32D222A55013404
:10E2B00013E06222F4E70229FBD030222A70012405
:10E2C000F2E7102923D19A0656D4202C04D0621CE0
:10E2D00078212955202AD4D120249B0738D03A46CA
:10E2E00025441444A24237D1009B23B1D51BAE4232
:10E2F00007EB050439D8204603B0BDE8F08F0229AA
:10E30000BFD16221A9540132E4E75822C8E70229AB
:10E3100003D1202CE0D02246F3E72246DAE7590762
:10E3200001D52B22C2E71A07D7D52022BEE74B46DC
:10E3300059462020C0470AF1010A019B564503EBCC
:10E340000A02F4D8321BB44288BF00223A44C7E71D
:10E350003B1BA2460193F0E702F1010A15F8010DFB
:10E360004B465946C0475246BCE74B4622465946A3
:10E370002020C0470135BAE7202CADD0621C5821BF
:10E38000A7E72DE9F04391B0189D1A9F1D9E2DB966
:10E3900026F0100416F4806F264622D116F0200FC6
:10E3A00014BF4FF0410E4FF0610EAC460DF1200846
:10E3B0000025AEF10A0EBCFBF7F907FB19C95FFA9D
:10E3C00089F4B9F1090F94BF30347444E4B2BC4508
:10E3D00008F8014BBCFBF7F405F1010501D3202D32
:10E3E00010D11C9C05941B9C0696CDE903749DF8E6
:10E3F0006440CDE9015408AC0094FFF7FCFE11B075
:10E40000BDE8F083A446D6E72DE9F04F95B0DDE9ED
:10E410001E76CDE90A2357EA0603CDE90801DDE9B6
:10E42000229B269C05D124F0100314F4806F1C4617
:10E4300037D114F0200F14BF412361230DF1300AAE
:10E440000025A3F10A0831464A465B463846D1F713
:10E45000A7FED2B2092A94BF303242444F45D2B20D
:10E4600076EB0B060AF8012B05F1010501D3202DEF
:10E4700014D1259B0593249B0694CDE903939DF825
:10E480008030CDE901530CAB0093DDE90801DDE9F3
:10E490000A23FFF7B0FE15B0BDE8F08F07460E4621
:10E4A000D1E70025E5E70F2AF0B509D80A4403466D
:10E4B000914200D1F0BD11F8014B03F8014BF7E791
:10E4C00000F0030301F00304A3420D4676D001F1EE
:10E4D000200403468518EE1A202E04F1200414F8B7
:10E4E000407C0BD8013A22F01F021144024411F87B
:10E4F000013B02F8013BAA42F9D1DBE71F7014F897
:10E500003F6C5E7014F83E6C9E7014F83D6CDE70CB
:10E5100014F83C6C1E7114F83B6C5E7114F83A6C84
:10E520009E7114F8396CDE7114F8386C1E7214F890
:10E53000376C5E7214F8366C9E7214F8356CDE72AD
:10E5400014F8346C1E7314F8336C5E7314F8326C68
:10E550009E7314F8316CDE7314F8306C1E7414F86A
:10E560002F6C5E7414F82E6C9E7414F82D6CDE748F
:10E5700014F82C6C1E7514F82B6C5E7514F82A6C4C
:10E580009E7514F8296CDE7514F8286C1E7614F844
:10E59000276C5E7614F8266C9E7614F8256CDE7671
:10E5A00014F8246C1E7714F8236C5E7714F8226C30
:10E5B0009E7714F8216CDE7720338CE7EBB1C3F142
:10E5C0000403C418034615F8011B03F8011BA342FA
:10E5D000294602F1FF3201D0002AF4D1202A01F1AC
:10E5E000200503F120040AD80A4491423FF462AFA7
:10E5F00011F8014B03F8014BF7E70346EEE755F836
:10E60000203C44F8203C55F81C3C44F81C3C55F890
:10E61000183C44F8183C55F8143C44F8143C55F8A0
:10E62000103C44F8103C55F80C3C44F80C3C55F8B0
:10E63000083C44F8083C55F8043C44F8043C203AB3
:10E6400023462946CAE710F0030310B40BD0C3F1E8
:10E65000040342B1034400F8011B984202F1FF3267
:10E6600001D0002AF7D101EB012303EB014303EBB7
:10E670000163202A00F1200402D810BC05F06EBC12
:10E6800044E9083344E9063344E9043344E90233F6
:10E69000203A2046EDE7884210B402D38B1883421B
:10E6A00002D210BCFFF7FFBE884207D8421E8B4241
:10E6B0000AD011F8014B02F8014FF8E7531E194434
:10E6C00003449A1A934201D110BC704711F80149D2
:10E6D00003F80149F6E7D1F77DBD034600208842E3
:10E6E00001D01A5C02B970470130F8E710B5002379
:10E6F00004461046834201D0CA5C4AB9C21A83421A
:10E7000088BF00220021E01805F028FC204610BD3B
:10E71000E2540133EEE7421E11F8013B02F8013FDB
:10E72000002BF9D17047431E013913F8012F11F85E
:10E73000010F0AB18242F8D0101A704770B5064630
:10E74000FFF7C9FF451C2846E1F75CF9044618B1FC
:10E750002A463146FFF7A7FE204670BD70B5064633
:10E76000FFF7BBFF05460130E1F74CF9044628B13D
:10E770002A463146FFF797FE00236355204670BDB9
:10E7800038B504460D46FFF77BF929462046BDE81B
:10E790003840FFF77BB938B504460D46FFF758F906
:10E7A00029462046BDE83840FFF758B938B5044639
:10E7B0000D46FFF759F929462046BDE83840FFF7D6
:10E7C00059B938B504460D46FFF74EF9294620469B
:10E7D000FFF750F929462046FFF73AF92946204627
:10E7E000BDE83840FFF73AB970B5044640680D46B9
:10E7F00008B1FFF7F9FF236823B129462046BDE899
:10E800007040184770BD70B50E68336805460C46F9
:10E8100033B196F82220D20602D50B60FFF7F3FF42
:10E82000266021462846BDE87040FFF7DDBF08B5E9
:10E8300028B1D7F7F9FCBDE80840D8F717BED8F7DC
:10E8400047FDF8E738B50546FFF7F1FF044640B14C
:10E850002846D7F7B7FB29462046BDE83840FFF7E2
:10E86000D2BF38BD07B5FFF7E2FF28B9112003B0CA
:10E870005DF804EBE0F736BB0369ADF804301B0C20
:10E880008DF806309DF80430002063F307009DF8F2
:10E89000053063F30F209DF8063063F3174003B093
:10E8A0005DF804FB10B50446E3F724FC001B10BD23
:10E8B00070B50346C06A93F84C2012F0060202D1EC
:10E8C0005B6B184470BD042A01D11B6BF9E7022A67
:10E8D000F8D1D3E90E24D3E90C51A242C8BF04F504
:10E8E000B47413198D4203EBD373CCBF01F5B47626
:10E8F0000E46B5EB630F4FEA630201DA2844E1E705
:10E900009642CCBF40188018DCE730B5D0E90E4500
:10E91000A542A5EB040303D100201AE003F5B4736C
:10E92000002BFBDBB3F5B47F14DAB3B18B4217DBFA
:10E93000B1EB630FB4BF012300230122DB0043EAE4
:10E94000021390F84C2022F01802134380F84C3048
:10E95000012030BDA3F5B473E4E74FF4B473E7E7E7
:10E96000C3F5B474944206DDC1F5B474944204DC7A
:10E9700001230022E2E70123DFE713448B42CBDBD4
:10E9800000231A46DAE707B55022F1F7F1F903B090
:10E990005DF804FB07B51222F1F7EAF903B05DF860
:10E9A00004FB07B51322F1F7E3F903B05DF804FBAC
:10E9B00007B51022F1F7DCF903B05DF804FB07B5E9
:10E9C0001122F1F7D5F903B05DF804FB2DE9F84FFA
:10E9D0000F46002104469046FFF7DCFF0021064663
:10E9E0002046FFF7DEFF002182462046FFF7E0FFCA
:10E9F000002105462046FFF7E2FF81462046F0F75A
:10EA00003BF8A0EB060B2046F0F739F8401BA0EBD3
:10EA10000900ABEB0A0B8345204613DAF0F72CF81C
:10EA2000831BA3EB0A03626903EBD3735B101A44E5
:10EA300032443A60A2691A442A447A60C8F8003025
:10EA4000BDE8F88FF0F71BF8431BA3EB0903EAE7D7
:10EA50002DE9F74F0F464FF40031924681461E468E
:10EA6000FFF791FF00EBD0704FEA6008AAEB600A55
:10EA70004846FFF71DFFB9F85C30C418A4B204F192
:10EA80005A0000B2E0F7ECF90AFB00F520B2E0F71B
:10EA9000E7F94FF440310AFB00F44846FFF77AFFEC
:10EAA0004FF4403101904846FFF77BFF4FF440316F
:10EAB00083464846FFF77CFF4FF440318246484684
:10EAC000FFF77DFF3A68019BED132A44D21AA2EBAF
:10EAD000080232603B681D445D444544B5607B6874
:10EAE000E4132344A3EB0A03A3EB080373607B68DE
:10EAF0001C4404444444F46003B0BDE8F08F2DE9A5
:10EB0000F0418CB007460E4615469846F0F713FACA
:10EB100000283CD0AE423AD0FC6AB6F5B47FC8BFFC
:10EB2000A6F5B476B5F5B47F2644C8BFA5F5B4758F
:10EB30002C44B6F5B47F05AAC8BFA6F5B47606A9DD
:10EB4000B4F5B47F3846C8BFA4F5B474FFF73EFFF0
:10EB500041463846FFF717FF4146054651223846E1
:10EB6000F1F706F90890003818BF01200DF12008D0
:10EB7000CDE90208CDE90045DDE90601BDF8142024
:10EB80003346D8F7B5FC41463846F0F715F90CB0D6
:10EB9000BDE8F08173B53C224FF440310546F1F7F2
:10EBA000E7F84222044601904FF440312846F1F73D
:10EBB000DFF8402201904FF4403104442846F1F739
:10EBC000D7F8002801904FF040024FF4403128461A
:10EBD0002BDDF1F7CDF80346019041224FF440318F
:10EBE00028461C44F1F7C4F8002801904FF0410278
:10EBF0004FF4403128461DDDF1F7BAF80346019085
:10EC000038224FF4403128461C44F1F7B1F83B223A
:10EC1000064601904FF440312846F1F7A9F83044F8
:10EC2000A042B8BF204602B070BDF1F7A1F8019034
:10EC30004342D2E7F1F79CF801904342E0E710B578
:10EC400088B0044601AA02A9FFF7C0FE019A04ABEE
:10EC500002A92046FFF7FCFE2046FFF79BFF021E9D
:10EC600003DD114604A8FDF7C8F904A92046F0F712
:10EC7000A3F808B010BD38B5B1F5B47F0D46C8BFD4
:10EC8000A1F5B475D0E90C135A1B5B1A48BF03F504
:10EC9000B473002AB8BF02F5B4720446D01A002833
:10ECA000B8BF4042B4280BDD2046F0F7B0F820464C
:10ECB000FFF7C5FF25632046BDE83840FFF7BFBF1B
:10ECC000934206DD4FF400332A462046FFF717FF34
:10ECD000EDE7ECDA0A464FF400332946F5E738B59C
:10ECE000B1F5B47F0D46C8BFA1F5B475D0E90C31BC
:10ECF000EA1ACB1A48BF03F5B473002AB8BF02F56D
:10ED0000B4720446D01A0028B8BF4042B4280BDDC4
:10ED10002046F0F77CF82046FFF791FF6563204618
:10ED2000BDE83840FFF78BBF934207DD0A464FF43A
:10ED3000003329462046FFF7E2FEECE7EBDA4FF41A
:10ED400000332A46F6E738B504460D461146FFF76C
:10ED5000C6FF29462046BDE83840FFF78CBFF7B50F
:10ED60000446006C10F5004F36D0D4E90E3594F807
:10ED70004C20AB42C2F34102C8BF05F5B475012A6D
:10ED80000BD0022A35D03ABB0095D4E91112FEF718
:10ED9000AAFBA16B0546024634E0D4E911C20CEB94
:10EDA000020707EBD7775E1906EBD676B0EB670F55
:10EDB0004FEA66064FEA670110DA0A460096614696
:10EDC000FEF791FB014605462046FFF754FF31460A
:10EDD0002046FFF784FFA56503B0F0BD00953346DC
:10EDE000FEF781FB314605462046FFF744FF2946E2
:10EDF000EEE70093D4E911122B46FEF774FBE26BA9
:10EE0000054601462046FFF79EFFE4E738B5B1F519
:10EE1000B47F0D46C8BFA1F5B475D0E90E135A1BD7
:10EE20005B1A48BF03F5B473002AB8BF02F5B47289
:10EE30000446D01A0028B8BF4042B42808DD204656
:10EE4000EFF7E5FFA5632046BDE83840FFF787BF31
:10EE5000934205DD00232A462046FFF750FEF1E7E6
:10EE6000F0DA0A4600232946F6E738B5B1F5B47F53
:10EE70000D46C8BFA1F5B475D0E90E31EA1ACB1A18
:10EE800048BF03F5B473002AB8BF02F5B472044654
:10EE9000D01A0028B8BF4042B42808DD2046EFF75A
:10EEA000B6FFE5632046BDE83840FFF758BF934200
:10EEB00006DD0A46002329462046FFF720FEF0E73C
:10EEC000EFDA00232A46F7E738B504460D46114627
:10EED000FFF7CBFF29462046BDE83840FFF796BF35
:10EEE000002905DBB1F5B47F05DAC162EFF78FBF0A
:10EEF00001F5B471F4E7A1F5B471F3E7026C8A424D
:10EF000010B40DD0846CA142A8BF2146446CA1422C
:10EF1000B8BF21468A4203D010BC0164FFF71FBF6F
:10EF200010BC704710B50C4604F150000021DFF70B
:10EF30004BFD04F160000021BDE81040DFF744BD47
:10EF400003681A684FF0FF31D96002F150018B421B
:10EF500004D19968D1621868EFF759BF02F16001D6
:10EF60008B4204BF99689163F5E7C1600068EFF7D1
:10EF70004EBF73B5C66A8E4215D0436B9942A8BF87
:10EF800019460D46036B816B9942B8BF1946A942D9
:10EF9000B8BF29468E4206D0009200F1500300F11E
:10EFA0002C02E3F7D5FB02B070BD38B50025642311
:10EFB000C1E90C534FF0FF33C1E91731CB6691F82B
:10EFC00070308D630C4623F03F0381F87030C1E947
:10EFD0001055C1E91415C1E91955CD62CD638D6491
:10EFE00081F84C508D6520460821EEF7ADFA204699
:10EFF0001021EEF7A9FA2A4629462046BDE83840F6
:10F00000FFF7B7BF90F8703003F00703022B13B57A
:10F0100015D1436B9942A8BF1946036B9942B8BFFB
:10F020001946C36A9942A8BF1946836B8B4206D022
:10F03000009200F1600300F13802E3F789FB02B0AF
:10F0400010BDC36D013314BF806DC06A704790F866
:10F05000703003F00703022B01D0006B7047C36EC2
:10F06000013314BF806E806B704790F8700000F021
:10F070000700704790F8703003F00703012B0AD1A6
:10F08000036B002B07DA426B002A04DD806BC31A86
:10F090005842584170470020704710B50C46204632
:10F0A0001021EEF751FA20464FF48061BDE8104080
:10F0B000EEF796BC70B504460026E06A8559043622
:10F0C0001DB9E0F7B9FCE56270BD2846E0F7B4FC75
:10F0D000F3E710B50C46086BE0F7AEFC606BE0F7A9
:10F0E000ABFC0023C4E90C3310BD07B51522002189
:10F0F000F0F73EFE03B05DF804FBF0B54FF6FF738A
:10F1000099428BB004460D4650D0836B8B424DD94B
:10F110000A01016B01EB05138A5802925A680392A7
:10F1200006A99A68DB6805930492EFF763FC142242
:10F1300000212046F0F71CFE064601902046FFF70E
:10F14000D4FF07462046D7F76FF8D8F701F90A230E
:10F1500090FBF3F296423346B8BF1346069E9742A1
:10F160003846B8BF1046029AF11A0A44079902922B
:10F17000039A0F1A3A440392049A33441A44059BA3
:10F180000492084403440593236C9D420AD1636BA7
:10F1900033F815305B0505D502A8FDF7ABFA039BE4
:10F1A0001B1A039302A92046EFF706FE0BB0F0BD31
:10F1B0002DE9F04F8DB00446019104A9EFF71AFC38
:10F1C0002046EFF759FC03902046EFF758FC122237
:10F1D000009000212046F0F7CBFD132283460890D3
:10F1E00000212046F0F7C4FD10228046089000213F
:10F1F0002046F0F7BDFD11228146089000212046EF
:10F20000F0F7B6FD14228246089000212046F0F760
:10F21000AFFD074608902046FFF767FF07EBD7755D
:10F2200000EBD0766D1007F00107013576103D44F4
:10F23000013600F0010006440D2DA8BF0D250D2E4E
:10F24000A8BF0D26B8F10D0FA8BF4FF00D08B9F1FA
:10F250000D0F5B46A8BF4FF00D09BAF10D0FA8BF07
:10F260004FF00D0A0D2BA8BF0D230293039BA3EBB8
:10F270000803023B00270393A36BBB4209D8A26B90
:10F280004FF6FF73BA4208BF1F4638460DB0BDE8BF
:10F29000F08F216B3B0101EB0712CB58D1689B45E6
:10F2A000D2E901C0A8BFDDF808E0049AACBFA2EB28
:10F2B0000E0EA2EB060E73440893059BE145ACBF0E
:10F2C000A3EB090EA3EB050EF444CDF824C0DDF842
:10F2D0000CC08445D4BF424492191044009A0A904D
:10F2E000A2EB0A02023A8A42D4BF53445B19194482
:10F2F0000B910022019908A8FCF7D5FE0028BED189
:10F300000137B9E710B5826B04465200406BFFF736
:10F31000CAF82046BDE81040E3F7DEBE38B5836B7F
:10F320008B4204460D4603D84FF6FF7399420AD12B
:10F33000216C2046FFF7E1FE256429462046BDE802
:10F340003840FFF7DABE38BD70B51546826B8A4289
:10F3500004460FD9466B36F8112022EA050226F83A
:10F360001120FFF7CAFE6B0504D52046BDE87040AA
:10F37000EFF709B970BD70B505460E460024AB6BBA
:10F38000A34200D870BD214632462846FFF7DCFF75
:10F390000134F4E770B5836B8B4204460D46164684
:10F3A0001AD990F84430D90705D5F20503D54FF4A2
:10F3B0008071FFF7E0FF626B32F81530334322F8BB
:10F3C000153029462046FFF798FE730504D52046E0
:10F3D000BDE87040EFF7D7B870BD70B505460E4672
:10F3E0000024AB6BA34200D870BD214632462846AC
:10F3F000FFF7D0FF0134F4E7006C7047836B8B425A
:10F4000007D9436B33F811309A430CBF0120002019
:10F4100070470020704770B54FF480720446FFF7C4
:10F42000EDFF0D4606464FF480712046FFF7A3FF1F
:10F430003EB1294620464FF48072BDE87040FFF788
:10F44000A9BF70BD4B1E19D5013801F10B03012B6B
:10F450001CD1820718D16421B0FBF1F201FB12022A
:10F4600042B94FF4C873B0FBF3F203FB1200B0FAD9
:10F4700080F35B0903F11C00C0B270470B2BC4BFC3
:10F480000130A1F10D03E2E70023F3E7072293FB2C
:10F49000F2F2C2EBC2029B1A03F0010048BF4042E5
:10F4A000C0F11F00E8E7F8B50446FDF778FC054613
:10F4B0002046FDF77CFC436D5B68B3F5A02F074643
:10F4C00040F08180F2F74BFA06463846F2F760FAD0
:10F4D000044696B37B6D9F68062F4CDD402239466B
:10F4E0002846FFF78BFF00286ED016B1002386F860
:10F4F000203044BB4FF4004239462846FFF77EFFD8
:10F50000002845D0002E6AD0662386F82030284691
:10F51000FFF7A8F9C0F3072386F82100C0F30740DE
:10F5200086F8230086F822302846FFF765FFB842A8
:10F530002ED1B22386F820302AE0002843D07B6DFC
:10F540009F68062FCADC002384F828304FF400425D
:10F5500039462846FFF752FFD0B12846FFF782F917
:10F56000C0F3072384F82000C0F3074084F821305B
:10F5700084F82200C6E7002386F820300028E2D174
:10F580004FF4004239462846FFF738FF0028BBD128
:10F590004FF4804239462846FFF730FF98B194B1C6
:10F5A000FF2384F828302846FFF75CF9C0F30723CF
:10F5B00084F82130636A84F820000133C0F30740E7
:10F5C00084F822006362F8BD4FF4004239462846B1
:10F5D000FFF714FF0028DBD0002C93D0BDE72846AE
:10F5E000FFF70AFFD4E7022994BF01230023A0EB11
:10F5F000030303F1010000EB93004FF4C872B3FB67
:10F60000F2F210444FF06402B3FBF2F3A0EB0300FC
:10F6100094BF0C2300231944C1EB41110C233E3944
:10F62000B1FBF3F107230844B0FBF3F3C3EBC303CF
:10F63000C01AC0B2704770B504464FF44041C06A6A
:10F64000FFF799FE94F93610A08EFFF7CCFFA36B5D
:10F65000054663BBD4E90C23534033F07F4328D1E4
:10F6600094F93330E06AE9184FF48042BDE8704005
:10F670000631FFF78FBEA26B32F8261002EB86032D
:10F68000A28E91420ED193F9021094F93620914244
:10F6900008D193F90310E06A29444FF4004206317F
:10F6A000FFF778FE0136E36BB342E4D8D2E70026D9
:10F6B000F9E770BD3430704770B5FDF770FB064652
:10F6C000F1F7ACF8FFF7F6FF002104463046F1F7FA
:10F6D000A8F8012105463046F1F7A3F8064628466A
:10F6E000E5F714F84178037864223039303B514310
:10F6F0004FF47A7202FB031183780A22303B02FB3B
:10F700000311C378303B19442388C91A00292846BD
:10F71000B8BF494200F08EFF94F90210304601391B
:10F72000BDE8704000F086BF38B50546FDF737FBF1
:10F7300004462846FDF73DFB0546204600F091FFB4
:10F7400004462846FFF7B6FF621C018852B22846DD
:10F75000BDE83840E4F7BCB870B50446FDF71FFBC0
:10F7600006462046FDF725FB0546304600F079FFAA
:10F7700004463046E4F7CAFF04EB84040646FEF76D
:10F78000AAFF3319345D5A784FF47A71303C303A1D
:10F790004C43642101FB02449A78DB78303A0A2119
:10F7A00001FB0244303B28461C44FFF783FFA1B213
:10F7B00090F902202846BDE87040E4F789B807B503
:10F7C0000122F0F7D5FA03B05DF804FB07B5152266
:10F7D000F0F7CEFA03B05DF804FB70B50D4601F109
:10F7E0002C062B6B304653B9FDF781FD05F1380629
:10F7F000EB6B3046E3B9BDE87040FDF778BDFDF72F
:10F800002AFD04460028ECD0037C5A0702D4406845
:10F81000E0F712F9237C9B0702D42068E0F70CF98B
:10F8200030462146FDF7D7FC2046E0F705F9D8E73A
:10F83000FDF711FD044601463046FDF7CCFC20469D
:10F84000E0F7FAF8D4E710B50C4604F12C001421C7
:10F85000FDF759FC182104F13800FDF754FC002293
:10F860006423C4E91122C4E91333C4E91522C4E9AD
:10F8700017336FF000420323C4E9192305210A233B
:10F88000C4E91B1394F8743023F01F0343F0010301
:10F8900084F8743010BD07B530220021F0F768FA03
:10F8A00003B05DF804FB07B512220021F0F760FAFF
:10F8B00003B05DF804FB2DE9F043036F8B4285B084
:10F8C00004460E4668D9EFF7DDF805462046D5F721
:10F8D0006BFF94F8743013F0180F074605D12046DB
:10F8E00005B0BDE8F043EFF792BA03F00703012B30
:10F8F00055D12046FFF7CFFF80462046FFF7D3FFC4
:10F900006369034403EB080048224FF4A021C71B9E
:10F910002046F0F72DFA4FF4003180460090204643
:10F92000FFF74DFFA369226A00EB08015B1A11443F
:10F930000391216F019301398E42814613D205FB59
:10F9400006F3B3FBF1F22B44A2EB0802B3FBF1F395
:10F950004344121A03443A443B4469462046009209
:10F960000293EFF729FABEB1226F731E013A6B437F
:10F97000B3FBF2F3A3EB0803A3EB09033B440093AF
:10F9800005FB06F3B3FBF2F343444B443B440293C1
:10F9900069462046EFF710FA05B0BDE8F083022B68
:10F9A0009DD100212046FFF711FF804605442046E7
:10F9B000236FB5FBF3F5FFF76EFF636905FB06F9EF
:10F9C000C6182046FFF76FFF06444E44694620469E
:10F9D000EFF710F8F31B1D44A3EB08030295009307
:10F9E000D6E707B510220021F0F7C2F903B05DF8A1
:10F9F00004FB2DE9F04FCBB000F1140A01F118051A
:10FA00000EAE04468B462A4651463046FCF70FFBA5
:10FA1000002800F08C8095E80F0012AF87E80F00F7
:10FA2000DBF820300B90079396E80F0085E80F0075
:10FA3000236F012B7BD92046FFF72DFF0746204679
:10FA4000FFF731FF06462046FFF7CBFF0090204628
:10FA5000EFF718F803902046EFF724F86369019058
:10FA600020460293D5F7A0FEA36905938146204660
:10FA7000EFF70EFC2A468046514616A8FCF7D7FA47
:10FA8000002854D01EA8F1F7DAFE1EAA4FF4A021D8
:10FA90002046CDF888B0EEF73EFC2EA8D9F73CF80A
:10FAA0002EAA4FF400312046CDF8C8B0EEF713F976
:10FAB0004FF400312046FFF782FE022205464FF444
:10FAC00000312046F0F754F9236F069304F12C031C
:10FAD00082461A9018460993FDF7CAFB38B3029B79
:10FAE000059A3E441E44A6EB09030493009B3B4445
:10FAF00001381344A3EB08032090309004F12C004C
:10FB0000089305EBD575FDF7A9FB079B4FEA65093F
:10FB10004B440AEBDA7A01334FEA6A0A05460D9341
:10FB200045B912AB0FCB0BF1180484E80F004BB0B2
:10FB3000BDE8F08F2B7C13F001030CD0209B23B188
:10FB4000013B2093309B013B309329460998FDF7F8
:10FB50008CFB0546E4E7AA68ADF8A420120C8DF8EA
:10FB6000A620AA7A29898DF8DB2094F87420ADF8B4
:10FB7000D9102193319312F0180F049A08BFEB6843
:10FB8000259227922A7C69680A93C2F3001204EB3B
:10FB9000820251F82360506C0199D26C361A121A05
:10FBA0004E4396FBF2F6089A8E1B164400220592ED
:10FBB00090460B9A2896A2EB090200960C92216FB0
:10FBC000414521D8069A0398824226DA414524D13C
:10FBD0006A6852F823206FF000439A421DD0279B99
:10FBE000A3EB09024B441C93289B1A92A3EB0A0235
:10FBF00053441B921D931AAA08F1FF332EA95846AD
:10FC00003193F1F7CBFE08E027980D9ADDF8A0C0FC
:10FC100025909042CDF898C008DD209B002B94D011
:10FC2000309A013B013A309220938EE7059F4A1E9D
:10FC3000B7FBF2F2049F3A440A9F27924744B7FB6E
:10FC4000F1FE01FB1E7195F810E00291CEF3001E4B
:10FC500004EB8E0E029FDEF8441007916968DEF80F
:10FC60004CE051F82710079FC91B019F7943079F5C
:10FC7000AEEB070E91FBFEF70199CF1B08990F44DD
:10FC80000C99289701398A4233DBB8F1000F30D044
:10FC90009900DDF80CE007910699714531DB696840
:10FCA00051F823C06FF000439C4522D0DDF808C016
:10FCB00051F82C1099421CD0009BBE42B8BF3E4662
:10FCC000BB42A8BF3B469042009312D09E4202F135
:10FCD000FF32009B269308BF01361EA9584628967E
:10FCE00027922592F1F7C5FD279B009701332793B3
:10FCF0003E46059B039A1344059308F10108029BB5
:10FD00005DE7A0EB09021A92ACEB0A021B92484491
:10FD10000CEB0A021C901D926A6852F823106FF0D7
:10FD2000004399420AD0029952F821209A4205D004
:10FD30001EA95846CDF88480F1F79BFDB9F1000F5C
:10FD4000D7D0BAF1000FD4D06B68079A9A586FF0E9
:10FD500000439A42CDD008F1FF331AAA2EA9584683
:10FD60003193F1F71BFEC4E72DE9F04F1E46036FF8
:10FD7000934287B005468846174605D80020306074
:10FD8000706007B0BDE8F08FEEF77CFE04462846B1
:10FD9000EEF788FE95F87430029003F00703012B0C
:10FDA00049D12B6F012B40F2A68007FB04F0013BE9
:10FDB000B0FBF3F030602846FFF76DFD044628469F
:10FDC000FFF771FD33682044034433602846D5F7BC
:10FDD000EBFC33681B1A336095F8743098F81020E8
:10FDE00013F0180F0CBFD8F80C3000231F442B6FF2
:10FDF000B7FBF3F0C2F3001203FB107705EB8202AE
:10FE0000D8F80430516C53F827300298D26C5B1A42
:10FE1000521A434393FBF2F3C31A73602846FFF769
:10FE2000E0FD73680444234473602846EFF730FA1A
:10FE30007368181AA4E7032B10D198F81010D8F89B
:10FE400000000094C1F3C00105EB810150F82700C8
:10FE5000CA6D496D0023FDF746FBABE7022B4AD183
:10FE600005F12C0B5846FDF703FA4FF4A02181460B
:10FE70002846FFF7ABFC002104902846FFF7A6FCBC
:10FE80002A6F0390511E012A01FB1043B3FBF2FAC3
:10FE900085BFA4EB0A027A430022B2FBF1F2584676
:10FEA0003260FDF7D8F900230146D1B90398296FD4
:10FEB00020447843B0FBF1F0B9F1000F3FF47AAF82
:10FEC000049A09F1FF3102FB11A103FB0AF3B1FB14
:10FED000F9F1B3FBF9F301EBD171034403EB6100DA
:10FEE00068E78845E2D0013358460593FDF7B9F934
:10FEF000059B0146D9E700205CE72DE9F04F00F1B2
:10FF00003803E7B00546184688460093FDF7E3F945
:10FF100000284DD108F1180602AC05F11402314653
:10FF20002046FCF784F8002842D096E80F0006AF80
:10FF300087E80F0094E80F0086E80F000EA8F1F79D
:10FF40007EFC0EAA4FF4C0212846CDF84880EEF77B
:10FF5000E2F92EA8D8F7E0FD2EAA4FF4C0212846DA
:10FF6000CDF8C880EDF7B7FE4FF4C0212846FFF763
:10FF700026FC00EBD0704FEA60094FF4C021284600
:10FF8000FFF71DFC00EBD0704FEA600A0098FDF708
:10FF900065F9BAF1000318BF0123B9F1000F08BFDA
:10FFA00000230446019334B906AB0FCB86E80F005B
:10FFB00067B0BDE8F08F40220EA91EA8FEF773FAC5
:10FFC00070222EA94AA8FEF76EFAE368ADF8A430B5
:10FFD0001B0C8DF8A630A37BA289ADF849218DF8C2
:10FFE0004B31637DDF075CD5D4E900376A69A969C5
:10FFF00002EB030B0F44ABEB09010A9109EB0B0178
:020000023000CC
:100000000C91A7EB0A010B910AEB07010D91217DE1
:1000100088071AD011F0010F08BF5A46CDE92527ED
:10002000227D91074CBFEA695A46CDE927271EA9D0
:100030000022404621924D92F1F71BFC019B23B117
:100040000AAA4AA94046F1F7A9FC227D12F00C0F3A
:100050001BD0CDF894B0227D52074CBFAA693A4616
:10006000CDE9262B237D1B0748BF2F6A2897012344
:100070001EA9404621934D93F1F7FBFB019B23B151
:100080000AAA4AA94046F1F789FC109B0133109354
:10009000309B0133309321460098FDF7E6F8044683
:1000A00081E7A2686FF000439A42F4D00AAB21695D
:1000B0002846FFF759FEDDE90A3797E738B591F88A
:1000C000303013F001050C4603D1C86ADFF7B4FCE9
:1000D000E56238BD2DE9F04FD1B00546FCF75FFE73
:1000E00004462846EEF79EFA5A2200218046204612
:1000F000EFF73EFE05903490FAF743FF27220021E8
:1001000081462046EFF734FE30223490C7B20021FA
:100110002046EFF72DFE10220546349000212046A0
:10012000EFF726FE012F00EB05033490049340F017
:10013000BA80132200212046EFF71AFE05463490BC
:10014000152200212046EFF713FE122234904FF4BF
:10015000003106462046EFF70BFE132234904FF491
:10016000003183462046EFF703FE102234904FF40F
:10017000003182462046EFF7FBFD112206903490B5
:100180004FF400312046EFF7F3FD6A2234900990D6
:100190004FF400312046EFF7EBFD6B224FF40031B6
:1001A000079034902046EFF7E3FD0890349034A890
:1001B000D8F7B2FC34AA4FF400312046CDF8E080E5
:1001C000EDF789FD012F099B75D1E269521B0F9252
:1001D000A2EB0902A2EB0B02A2EB0A0201320D9282
:1001E000049AA1690698114401EB090202440D9892
:1001F0000E911A44CDE911010F99013ACDE913127C
:10020000109211A8DDE90712FBF7F7FE11AA34A935
:100210004046F1F7C3FB5C2200212046EFF7A8FD22
:100220005B228246199000212046EFF7A1FD0025B0
:100230006FF06042CDE901251990CDF800A003468A
:10024000059AE16A0BA8FDF73AFF19A8D8F77AF8E2
:1002500019AA29462046CDF87480EDF77AFFE36AA3
:1002600020930DA8FCF746FAA0EB090000EBD07034
:10027000012F0B9A4FEA600026D10D9B9B1B179311
:100280009B1A1593A369049A1A4413460C9A0344C3
:10029000169319A91344404615AA1893F1F7A7FA23
:1002A00051B0BDE8F08F122200212046EFF760FD2B
:1002B0003490054444E7626915440D954D445D440E
:1002C0005544013D0F958BE70F9B1E443244159614
:1002D0001792D7E7CB6A0022DA627047C06A10B182
:1002E0000021F0F79EBA7047F7B504460F46FFF7B6
:1002F000F5FF064618B3EEF7C2FB05462046EEF7BB
:10030000D1FB85421BDD5A2200213046EFF730FD3C
:100310000190FAF736FE5C22054600213046EFF7E1
:1003200027FD216C019005443A46E06A6943D5F700
:10033000ADFBE06A03B0BDE8F040EEF768BD03B086
:10034000F0BD10B50C4620464FF48061EDF7FCF887
:1003500020460421EDF7F8F820464FF40031EDF780
:100360003FFB20460121EDF73BFB2046BDE8104056
:10037000E4F7B6BFC86A38B50C4618B1F0F7B0FA62
:100380000023E36294F84C3013F0100503D1A06B06
:10039000DFF752FBA56338BD2DE9F04714464FF651
:1003A000FF729442A8B006460F4662D0C56AB5F8FF
:1003B000288098451FBF2B8595F82A3043F0080305
:1003C00085F82A300DA8D7F7BDFF0DAA4FF480217C
:1003D00028461197EDF7BDFE5C224FF48021284698
:1003E000EFF7C6FC099019903046FFF777FF0646F5
:1003F00000283ED01798FAF7C4FD1999B3690A1876
:1004000004FB023201EBD173A2EB630202920244BD
:100410000A446B690193013A07F118040DF1140ABB
:10042000EB690492214601AA50460393FBF7FFFDB6
:10043000B8B194E80F000DF1240989E80F009AE89B
:100440000F0084E80F00304600F02BFF06F1140285
:1004500014900DA93846F1F7CAF999E80F0084E81D
:100460000F0095F82A30A5F828806FF3C30385F8AC
:100470002A3028B0BDE8F0872DE9F04792464FF6C4
:10048000FF729245A0B005460E464AD0C46A278D39
:100490009F421FBF238594F82A3043F0080384F855
:1004A0002A305A224FF480212046EFF761FC4FF4A6
:1004B00080215C22814604902046EFF759FC80465B
:1004C00004904846FAF75DFD81462846FFF706FF8F
:1004D000826909EB08030AFB032208EBD873A2EB3D
:1004E000630201924A44EB6A4244013A039204A82F
:1004F0005A69DB6902930092D8F70EFB04AA4FF405
:10050000802120460896EDF7E6FB6A4604A93046AE
:10051000F1F744FA94F82A3027856FF3C30384F87F
:100520002A3020B0BDE8F087F7B506460D46FFF744
:10053000D5FE0446C8B183695A220021ED1AEFF7AF
:1005400017FC0190FAF71DFD5C22074600212046AA
:10055000EFF70EFC00EBD07305EB6305F36B07447C
:1005600095FBF7F0834200D8581E03B0F0BDF8B5F4
:1005700000230D460446C3630139E26B11F8013FC5
:1005800001323BBBC4E90F2363642846FEF7A3F89E
:10059000471CA06B38B194F84C3013F0100602D110
:1005A000DFF74AFAA6633846DFF72CFAA063A8B152
:1005B0002946FEF7B0F894F84C306FF30413204648
:1005C00084F84C30EEF723FCE06A38B1BDE8F8401F
:1005D000EEF71DBC0A2B08BFE263CEE7F8BD38B5C5
:1005E00000230D460446C3630139E26B11F8013F55
:1005F0000132D3B9C4E90F23636494F84C30DB06AD
:1006000003D4A06B08B1DFF717FA94F84C30A56358
:1006100043F01003204684F84C30EEF7F8FBE06A14
:1006200038B1BDE83840EEF7F2BB0A2B08BFE263F1
:10063000DBE738BD10B5036C8B42044610D0C36BAA
:100640008B4298BF03F1FF31C36AC0E9101113B1A7
:100650000021FFF749FE2046BDE81040EEF7D7BB6A
:1006600010BD006C7047F8B50446806B0D46164609
:1006700060B1FEF730F800231946814202D0626C67
:100680009A4205D1002306F1FF3C0AE00870F8BD4C
:10069000A26B525C0A2A08BF01330131EDE7EA542C
:1006A0000133CA18824207D2A76BBA5C0A2A03D068
:1006B000002EF4D09C45F2D80022EA54E7E72DE959
:1006C000F04FE3B00546FCF76AFB04462846EDF719
:1006D000A9FF3022064600212046EFF749FB1222EF
:1006E0000546429000212046EFF742FB13224319B2
:1006F0000021429020460593EFF73AFB429000EB31
:10070000050A0CA8D7F71EFE0CAA4FF400312046AC
:100710001096EDF71EFDD4F83080B8F1000F06D129
:10072000802242A92046FFF79EFF0DF584782722FC
:100730000021204694F84C70EFF71AFBC5B2012D4A
:10074000279004D007F00F077B1E5D425D41606B70
:10075000002834D0F0F723FF022881466FD19DF89E
:100760008B30169ADB0802936FF060430193189B5D
:100770000093616B199B27A8FDF7A1FCDDE927B762
:10078000A36909933B44013B20460B9350F8143F67
:1007900008935B44013B0A93002D5ED00023009335
:1007A000059B072208A9FBF7FFFDB9F1020F59D1FC
:1007B000636B139308AA0CA93046F1F718F827A821
:1007C000D7F7C0FD27AA002120462B96EDF7C1FCE4
:1007D0009DF8F730319ADB0802936FF06043019384
:1007E000339B009306A8349B4146FDF768FC636980
:1007F000069A08931344013B0A93A369079A099345
:100800001344013B0B93636B04F11400002B4DD197
:100810000093092208A9FBF7C7FDCDF8B880236B28
:100820002BB99DF8F83043F001038DF8F83008AA91
:1008300027A93046F0F7DBFF63B0BDE8F08F606BAF
:1008400027A9F1F7E7FA012813BF4FF0FF37BDF8EA
:10085000A0B0BDF8A270BB4692E70095CAF10003B4
:1008600008229FE727A8D7F7AFFB07EBD77727AA80
:1008700020464FF400310BEBDB7B2B96EDF7D2FCDF
:100880007A104FEA6B0138A8FBF743FF70224FF450
:1008900000312046EFF76CFA06903390636B2E938D
:1008A00008AA27A93046D7F769FC88E72DB10023AD
:1008B00000930822CAF10003ACE7059B00950722CC
:1008C000A8E72DE9FF4104460121ECF779FE204617
:1008D000E56AEFF79BFF01462846F0F736F8E06A35
:1008E0004FF0FF31F0F7A2F8E06A0121ECF72CFE9F
:1008F000002226212046D4F73BF82046FFF7EEFCE5
:10090000A16B064600F02CFD6FF04041E06AEEF767
:1009100008F83046D4F7CEFCE06AEEF7ADF80546AD
:100920002046EEF7A9F8854210DC94F84C204FF4ED
:10093000887302F00F02D340DB0707D52046E56A33
:10094000EEF79AF801462846EDF7EBFF3046EEF752
:1009500096F8302205460021E06AEFF709FA1022E6
:10096000804603900021E06AEFF702FA112200EBC3
:10097000080703900021E06AEFF7FAF93D4400EB25
:1009800008031D4494F84C30039003F00F07082F20
:1009900068D1236A05EB0308D6F79AFCD6F7B8FCB2
:1009A000804565DDD4F81880D6F792FCD6F7B0FC08
:1009B000236AC01A80454DDDA3690427013BAB4281
:1009C000A8BF2B461946E06AEDF7C2FF002120467A
:1009D000FFF78AFC082F5FD100230093E06A0D2205
:1009E0002146D4F785FCE06AD4F764FC94F84C30D7
:1009F00003F00F03013B012B19D8E06AEEF716F85C
:100A00000746E06AEEF725F80546D6F761FCD6F70B
:100A10007FFCA8420BDCD4F82C80D6F759FCD6F723
:100A200077FC2D1A791B01394046EDF758FFA26B70
:100A300000213046EFF7CDFA0023022801461A467E
:100A400002D0032818BF0121304604B0BDE8F041B0
:100A5000EDF7C2BFD6F73CFCD6F75AFC236AC31A9F
:100A6000013BACE7042F03D1D4F81880A84501DB83
:100A70002B46A4E7D6F72CFCD6F74AFC236AC01A0B
:100A8000804507DAD6F724FCD6F742FC236A08270C
:100A9000C31A94E7A36992E7042FE06A04D1002304
:100AA00000930A2221469CE7012F03D100230093E3
:100AB0001022F7E7022F96D1002300931322F1E7CB
:100AC00010B501210446ECF785FD4FF6FF73E06A8F
:100AD000A3640121ECF784FF20460022BDE810400A
:100AE0002721D3F745BF08B50121C06AECF780FD87
:100AF00080F00100C0B208BD37B50446DAF7FEFB4E
:100B00000546FAF7A0FA50BB2046FFF7ECFF00B30A
:100B10002046FFF7D5FFD4E910329A420BD0636428
:100B200001AA232120460193D3F722FF01281ED1D9
:100B30002046EEF76CF92846FAF755FA042816D144
:100B40002046ECF769FD002103B0BDE83040ECF72A
:100B5000B7B9204603B0BDE83040FFF7B2BE636CC2
:100B60002364204603B0BDE83040EEF750B903B02F
:100B700030BD91F8583003F00303013B012B10B551
:100B80000C460AD8C86ADEF757FF0023E36294F8E0
:100B9000583043F0030384F8583010BD38B504468C
:100BA0000D46C16B006DFBF7C3FD2860216C606DC5
:100BB000FBF7BEFD686038BD2DE9F04304468BB0FD
:100BC00090468946D4F776FB2046EDF755FF05465B
:100BD0002046EDF754FF04AF064639462046FFF79E
:100BE000DDFF0297B4F84C300193B4F8483000931D
:100BF000636C3246294606A8F0F7DEFC6269069B64
:100C0000511E0B440693A3690799581E014407918E
:100C1000089901321144099A089101331A4406A92E
:100C200020460992EEF7C8F8C4E912982046D5F795
:100C3000FBFA00218046D6F721FC2046EDF7A3FC05
:100C400040460121D6F71AFC0297B4F84C300193C4
:100C5000B4F848300093636C3246294606A8F0F792
:100C6000ABFC6269069B511E0B440693A36907996E
:100C7000581E01440791089901321144099A0891BC
:100C800001331A4406A920460992EEF795F80BB0F5
:100C9000BDE8F0832DE9F04190F8593003F00F03DF
:100CA0000A2B8AB004460D466DD8B5F5616F64DA3B
:100CB000002D65DB636CAB425CD02046D4F7FAFABA
:100CC0002046EDF7D9FE06462046EDF7D8FE04AFE4
:100CD000804639462046FFF761FF0297B4F84C3052
:100CE0000193B4F848300093636C4246314606A83D
:100CF000F0F762FC6169069BA2690B440693079BAF
:100D000013440793089B0B440893099B06A91344BB
:100D100020460993EEF750F865642046D5F784FA2B
:100D200000210546D6F7AAFB2046EDF72CFC012151
:100D30002846D6F7A3FB0297B4F84C300193B4F8D9
:100D400048300093636C4246314606A8F0F734FC05
:100D50006169069BA2690B440693079B13440793A2
:100D6000089B0B440893099B06A91344204609934A
:100D7000EEF722F80AB0BDE8F081A5F5616594E7C9
:100D800005F5616594E7002594E72DE9F04190F8B9
:100D9000593003F00F030A2B1546036D88BF002559
:100DA0000E4688BF2E46B3428AB0044602D1436D38
:100DB000AB4266D02046D4F77DFA2046EDF75CFEC4
:100DC00007462046EDF75BFE04A980462046FFF764
:100DD000E5FE04AB0293B4F84C300193B4F848300C
:100DE0000093636C4246394606A8F0F7E5FB61695B
:100DF000069BA2690B440693079B13440793089B29
:100E00000B440893099B06A9134420460993EDF768
:100E1000D3FF2A46314604F15000FBF77AFC204606
:100E2000D5F702FA00210546D6F728FB2046EDF754
:100E3000AAFB01212846D6F721FB04A92046FFF78B
:100E4000ADFE04AB0293B4F84C300193B4F84830D3
:100E50000093636C4246394606A8F0F7ADFB616922
:100E6000069BA2690B440693079B13440793089BB8
:100E70000B440893099B06A9134420460993EDF7F8
:100E80009BFF0AB0BDE8F08138B590F8593003F007
:100E90000F030B2B044624D10021FFF7FBFE002299
:100EA00011462046FFF771FFE36B002B6FD0236CD8
:100EB000002B6CD02046D4F7FDF92046EDF7DCFD81
:100EC00005022046E36B95FBF3F5EDF7D8FD2946C7
:100ED000226C000290FBF2F22046BDE83840FFF79A
:100EE0006BBE0D2B23D10021FFF7D4FE002211464B
:100EF0002046FFF74AFFE36B002B48D0236C002B02
:100F000045D02046D4F7D6F92046EDF7B5FD0502C9
:100F10002046E36B95FBF3F5EDF7B1FD236C020280
:100F200092FBF3F2AA42A8BF2A461146D4E70E2B41
:100F300020D10021FFF7AEFE002211462046FFF728
:100F400024FFE36B1BB3236C0BB32046D4F7B2F939
:100F50002046EDF791FD05022046E36B95FBF3F586
:100F6000EDF78DFD236C020292FBF3F2AA42B8BFAB
:100F70002A46DAE70C2B0AD10021FFF78BFE00226C
:100F800011462046FFF701FF4FF48072CDE738BDD0
:100F90002DE9F0410D468AB00446EDF738FF2846AA
:100FA000F0F7FDFA0328064614D194F8583003F000
:100FB0000303013B012B02D8E06ADEF73DFD00236D
:100FC000E36294F8583043F0030384F858300AB0D1
:100FD000BDE8F08107A92846F0F71CFF0128F6D1EB
:100FE000002E40D1BDF81E30D90605D56B69002B07
:100FF000EDD0AB69002BEAD094F8583003F003032E
:10100000013B012B02D8E06ADEF716FDE562BDF870
:1010100020309DF81D00E363BDF82230236480007A
:1010200094F8583000F07C0006F0030623F07F03AC
:101030003043184384F858002046EDF766FD2046FB
:10104000FFF722FF636C3BB9A36CB3F5807F03D13C
:10105000E36CB3F5807F02D02046EDF794FA20468A
:10106000EDF7D5FEB3E7731EDBB2012BCFD8E76AED
:10107000AF420CD094F8583003F00303013B012B2E
:1010800028462DD9FDF75AFB0028A0D0E062022E99
:10109000BDD15A2200212046EEF76AFE5B220746A8
:1010A000059000212046EEF763FE5C228046059005
:1010B00000212046EEF75CFE6FF060430022CDE990
:1010C00001320590009043463A46294605A8FCF7B0
:1010D000F6FF059BADF82030069BADF8223096E771
:1010E000FDF72CFB00283FF472AFE062002FCED05A
:1010F0003846DEF7A1FCCAE78165EDF788BE416599
:10110000EDF785BE91F85C30DB0610B50C4602D4D5
:10111000C86ADEF791FC0023E36210BDF7B50C4608
:10112000022C0546194610460A9E9DF82C70DDE9F2
:10113000082312D10097FCF785FF04463046FBF7E1
:10114000D4FA04EBD4742B6800EBD0706410C4EBB9
:10115000600423442B6003B0F0BD032CFBD1009747
:10116000FCF770FF04463046FBF7BFFA2B68001B04
:101170000344EFE7022A02D0032A0ED07047436BE4
:10118000002BDCBF4B6B43634B6C43640B6C036401
:101190000B6903618B6B83637047436B002BDCBF70
:1011A0004B6B43634B6C43640B6C03640B690361CF
:1011B0007047436B013330B500D130BD00F12F04CF
:1011C000002314F8011F31B1C26A456B1A44013380
:1011D000042B5155F5D14FF0FF334363EDE74B1C22
:1011E00070B505460C4614D0C16A04222144303043
:1011F000FDF77CFA2E266C630023E96A1A19885CD5
:1012000018B10133032B8E54F7D1EA6A134400223C
:101210001A5570BD07B55C220021EEF7A9FD03B099
:101220005DF804FB07B55B220021EEF7A1FD03B0DA
:101230005DF804FB07B55A220021EEF799FD03B0D3
:101240005DF804FB37B590F85C30C3F340145A06E0
:101250004FEAC4044FF001024FF0000148BF44F0D0
:1012600001040546EEF784FD6FF04043984201907B
:101270000ED1052200212846EEF77AFD6FF060437B
:10128000984205D195F82B301B0758BF44F0020453
:10129000204603B030BD4164EDF7B9BD8164EDF780
:1012A000B6BDC06A7047F8B504460D4601B9C56AB7
:1012B0002046FFF77EFF2846FDF70DFA461CE06A40
:1012C000A8420AD194F85C30DB060FD43146284698
:1012D000DEF7BCFBE062C0B9F8BD38B194F85C3011
:1012E00013F0100702D1DEF7A7FBE7623046DEF706
:1012F00089FBE0620028EFD02946FDF70CFA94F84C
:101300005C306FF3041384F85C302046BDE8F8408D
:10131000E4F776B90EB477B5079E0446EDF777FD8E
:101320003EB92046E4F76CF903B0BDE8704003B065
:101330007047E06A38B194F85C3013F0100502D1C0
:10134000DEF77AFBE56208A930460191FCF751FE11
:1013500094F85C30E0626FF3041384F85C30E0E7EB
:1013600070B590F85C3013F0100604460D4604D1B9
:10137000C06A10B1DEF760FBE66235B194F85C300C
:10138000E56243F0100384F85C302046BDE870400D
:10139000E4F736B92DE9F04F044693B08B460EA919
:1013A000EDF790FBE36A04930EA8FBF79EF9079014
:1013B0000EA8FBF79FF908902046FFF73BFF8246F7
:1013C0002046FFF727FF07462046FFF72BFF814601
:1013D0005046F9F7D6FD80462046FFF733FF07EB6E
:1013E0000803054609930027049B3B440593049B8F
:1013F000DB5D002B38D13E46E26A00212046EEF745
:10140000E8FD022856D14B465246F11B059800953F
:10141000FCF718FE04460EA8FBF767F904EBD4743A
:1014200000EBD0706410C4EB60040023CDE90B73B3
:101430008DF82B300D93002E72D1B046DDE90C12E1
:101440005046F9F76BFDDBF80020A8EB09039A4240
:101450006BDB00EB0903013343449A42CCBF00200D
:10146000012013B0BDE8F08F099B43440693069A10
:10147000089B934208DA94F85C3003F00F03012BC9
:1014800004BF45F00405EDB200230193079B0093D0
:10149000059802954B4652464FF0FF31DDF714FE9A
:1014A000DBF80430434507EB0006A5DDDDF81880C6
:1014B000374699E703280CD14B465246F11B059855
:1014C0000095FCF7BFFD04460EA8FBF70EF9041BC0
:1014D000ABE70024A9E70B9B049A0DF12B00D15C2C
:1014E000FCF72CFD50B10B9B9E42A7D304980BAB8D
:1014F0000DAA0CA9FCF795FD002DECD1DDE90C122D
:101500005046F9F70BFDDBF800302044834202DA45
:101510000B97A04692E7A0460B9F09EB0004E2E779
:101520009846013E05F00805DDE7002099E7406C8C
:101530007047806C704790F85C00C0F340107047B3
:1015400010B508460C46FDF78DF9C0F3072384F863
:101550002C0084F82D30C0F30740FF2384F82E00C0
:1015600084F82F3010BD00F0C043B3F1005F17D1F5
:1015700020F0C0436FF06042934211D0B3F1805F1E
:10158000A2BFC3F17F6303F57F2303F6FF734B43D1
:10159000642093FBF0F08842A8BF084620EAE07080
:1015A00070470023C1E90B3391F8343023F0030373
:1015B000084681F834300221EBF7C6BF01F15C0028
:1015C000FBF795BE10B50C4620460121FAF780F8CE
:1015D00020460221BDE81040EBF7B6BF10B50C461F
:1015E00020460021FAF774F80223204600211A460B
:1015F000FAF77AF820460221BDE81040EBF7A4BFC5
:1016000010B5FBF7D6FB436B04464BB1006C38B109
:10161000D96A99B1FFF747FE206C0121EBF794FFDF
:10162000A36CA3B1606D90B1D96A59B1FFF73BFECD
:10163000606D0121BDE81040EBF786BF0121ECF79A
:10164000CFF9EDE7BDE810400121ECF7C9B910BDB5
:1016500091F8303010B50C461BB9C86A08B1DEF7F6
:10166000EBF90023E36284F8303010BD10B5084672
:101670000C46EFF7D3F8C16A2046EFF766F920462B
:101680000121FAF725F80223204600211A46FAF72D
:101690002BF820464FF48041BDE81040ECF7A0B98C
:1016A00010B50446806B78B3636B6BB394F86A1023
:1016B000C1F34201012906D002291ED051B9EFF72A
:1016C000B5F9012103E00021EFF7B0F90021606BCB
:1016D000FAF722F8A06BD3F729FB606BD3F726FB50
:1016E000A06BD3F7E7FDA06BEDF7DCF9012130B972
:1016F000A06BBDE81040ECF773B90121DFE7A06BE8
:10170000BDE81040EBF720BF10BD036D8B4209D040
:10171000C36B8B4208D190F8690001288CBF002070
:1017200001207047012070470020704710B5044623
:101730005C30FBF7DCFD002384F8683010BD38B561
:101740000446406B0D4610B1E16AEFF7FEF8002D3C
:101750003DD004F15C00FBF7DEFC056094F86830D6
:10176000216B013384F868302846EFF7EEF8A06D5E
:10177000656320B1A36C01216BB3EBF721FFA36C70
:101780009BB394F86A30D9070AD5DA06206D4FF07A
:10179000010123D5EBF7D8FE206D0221ECF720F9EB
:1017A00094F86830E06B012B4FF0010128D9EBF77A
:1017B000CBFEE06B0221ECF713F920460022232137
:1017C000D3F7D6F82046BDE83840FFF769BF20467A
:1017D000FFF7ACFFCBE7EBF7FDFED0E7ECF700F946
:1017E000206D0221EBF7B0FEDAE794F86830E06B89
:1017F000012B4FF00101DAD894F86A30DB06D6D419
:10180000ECF7EEF8E06B0221EBF79EFED5E7F8B5BA
:101810000446FBF7C8FA0A2840D12046FBF7BFFA76
:1018200005462046FBF7C5FAC36B9D42044602D02D
:10183000036D9D4232D194F8683084F869302946AE
:101840002046FFF762FF48BB04F15C073846FBF710
:1018500002FD014606463846FBF703FD0546E8B1A2
:1018600031463846FBF7B7FC3046DEF7E5F894F82A
:101870006830013B84F8683029463846FBF7ABFCFA
:1018800094F86830013B84F8683020462968FFF7F7
:1018900056FF2846BDE8F840DEF7CEB8F8BDEDF7B4
:1018A0001EB807B55A22EEF763FA03B05DF804FBE1
:1018B0000021EEF7B6BF07B55C220021EEF758FA1B
:1018C00003B05DF804FBF0B50E4685B00021054677
:1018D000FFF7E7FF4FF4802104462846FFF7E1FFBA
:1018E00007462046F9F74DFB04463846F9F749FB11
:1018F00007462846FFF7DFFFE31903EBD37300EB3E
:1019000063072846AC69EDF7BAF800EBD07004EB3A
:10191000600307EBD772A3EB620373603B44F36091
:1019200069462846EDF766F8009B3360029BB3607A
:1019300005B0F0BDF8B590F83C3003F00303012B7F
:10194000044634D1826B036BC16AB1FBF2F15208D9
:101950004A43B3FBF1F501FB153313440363B3FBB7
:10196000F1F501FB1533134443630021FFF799FFA1
:1019700005462046FFF79FFF06462846F9F701FB7C
:1019800007462046EDF78EF805462046FFF790FF04
:1019900007EBD773216B05EBD5755B10C3EB6503C4
:1019A0003E4401FB1631BDE8F840ECF798BFF8BDA6
:1019B00008B50068EEF732FFBDE80840FFF7BABF90
:1019C0002DE9F04FB5B00546FBF7EDF90646284680
:1019D000FBF7E5F91D2E044619D12846ECF722FE47
:1019E00014A905462046FFF76EFF18A8D7F794F80C
:1019F00018AA4FF4802120461C95ECF76CF914AA24
:101A000018A92846EFF7CAFF35B0BDE8F08F202EA1
:101A1000FAD12846ECF706FE804618A8D6F792FCC5
:101A200018AA4FF480212046CDF8708008F11805DF
:101A3000ECF78FFB0DF1300908A92046FFF743FFB3
:101A400008AA29464846FAF7F2FA0028DCD02046D0
:101A5000FFF72EFF0746FFF76EFD28B19DF8BB305C
:101A600043F040038DF8BB303846FFF71AFC059071
:101A70002046DDE9246BDDF888A0ECF7FDFF0122AC
:101A80005B46CDE9010205990096524606A8FCF78F
:101A900016FB2046ECF7F3FF002106462046FFF731
:101AA00000FFC368BA6903EBD37302EB6302A36957
:101AB00006EBD676834603EB660338464FEA660AA2
:101AC000D61AECF7DCFFDBF80C30A269C01A229BB7
:101AD0009244DB68079A0028C8BFB603A2EB030252
:101AE000C8BF96FBF0F6724303EBD3730AEBA23642
:101AF000002130222046A6EB6306EEF739F91222C8
:101B00008346149000212046EEF732F913228246D4
:101B1000149000212046EEF72BF9149063699A4443
:101B20000AEB0B03CDE91036E369181A079B33441F
:101B300013939DF8BB3043F008038DF8BB30A0EB46
:101B40000B00129095E80F0014AC84E80F0099E8A0
:101B50000F0085E80F003846FFF7A3FB10AA1F907F
:101B600018A94046EFF743FE94E80F0085E80F0000
:101B70004AE72DE9F0434FF4807985B004460E46DC
:101B80004D460027CCB9002D08BF012502ABB9F1A5
:101B9000000F08BF4FF0010900934FF48032019409
:101BA00092FBF9F37942304692FBF5F2CDE902441B
:101BB000FAF78DFD05B0BDE8F083702200212046C4
:101BC000EEF7D6F8029038446E22002107B2204684
:101BD000EEF7CEF86F228046029000212046EEF705
:101BE000C7F8B8F1010FB8BF4FF001080128029003
:101BF000B8BF012009FB00F04FEA20292046EEF78C
:101C00000DFE05FB08F84FEA28250446BAE770B533
:101C100086B00546FFF74CFE0446E8B14FF480213C
:101C20002846FFF73EFE5B224FF4802106462846F9
:101C3000EEF79EF8054604902046FFF732FB00239E
:101C40006FF06042CDE901230146009304A82B46C2
:101C50003246FCF734FA049806B070BD2DE9F74F10
:101C600004460E461546FFF723FE0023C4E90C3355
:101C70000746E362721EE36A12F8018F0133B8F17E
:101C8000000F13D1E36294F83C30A5B965F301036A
:101C900084F83C3031463846FFF705FB236B63631D
:101CA000384603B0BDE8F04FECF76DBCB8F10A0F51
:101CB00008BFE362DFE7012262F3010384F83C30EE
:101CC00041462046FFF7EDFDD4F82C90F9F759F97D
:101CD0005B22414605462046EEF74AF8054409FBDB
:101CE00005F54FF47A7393FBF5F30F2BA8BF0F2381
:101CF000032BB8BF0323DA0758BF0133A363304671
:101D0000FCF7E9FCA56B00FB0555012D38BF01254B
:101D100000F101092846DDF775FE4FF0000A804604
:101D2000A26B524500EB090B15D84544002305F87A
:101D3000013C41463846FFF7B6FA4046DDF77CFEE7
:101D4000A36BE16A5A084A434B432263E36220468D
:101D5000FFF7F0FDA2E73146FCF7DDFC0A230AF1AC
:101D6000010A0BF8013C5846DAE7F0B490F83C4021
:101D700004F00304012C0B461146C26A16D1846B91
:101D8000B2FBF4F4A34211D2056BB5FBF4F7674341
:101D9000ED1BEE1A1FFA86FC36B2002ECCBF66464B
:101DA0007642B6EB540F0AD81C46E319934228BF7B
:101DB00002F1FF33F0BCC0E90C33E4F7F5BB9D4200
:101DC0008CBFE4181C1BF0E707B51322EDF7D0FF1A
:101DD00003B05DF804FB07B51222EDF7C9FF03B0AD
:101DE0005DF804FB07B51022EDF7C2FF03B05DF804
:101DF00004FB07B51122EDF7BBFF03B05DF804FB50
:101E00002DE9F84F0F46002104469046FFF7E3FF07
:101E1000002106462046FFF7D7FF002182462046D4
:101E2000FFF7E0FF002105462046FFF7E2FF81466D
:101E30002046ECF721FEA0EB060B2046ECF71FFE38
:101E4000401BA0EB0900ABEB0A0B8345204613DADD
:101E5000ECF712FE831BA3EB0A03626903EBD37357
:101E60005B101A4432443A60A2691A442A447A60E8
:101E7000C8F80030BDE8F88FECF701FE431BA3EB78
:101E80000903EAE7F0B5154687B000221C466FF05B
:101E90006043CDE901320B6B009306464B6B8A6AB7
:101EA000C96904A8FCF70BF996F83C30012B23D83C
:101EB000049B2A6803EBD3735B105B421A442260D5
:101EC0002A68D21AA26096F83C306D68012B4FF454
:101ED0000031304607D1FFF78CFF059B0544656054
:101EE0002B44E36006E0FFF77DFF059B2D1AE560BC
:101EF000ED1A656007B0F0BD082B28D025D8022B5D
:101F000001D0042BF6D1059B6A6803EBD3735B10F9
:101F10005B421A4462606A68D21AE26096F83C300A
:101F20002F68022B25D1049B4FF400313046FF1A55
:101F3000FFF751FF3F1A27604FF4003130462D68FC
:101F4000FFF749FF2D1AA560D4E7102BD2D1049AD0
:101F5000286802EBD273A0EB63002060059B6968E0
:101F600003EBD376A1EB660102446160A2600B44EF
:101F7000B7E74FF400313046FFF726FF07442760EC
:101F80002D68049B4FF4003130461D44FFF71CFFC1
:101F90000544D8E770B50C4601F12C06236B30469A
:101FA0001BB9BDE87040FBF7A2B9FBF754F9054631
:101FB00001463046FBF70FF92846DDF73DFDEDE71A
:101FC000F7B506460C461D461746002A39D06A4624
:101FD00048213846FBF7F1FC01281AD1009820630C
:101FE0006A464C213846FBF7E8FC012818D1009BD3
:101FF000A3851B0C84F82E306A464D213846FBF72A
:10200000DCFC012816D19DF8000084F83C0003B0E8
:10201000F0BD482229463046EDF7AAFE0190DEE7E2
:102020004C2229463046EDF7A3FE0190C0F307434A
:10203000A085DFE74D2229463046EDF799FEC0B274
:10204000E3E719464C22EDF793FEC0F307430190F6
:10205000A08584F82E304D2229463046EDF788FEC3
:102060004822019084F83C0029463046EDF780FE76
:102070002063CCE72DE9F04F0446ADB00846ECF7FD
:10208000D1FAB4F84830C3F30E03012B06460DD93C
:1020900094F83C30022B00F0C180082B0BD008D8FC
:1020A000012B40F2BB80042B00F0B8802DB0BDE8BE
:1020B000F08F102BFAD10CA8EEF7C8FF08AF0CAACE
:1020C000002120461096ECF792F904AA39462046E2
:1020D000FFF796FED4E914231A440092D4E91012B3
:1020E0000846FBF700FAD4E914231A440092D4E915
:1020F000101205461046FBF7F6F9024697E8030072
:1021000017AB83E8030004F12C0B049BADF864309B
:1021100030460CA9CDE91552EEF7AFFF5846FBF754
:102120009DF807460028C1D01CA8EEF78FFF0DF1DF
:10213000280A1CAA002120462096ECF758F905AA87
:1021400051462046FFF75CFED4E914231A4400925E
:10215000D4E91012F868FBF7C6F9D4E914231A443D
:102160000092D4E9101281463869FBF7BCF93D684A
:102170008046002D00F0548106AA50212846FBF726
:102180001CFC012840F021810698249006AA5221C7
:102190002846FBF712FC012840F01E81069BADF893
:1021A0008C301B0C06AA532128468DF88E30FBF785
:1021B00004FC012840F01B819DF818008DF8AC004C
:1021C00006AA51212846FBF7F8FB012840F01781A9
:1021D000069800F001009DF8AD3006AA60F30003F8
:1021E000542128468DF8AD30FBF7E7FB012840F07D
:1021F000108106982A909AE8030027AB83E8030031
:10220000059BADF8A4301CA93046CDE92598EEF722
:1022100034FF39465846FBF728F882E70CA8EFF759
:102220000EFB0CAA002120461096ECF774F8302221
:1022300000212046EDF79CFD002180461C902046A1
:10224000FFF7D0FD002100EB08052046FFF7D1FD88
:10225000002100EB08072046FFF7BDFD0021814665
:102260002046FFF7B1FD94F83C30022BD4E9171259
:1022700000EB080C6CD11898E36900EBD07003EB0D
:102280006003A3EB0C03013BA06908930A93236A44
:102290000544DB1B01EBD17102EBD272A5EB6105AA
:1022A00003EB620309950B9302AD08A92846FAF7E0
:1022B0002BFA95E8030013AB83E803000AA928462C
:1022C000FAF722FA95E8030015AB83E8030004F15E
:1022D0002C0930460CA9EFF7CCFA4846FAF7BEFFB6
:1022E000054600283FF4E2AE1CA8EFF7A8FA1CAAA6
:1022F000002120462096ECF70EF82B6AEF6903EBDD
:10230000D37894F83C3007EBD777022B4FEA670776
:102310004FEA680801D0042B4FD1AB6ADDF820A04A
:102320001F442B6BA3EB080BD0462A6800231CA983
:102330002046FFF745FE1CA93046CDE923A7CDE98D
:10234000258BEFF796FA29464846FAF78EFFC7E73E
:10235000042B09EB080007D1189B03EBD37C6369BE
:1023600003EB6C0303448EE7012B11D0D3B10023A0
:102370009C46E56909932D1A01EBD17102EBD272EB
:10238000ACEB610105EB62050B9308910A958BE7B5
:102390006369189F9C44A36907EBD77703EB670336
:1023A0002B44E6E76369189D00EB030C236A05EBF9
:1023B000D57503EB6503DB1BDBE76B6AA3EB070A51
:1023C000099FEB6ABB469844AFE7502200212046A4
:1023D000EDF7CEFC0790D8E6522200212046EDF71B
:1023E000C7FC0790C0F30743ADF88C00DAE6532230
:1023F00000212046EDF7BCFC0790C0B2DEE651227A
:1024000000212046EDF7B4FC0790003818BF0120EA
:10241000E1E6542200212046EDF7AAFC0790E9E608
:10242000522229462046EDF7A3FC5322C0F307436E
:102430000790ADF88C00294620468DF88E30EDF7D8
:1024400097FC502207908DF8AC0029462046EDF706
:102450008FFC51220790249029462046EDF788FCF6
:102460009DF8AD300790003818BF012060F30003DD
:102470008DF8AD3054222946CDE72DE9F04FA1B0BB
:10248000044610A80E4693469946EFF7D8F910AACD
:1024900000212046EBF73FFF0322BBF1000F1DD0C8
:1024A0004FF400312046EDF763FC0D220C9082467C
:1024B0004FF400312046EDF75BFC00250C90804680
:1024C00094F83C30022B77D0082B1AD017D8012B68
:1024D00072D9042B70D021B0BDE8F08F4FF4A02149
:1024E0002046EDF745FC0D220C9005464FF4A02147
:1024F0002046EDF73DFCDA460C908046E0E7102BD5
:10250000E9D10CA92046ECF7DDFA0CA8FAF7EDF8B2
:1025100007460CA8FAF7EEF800EBD070431007EB73
:10252000D777B3EB670F0CA840F30F81FAF7DDF80C
:10253000236D0C9A0D995E43B4F8483000EBD070CF
:102540004710C3F30E030A204643013BB6FBF3F6E4
:10255000636D00FB03661C9B39443A44FF1A94F8F0
:102560003C300A92BBF1000F18BF55463A44082B85
:102570000CBF7D1BED19424400270AAC4FF4807359
:10258000C9E900210B911A4631464846019700944B
:10259000FAF79DF80A9B2A9A2A981D442A9B4544DB
:1025A0001D600B9B53604FF48073CDE900471A46C2
:1025B0003146FAF78CF88EE7302200212046EDF7FD
:1025C000D7FB002107460C902046FFF70BFC0021AB
:1025D000C31920460393FFF70CFC0021C3192046C2
:1025E0000493FFF7F1FB0021C31920460593FFF781
:1025F000F2FB4FF4A02100EB07082046FFF7E4FBB5
:102600004FF4A02108902046FFF7E5FB4FF4A021EE
:1026100006902046FFF7E6FB4FF4A02107902046E6
:10262000FFF7E7FB94F83C10099002291C9838D179
:10263000E769059B079A00EBD07007EB6007FF1A6C
:10264000039B9A18A3691344BBF1000F18BF5546AA
:10265000B4F848A00229CAF30E0A0AF1FF3A39D1A8
:10266000564516D0049B099A9A18236A9B1A86B17C
:1026700020460593ECF703FADDE903231A44079B90
:102680001A44099B1A44059B801A704390FBFAF088
:102690001B1A013F2A9AC9E900737F1B1760536018
:1026A00019E700EBD070042967694FEA600023D175
:1026B000039B079A9A18A369074447441344B4F844
:1026C0004820BBF1000F2BD0CAF10005C2F30E0A5F
:1026D0000AF1FF3A0429C3D0564523D1069AE76987
:1026E0009044A7EB0807C9E900732A9B2A9A1F6048
:1026F000D9F804302B44D2E7012907D1089A059B69
:1027000013441F44A369039A03449CE7069B226A6F
:1027100043441F448318049A9B1A0029CFD093E79F
:102720006D42D3E7002EDED020460393ECF7A4F9E8
:10273000059A089B42441A44069B1A44801A704327
:10274000039B90FBFAF00744CDE7F9F7D3FFEFE6E0
:1027500038B591F8A0300C4623F00303002581F82A
:10276000A030C1F89C5020464FF48071EAF7ECFE8F
:1027700010212046EAF7E8FE4FF480612046EBF78F
:102780002FF92846D4F7E4FD1D280CDD2846D4F7A0
:10279000DFFD142300F10A0191FBF3F12046BDE8AF
:1027A0003840ECF7DFBB0121F8E738B590F870301E
:1027B00013F0380305460AD1ECF75EF904462846C3
:1027C000ECF75DF98442B4BF0020012038BD083B1E
:1027D00058425841FAE72DE9F3470C460546511097
:1027E000002B4CD023685B1A23601344013BA36089
:1027F00083696360036AE36012224FF44031284624
:10280000EDF7B6FA1322019007464FF440312846FF
:10281000EDF7AEFA1022824601904FF4403128467F
:10282000EDF7A6FA1122019080464FF44031284678
:10283000EDF79EFA6A22814601904FF44031284616
:10284000EDF796FA6B22064601904FF44031284688
:10285000EDF78EFA22683744D21B2260A2685644F4
:102860003244A26062688044A2EB080203466260C0
:10287000E2684B441A44E26002B0BDE8F087636846
:102880005B1A63601344013BE36043692360C369DF
:10289000A360B1E708B5FCF7E8FB012803D0831E6D
:1028A00058425841400008BD2DE9F04F87B00F460F
:1028B0000446D8F723FD0646F8F795FB012840F0BB
:1028C000A3803046F8F7BFFB002840F09D8002A9A6
:1028D0003046F8F79BFB032202A92046ECF79EF94D
:1028E0002046FFF762FF05468FB194F8A030DB0762
:1028F0000DD4002800F08B80D4F89420029B9B1A02
:10290000002B96F82420B8BF5B4293427CDBD4F8BE
:102910009C8004F13806B8F1000F0ED12046FFF775
:10292000B9FF94F8A030012843F0010384F8A030E7
:1029300071D804F12C03C4F89C30D4E90C37272259
:1029400000212046FF1AEDF713FA5FFA80F8049091
:102950002046FFF72AFFB8F1010F94F84C900CBF06
:1029600080464FF00008002D00F0DB80122200218D
:102970002046EDF7FDF900218246132204902046FF
:10298000EDF7F6F9834604902046ECF775F8C1455B
:1029900014BFE1696169029BA0EB0A0214BFA1EBBD
:1029A0000B018A44A2EB0B0214BFCB1AA3EB0A0360
:1029B00042B102EBD271491007FB031393FBF2F211
:1029C000236B1344D4F89C20D4E90C10B2420CBF02
:1029D000E06AA16B8342A8BF03468B42B8BF0B4697
:1029E0001168994210D01360002D00F0C4804FF49C
:1029F00000712046EAF7A8FD2046ECF708FA00220D
:102A000023212046D1F7B4FF07B0BDE8F08FD4F8FA
:102A10009820039B73E702288FD1D8F76FFC04A995
:102A2000F8F7F4FA032204A92046ECF7F7F8272276
:102A300041462046EDF79CF90190C7B22046FFF7CA
:102A4000B4FE012F94F84C301DD1F8B90599002B34
:102A500057D1D4F888309942FFF66BAFD4F8803064
:102A600099424BDCA26FD4F88000D4F88830801AE9
:102A700000EBD07002EB6002521A002AD4F89000EA
:102A8000B8BF52421CE00028E0D047469F4204995C
:102A90002CD1D4F88C308B42FFF64BAF636F994248
:102AA0002CDB626FE06FD4F88430801A00EBD070BA
:102AB00002EB6002521A002AD4F88C00B8BF5242CE
:102AC000C01A00EBD07003EB60035B1A002BB8BF99
:102AD0005B429A421EDD04F12C03C4F89C3094F84A
:102AE000A0306FF3410384F8A03026E7D4F8843097
:102AF0009942FFF61EAFE36F9942D2DDC4F89C60A5
:102B00001BE7D4F8903099423FF713AFA36F994277
:102B1000F4DBA7E794F8A030C4F89C6043F002030C
:102B2000E1E7102229462046EDF722F9294683469F
:102B3000112204902046EDF71BF9824604902046AE
:102B4000EBF79DFFC14514BFA169216A039BA0EB70
:102B50000A02A2EB0B020DBF8A448B44A3EB0B0AC3
:102B6000AAEB030A02EBD2735B1007FB0A3393FB59
:102B7000F2F3226B25E74FF480713AE72DE9F04735
:102B8000BCB00546FAF70BF904462846EBF74AFDB8
:102B90002722002180462046EDF7EAF82090C5B2B2
:102BA0002046FFF702FE012D074694F84C90204680
:102BB00022D177B1FCF75EFA06462046EBF75FFFBD
:102BC000824606B3E36A002B1DDAA9451DD1E36BEB
:102BD0001CE0FCF74FFA06462046EBF74DFF824615
:102BE000002E40D0E36A002B3DDAB9F1000F3DD151
:102BF000A36C019300250AE0FCF73CFA0646002F7F
:102C0000EAD00025D9E7A945E1D1636C009304A877
:102C1000D5F782FF04AA4FF440312046CDF820803A
:102C2000EBF759F83B46524669462046FFF7D3FD7D
:102C3000009BC4F88430019BC4F88830029BC4F820
:102C40008C30039BC4F890302046FFF723FE022807
:102C500004F184060CD0324604A94046EEF79EFEED
:102C60003CB0BDE8F087B9F1000FC1D1236CC0E7DB
:102C7000702204A920A8FBF716FC324604A940469E
:102C8000EEF78CFEDFB1A9450CBFE36B636C0093DC
:102C90003B46524669462046FFF79DFD009B636711
:102CA000019BA367029BE367039BC4F880307022FB
:102CB00020A904A8FBF7F7FB04F17402CCE7A945AF
:102CC0000CBFA36C236C0193E2E7D0F880300A219B
:102CD00093FBF1F3012BB8BF0123C0F88030E4F778
:102CE000FBBDD0F88020816F0A235A43C36F002BAD
:102CF000B8BF5B428B42B8BF0B469342A8BFC0F837
:102D00008020E4F7E9BD426FD0F88010002A13DA82
:102D10005318002B10DD5B420B44816F8B4206DDA4
:102D200090F88530DB0709D5914209D1C36F9342F2
:102D300008D04367E4F7D0BD1346EDE70B46F6E74E
:102D40000B46F6E77047426FD0F88010002A12DD7C
:102D50008A4210DA8B1A5B1AC16F8B4206DA90F83E
:102D60008530DB0709D5914209D1836F934208D0A2
:102D70004367E4F7B1BD1346EDE70B46F6E70B46B4
:102D8000F6E77047FBF777BFFBF7A9BF10B50C4616
:102D900020460221EAF7D8FB2046C822BDE81040B1
:102DA0004FF47A71E4F7EABE00684FF0FF33C36274
:102DB000ECF72DB8C162ECF72AB808460021DBF722
:102DC00003BE10B54FF0FF33CB6291F830300C46A4
:102DD0006FF3020381F8303020461021EAF7B4FB8C
:102DE00020460821EAF7FCFD20464FF48061BDE84B
:102DF0001040EAF7F5BD2DE9F041C0B00546F9F7FE
:102E0000CEFF04462846EBF70DFC694606462046F1
:102E1000EBF758FE08A8D5F77FFE08AA4FF400315B
:102E200020460C96EAF757FF6A4608A93046EEF7A7
:102E3000B5FD63690493A369059304F11405E3697F
:102E400006932846236A0793F9F74FFC074628465E
:102E5000F9F750FC94F8303003F00703012B03D04E
:102E6000022B6DD087426BDB2046EBF708FE07464E
:102E70002846F9F73AFCE56A6A1CA0EB070856D029
:102E800043465D4348BFFF352D12272200212046CF
:102E9000ECF76EFF2490C0B20128049B08BFA8EB9A
:102EA0000505012FB8BF01271D44013F2F4404959C
:102EB000069712224FF440312046ECF759FF1322B7
:102EC000804624904FF440312046ECF751FF102209
:102ED000074624904FF440312046ECF749FF4FF469
:102EE00040310546249011222046ECF741FF049A18
:102EF0002490A2EB08020492069A3A440692059A9C
:102F0000521B0592079A024424A80792D5F704FEA3
:102F100024AA20464FF440312896EAF7DCFE04AAA2
:102F200024A93046EEF73AFD40B0BDE8F0812046D6
:102F3000EAF76AFB10F0010F14BF45460025A4E72D
:102F40002046EBF799FD07462846F9F7D3FBE56ADB
:102F50006B1CA0EB070819D043465D4348BFFF3503
:102F60002D12272200212046ECF702FF2490C0B248
:102F70000128079B08BFA8EB0505012FB8BF012753
:102F80005B1B013F0793DB1B059392E72046EAF7A3
:102F90003BFB10F0010F14BF45460025E1E707B5E4
:102FA0001222ECF7E5FE03B05DF804FB07B513222F
:102FB000ECF7DEFE03B05DF804FB07B51022ECF77A
:102FC000D7FE03B05DF804FB2DE9F04F89B007464A
:102FD00010468A4690460493F7F7D3FF159BC41812
:102FE000169B1C44FB6A03FB0AFADDE91323D31882
:102FF000564600250593FA6A02EB0A03B34203D84A
:10300000204609B0BDE8F08F7B6B53F8261003EB28
:103010008600002945D0D7F83CC05CF82530A94689
:10302000013A4A4504D950F804BBBBF1000F1CD14A
:103030000A7812F0020224D10292059A9B1A019397
:10304000129B00934246049B083106A8FBF737F811
:10305000159A079B1344169A1344A9EB05059C4245
:103060002E44B8BF1C464D461BE09BF800B01BF039
:10307000010F09F1010EDBD05CF82E904B44F146B4
:10308000CFE74046F7F77DFF159B1844169B184481
:10309000A04206DD4046F7F774FF159BC418169B47
:1030A0001C4401360135A6E7F8B500250C462F462D
:1030B000D4E90B325343AB42606B0CD808B1DCF758
:1030C000BBFCA06B08B1DCF7B7FCE06BB0B1BDE8AE
:1030D000F840DCF7B1BC50F82530AE0063B1586859
:1030E00020B1DCF7A9FC636B9B595F60636B985957
:1030F000DCF7A2FC636B9F510135D9E7F8BD0123D2
:1031000010B50420C1E90B330C46DCF77BFCE0630F
:10311000206B8000DCF776FCE26BA06382231360F7
:10312000A26B1360D4E90B315943606B8900DCF763
:103130008DFC0023606303604FF6FF73C4E9103316
:1031400010BD2DE9F743914600221C4605460F4667
:1031500013464B45226044D1EB6ABA00581E002644
:1031600053434A46904242D8272200212846ECF792
:10317000FFFD0190C0B20128284648D1ECF77EF847
:103180002368034423602846EBF776FC236800217C
:10319000A0EB03082846FFF709FFA8EB0000A0609A
:1031A000EB6B53F829303344C01A206000231E46CD
:1031B000BE4263603FD100212846FFF7FEFE6368F0
:1031C000034463602846ECF75EF86368181A606091
:1031D000AB6B53F8263018440138E06003B0BDE80B
:1031E000F083E96B51F8231001330A44B1E7696BAE
:1031F000C9580029B8D00978C90702F1010203F1C2
:103200000403B1D5E96B51F822100E44AAE7ECF79C
:1032100035F823681B1A236000212846FFF7BFFEFC
:10322000236818442060EB6B53F829301E44064491
:10323000013EA660BAE7AA6B52F826200136134475
:10324000B6E730B585B0D0E910216B460446FFF7EC
:1032500078FF0099002911DA012300224942204613
:10326000ECF751F8019A002A15DA012352420021A5
:10327000204605B0BDE83040ECF745B82046029D39
:10328000EBF7FAFB8542EDDD2046EBF7F5FB01237A
:103290000022411BE3E72046039DEBF7F0FB85424C
:1032A00005DD2046EBF7EBFB0123421BDFE705B012
:1032B00030BD2DE9F04F4FF4A0218DB00446FFF74B
:1032C0006EFE4FF4A02107902046FFF76FFE4FF4EB
:1032D000A02108902046FFF770FE11224FF4A02194
:1032E00083462046ECF744FD5B220B904FF4A0216F
:1032F00005462046ECF73CFD5C220B904FF4A021E4
:1033000006462046ECF734FD5A220B904FF4A021DC
:1033100007462046ECF72CFD06220B904FF4A02127
:1033200080462046ECF724FD4FF4A0210B90814607
:1033300007222046ECF71CFD002182460B90236BF0
:10334000994208D32046EBF7E0FB20460DB0BDE8DC
:10335000F04FEBF75CBD089B0293079B0991CDE909
:103360000073CDE903B5334642462046FFF72CFEF5
:103370000999A36B5045A8BF50464845ACBF43F8D8
:10338000210043F821900131D9E70121EDF749BA35
:103390000021EDF746BA7FB50546F9F700FD044672
:1033A0002846F9F700FD06462046EDF737FA332E9A
:1033B000054606D1C16A002204B0BDE87040E5F7B9
:1033C0000FB90E2E37D1D7F799FF10B1037A012B21
:1033D00031D0204602A9D2F795FA95F8303013F093
:1033E0000C0F204629D0EBF74DFB27220446002185
:1033F0002846ECF7BDFC029B0190E20FC0B22244CC
:1034000001280CBFC3EB620303EB620393FBF4F4EC
:10341000EE6AD7F773FF24EAE474024600B1012292
:1034200021462846E5F7DCF8B44204D000222321E7
:103430002846D1F79DFA04B070BDEBF733FB039C2F
:1034400000EBD07304EB630494FBF0F4E0E7704707
:10345000486B10B50C4618B1DCF7EEFA0023636335
:10346000A06B18B1DCF7E8FA0023A363206B18B156
:10347000DCF7E2FA0023236310BD7FB590F86420E7
:1034800002F001048C4218D0003918BF012161F309
:103490000002C46A80F864206269036DC56D13443C
:1034A000D0E915160093A3691944019132442B44C5
:1034B000694602920393EBF77FFC04B070BD07B539
:1034C0005A220021ECF754FC03B05DF804FB70B500
:1034D0000546F9F768FC04462846F9F760FC0646FD
:1034E000EDF79CF9313C012C05460BD83046002104
:1034F000FDF7D9FE2846E5F731F92846BDE87040CA
:10350000E5F7ECB870BD90F8643061F3410380F8E2
:103510006430704770B590F87030C3F3C0028A42CF
:1035200004460D462BD061F3C30380F8703064204D
:10353000D1B1DBF7CDFB6FF040410646E06AEBF717
:10354000F0F9E06A00223146EDF7D1F88DB16FF065
:1035500040412046EBF7FCF9002320461A46BDE81F
:1035600070401946EBF72CBFDBF7B2FB2E46014645
:10357000E4E72A4602212046ECF757FFECE770BD4E
:1035800090F870305B0702D4C06AFDF78ABE406BCA
:103590007047C06C70470068E5F7A2BA90F87000F9
:1035A000C0F3C000704738B50446C06AFDF7BFFFDE
:1035B0004FF6FF73984205460BD0E06A4FF6FF7155
:1035C000FDF769FEE06A4FF6FF71BDE83840FDF790
:1035D00065BEE06AFDF7ADFFA842EED138BD73B518
:1035E000C36C04468BB37F2301A9ADF80430E5F723
:1035F00057FB0128054628D1E06AFDF752FEE16C31
:1036000006462A460139FAF7D9FCE06A3146FDF749
:103610004AFE2046FFF7C7FF236B3BB1E06AFDF788
:1036200040FE037813B92046EBF7F1FB94F87030B5
:10363000E16C5B070BD4E16C20460139E5F776F9C4
:10364000002223212046D1F793F902B070BD012258
:103650000139606BFAF7B2FC656B2846FBF73BF863
:10366000411C2846DCF7F2F960630028E3D1ECE75F
:1036700038B5C56C0446691CE5F758F9E36C9D4202
:1036800004D02046BDE83840FFF7A9BF38BDC16C63
:103690000131E5F74BB9C16C11B10139E5F746B914
:1036A000704730B585B00446C16CC06A02AAE1F724
:1036B00023FE5C2200212046ECF75AFB05462046FB
:1036C000FFF7FDFEF7F75DFC039B054401351D4444
:1036D000E06AA36C03950293EBF7D1F985420ADA0D
:1036E000012202A9E06AE1F7BBFEA56C0146204673
:1036F000E5F71CF9A56405B030BD30B585B00446CA
:10370000C16CC06A02AAE1F7F7FD5C2200212046E5
:10371000ECF72EFB05462046FFF7D1FEF7F731FC0C
:10372000039B284401381B1A03930122A36CE06A0F
:10373000029302A9E1F794FE01462046A56CE5F745
:10374000F5F8A56405B030BD2DE9F7430446F9F757
:103750002AFB05462046F9F722FB0E2D044645D1EB
:10376000D7F7CCFD10B1037A012B3FD02046EBF701
:1037700089F906462046EBF795F969460746204643
:10378000D2F7C0F8009D06EBD67305EB630595FBF9
:10379000F6F57543019E07EBD77306EB63064FF012
:1037A000000896FBF7F67E432046EDF76DF840459E
:1037B00001D80F2516E041462046EDF732F80746BE
:1037C000EBF721F981463846EBF730F94D4510D13A
:1037D00086420ED1E76200222321204697F82C5022
:1037E000D1F7C6F829462046EBF700FD03B0BDE847
:1037F000F08308F10108D7E708B500F071FB4FF43A
:103800007A72A0FB020302FB0133C00B40EA434083
:1038100008BDE5F7BDBF37B504460068D3F758FECD
:1038200005462068EDF7D6FB80F00100A0742868FB
:103830006269836800929D68E288A18804F10803A8
:10384000A847206803B0BDE83040EDF7C0BB38B5ED
:103850000546F9F7ACFA04462846F9F7AAFAD3F771
:1038600037FEC368DA0605D5002323608388013B51
:10387000A36038BD236823F007032360A36843F0E7
:103880000703A360C368DB07F3D5636823F007036E
:103890006360E36843F00703E360EAE730B50D884F
:1038A0008C888B68C9680133013187B05B1B091BA9
:1038B0009BB289B2009001FB03F002906846ADF81C
:1038C0000450ADF80640ADF80C30ADF81030ADF84E
:1038D0000E100592FFF79FFF07B030BD30B50D8881
:1038E0008C888B68C9680133013187B05B1B091B69
:1038F0009BB289B2009001FB03F040000290684641
:10390000ADF80450ADF80640ADF80C30ADF810300D
:10391000ADF80E100592FFF77EFF07B030BD30B551
:103920000D888C888B68C9680133013187B05B1BB7
:10393000091B9BB289B2009001FB03F000EB400031
:10394000ADF80C30ADF81030ADF80450ADF80640CD
:103950000290ADF80E1005921346D91C9B1A8342B3
:1039600004D36846FFF757FF07B030BD11F8033C9A
:1039700011F8014C01F8034C01F8013C0B46ECE74F
:1039800030B50D888C888B68C9680133013187B0E8
:103990005B1B091B9BB289B2009001FB03F0800006
:1039A00002906846ADF80450ADF80640ADF80C3012
:1039B000ADF81030ADF80E100592FFF72CFF07B0F0
:1039C00030BDF8B506460C46F7F71DFB476805699C
:1039D0003868002200232146E6F7B0F805F13803E5
:1039E000224680B16C3553F8041B42F8041BAB42ED
:1039F000F9D13046F7F7F7FA042804BF00232382F1
:103A00000023E374F8BD04F1340152F8040B43F8C9
:103A1000040B8A42F9D13B681B6A003B18BF0123A3
:103A2000EFE770B50C694E6805462068F7F7E5FAD0
:103A3000D3F74EFDEA88012A034608D0B2F5A57FE8
:103A400026D04AB9317AAA6829B1226704E0317ACE
:103A5000AA680029F9D0E2662A79002A4BD0757A43
:103A6000587CD4E91B212DB110F0FD0F0CBF9D88AF
:103A7000DD88AA1AB57A2DB110F0FD0F0CBFDD88D4
:103A80009D88691A03280BD8DFE800F0081C21275D
:103A9000AA68003A18BF0122A275DDE7C4E9012136
:103AA000616800291DDC00226260A268002A1DDC1A
:103AB0000023A36030680022211D0023BDE8704070
:103AC000E5F7E4BF6160D9888A1AA260E8E79888C0
:103AD000821A6260DA88521AF7E79888411A6160A0
:103AE000F3E79A889142E0DB013ADDE7DB889A420E
:103AF000E0DB013BDDE770BD01460120E5F752BE8A
:103B000008B1CDF7EDBA7047704740B1C368587837
:103B100010F001001EBF1878B0FA80F0400970471D
:103B2000EFF31183202383F31288BFF36F8FFEE737
:103B300008B5FFF7F5FF10B54369044633B9002017
:103B4000E268537843F00103537010BD9847002892
:103B5000F5D00028B8BF4042E368FF28A8BFFF2087
:103B60001870EDE700F0FAB900F0D0B908B52024DC
:103B7000EFF3118384F31288BFF36F8FE7F7F7FF3A
:103B8000F6E7D0E9003213605A60427B002322F04E
:103B90000202C0E9003342738360704790F90E302F
:103BA0008B4201D0E6F79EBC002070470346002000
:103BB000C3E90200C3E9003370473AB18A4205D332
:103BC000C0E90212C0E90000002070476FF0150044
:103BD0007047026801238B4022EA0303036022FA44
:103BE00001F000F00100704710B5032104460C30CD
:103BF000FFF7EFFF30B104F1100000F045F9B0FA23
:103C000080F0400910BD20B1002211468C3000F038
:103C100002B9704773B50446EFF31185202383F38F
:103C20001288BFF36F8F0023A0F110060321043820
:103C30000193FFF7CEFF28B1A369019301A9304694
:103C4000E6F7F6F985F31188BFF36F8F02B070BD08
:103C500038B504460D461022002100F07FF965605A
:103C600038BD13B501900846EFF31184202383F388
:103C70001288BFF36F8F01A9E6F7DAF984F3118890
:103C8000BFF36F8F02B010BD10B5FFF7EAFF041E3F
:103C900008DDEFF31180202383F31288BFF36F8FC9
:103CA000E6F7A4FC204610BD38B5302204460D4688
:103CB000002100F053F94FF480736560E36038BD74
:103CC000EFF30580003818BF012070476FF05700F0
:103CD0007047D0E9003213605A600023C0E9003316
:103CE000704708B5FFF7F5FF437B23F002034373EA
:103CF0000023836008BD38B504460D46E6F750FB47
:103D0000637B43F002036373E5B1A5602B689D42BA
:103D100009D16B68C4E900531C606C6012E06A68EA
:103D20009A42F6D01B68002BF3D094F90E2093F939
:103D30000E108A42F3D09142F1DD5A68C4E9003294
:103D400014605C6038BD10B5EFF31184202383F359
:103D50001288BFF36F8FE6F7E1FA84F31188BFF39F
:103D60006F8F10BD08B5EFF31181202282F3128806
:103D7000BFF36F8F83680BB1FFF7B3FF81F3118837
:103D8000BFF36F8F08BD10B50146EFF311842023F8
:103D900083F31288BFF36F8F437B13F0280F0AD190
:103DA00083680BB1FFF79DFF4B7B23F004034B733C
:103DB0000846E6F7B3FA84F31188BFF36F8F10BD9E
:103DC00001211838FFF7DFBF38B504460D46E6F786
:103DD000B5FCB5F1FF3F08BFB4F1FF3F02462046F6
:103DE00018D000204FF47A7447F6FF730146C2FBE7
:103DF0000431B3F5004F71F100020BD36FF40042B0
:103E00009A4243F6FF728A4126BFD80B40EA4140EE
:103E10006FF0004038BD38B5EFF31185202383F3F0
:103E20001288BFF36F8F0468A04212D09CB1A167C3
:103E300022612046FFF755FF04F1180000F024F836
:103E40002046E6F76BFA012085F31188BFF36F8FE8
:103E500038BD0020F8E72046F6E708B50246E6F749
:103E600023FE70B1D0E904319B1A61EBE272B3F129
:103E7000004F72F1000104DA002AACBF184600209E
:103E800008BD6FF00040FBE738B50246EFF311853F
:103E9000202383F31288BFF36F8F0368CBB1E6F75B
:103EA00003FE04461046E6F711FE00224FF00043E1
:103EB0008442C0E9042306D1E6F7FEFDFFF7CDFFFB
:103EC0000021CEF763FE002085F31188BFF36F8FCA
:103ED00038BD6FF01500F7E708B5E6F703FF08BD3A
:103EE000E6F700BF0023C0E9081200F11802C0E99C
:103EF0000622C0E9003303634363704710B400F146
:103F00000C04C0E9034410BCE7F707BC0A44914223
:103F100000F1FF3300D1704710B511F8014B03F8E1
:103F2000014F9142F9D110BD884210B501EB020456
:103F300002D98442234607D8431EA14208D011F873
:103F4000012B03F8012FF8E7024401468A4200D111
:103F500010BD13F8014D02F8014DF7E70244034686
:103F6000934200D1704703F8011BF9E710B50246F0
:103F700001448A42134603D01C780132002CF8D148
:103F8000181A10BDF0B5C3F137070446FFB203F0AD
:103F90001F031046082BE6B233D0102B3ED0650825
:103FA000A40844EA817445EAC1752D194FEA9102CB
:103FB00042EB5102290941EA02716D1842EB1212DB
:103FC000290A41EA02616D1842EB1222290C41EAEA
:103FD00002416D1842EB1242AD1842F10002EC08AA
:103FE00044EA4274D10804EB8402A6EB4205EDB228
:103FF000092D0CD90134A5F10A0541F10001EDB2FA
:1040000012E0E40844EA417406F00705C9083035B7
:1040100054EA010200F8015BBCD1F0BD240944EA76
:10402000017406F00F050909092D84BFED19EDB2E1
:10403000EDE7000001480068704700007846002066
:0840400094C1FC7F01000000A7
:104048009D1000000000000000000000E840030090
:10405800ADAE010000000000000000002841030090
:104068000000000008410300000000004841030070
:104078000000000068410300A514000000000000D3
:10408800292A00000000000079100000000000004C
:10409800B99E0100000000000000000088410300F4
:1040A80000000000C841030000000000A841030010
:1040B80000000000E841030000000000084203007F
:1040C80000000000284203000000000068420300CE
:1040D80000000000484203000994010000000000AD
:1040E800415A0300984503008C4403008A010020CC
:1040F800AC4600203D120000000000000000000057
:10410800955A0300DC450300404403009001002059
:1041180044470020011900000000000000000000D2
:10412800A35A0300F4450300404403009201002011
:1041380050470020011900000000000000000000A6
:10414800855A030000000000384403008E01002057
:1041580000470020B9160000000000000000000021
:10416800E55A030010470300EC4403009C010020BB
:104178006447002009220000000000000000000041
:10418800B15A03000C460300644403009401002064
:1041980014000020E9C00100000000000000000039
:1041A800D85A0300AC4603007C4403009A0100205F
:1041B8005C470020A920000000000000000000006B
:1041C800F35A030054470300844403009E0100206F
:1041D8003C0000203DC6010095C50100000000001C
:1041E800FC59030048450300D4440300880100201B
:1041F8006046002009BA010000000000000000002D
:10420800505A0300A8450300A84403008C0100206D
:10421800BDCA0120D5BE010000000000000000005A
:10422800BE5A030048460300000000009601002023
:1042380088020020911C000000000000000000001F
:10424800C85A0300644603000000000098010020DB
:10425800C0CA0120451D0000000000000000000049
:104268005C9403005057030000000000A0010020E8
:104278000CCA01200000000000000000000000003F
:10428800313000003DC801000000000059BB0100AA
:1042980068410300DDC40100614600003DC801001B
:1042A8000000000059BB01000000000059BB0100DC
:1042B800D13600003DC801000000000059BB0100D4
:1042C8000000000059BB01000000000059BB0100BC
:1042D8000000000059BB01000000000059BB0100AC
:1042E8000000000059BB010000470020251700000E
:1042F8000000000059BB01000000000059BB01008C
:104308000000000059BB010000000000B92A0000AD
:104318000000000059BB01000000000059BB01006B
:104328000000000059BB01000000000059BB01005B
:104338000000000059BB01000000000059BB01004B
:104348000000000059BB01000000000059BB01003B
:104358000000000059BB01000000000059BB01002B
:10436800E13A00003DC801000000000059BB01000F
:104378000000000059BB01000000000059BB01000B
:104388000000000059BB01000000000059BB0100FB
:104398000000000059BB01000000000059BB0100EB
:1043A8000000000059BB01000000000059BB0100DB
:1043B8000000000059BB01000000000059BB0100CB
:1043C8000000000059BB01000000000059BB0100BB
:1043D8000000000059BB01000000000059BB0100AB
:1043E8000000000059BB01000000000059BB01009B
:1043F8000000000059BB0100D54100003DC8010084
:104408000802002000CB012000040000F510000085
:104418000000000000000000000000000E00000086
:10442800000000003B5A03000000000000000000EC
:0844380061160000B915000037
:10444000491900003FC001004DC0010065C00100D6
:1044500071C001007DC001009917000097C00100E4
:044460000000000058
:1044640029C10100000000000D1B00000000000035
:0844740000000000F11B000034
:08447C0059C301004DC301000A
:08448400E123000019C601004C
:10448C009512000035BC010097BC01000000000033
:0C449C00D1BB0100000000000000000087
:1044A800CBBE0100C1BE0100C5BD01000000000077
:1044B80000000000000000000000000000000000F4
:0C44C800C9BC010089BD010023BD01003A
:1044D40023BB0100000000000DBB0100D5B90100A1
:0844E400C9B90100000000004D
:0C44EC0097C401005521000089C40100A4
:0C44F80028420300233A0300684203003E
:10451000010000E0010000E0010000E0010000E017
:1045200031BD02000000000069BD020091BD020023
:1045300000000000C9BD02000000000000000000F3
:104540000338FDD870470000C8410300084103004C
:1045500008000000084103000C00010008000000F2
:10456000000000200000000000000B060200000018
:104570007445030000000000265A030026000206CE
:10458000000000202E5A030022000B11C51100006C
:104590009511000000000000151300000912000032
:1045A000B7BC0100BDBC0100845A0300E841030010
:1045B0000200000040787D01000100000841030076
:1045C0000B0001000000000000000000F0004001AE
:1045D000000000005A5A03009DBF0100FFFF0000C9
:1045E00000030050000000000100000000600040D7
:1045F00000000000BCF801FF0000005000000000B7
:10460000000000000060004000000000003000409A
:104610000000000000000000000000000000980101
:1046200000000101D51A00002C46030000300040B4
:10463000384603000100000040460300020000006D
:104640001A00000C1B00000B00000000000000001E
:104650000000000088410300380000000000000056
:10466000000000001E000000040000007C46030063
:10467000E0020020691E0000000000002841030045
:104680000B0011000B000000284103000C0011007A
:104690000200000028410300180011000300000080
:1046A00028410300190011000400000000C001406F
:1046B00000000000000000000000000000000000FA
:1046C000000000000000000000040000E8030201F8
:1046D00001010000B4CA0120040000000000000035
:1046E00000000000EC4603000024F40000C001407C
:1046F000F84603000100000000470300040000002A
:104700000400011605000117060001180700011931
:1047100000200040010000000000000030470300BE
:104720000000D60100000000C1CA0120C0CA01205B
:10473000002000403C470300010000004447030004
:104740000400000006000000050000020806000149
:104750000706000300F00240000000000048E801E6
:10476000000000000000000000000000FFFFFFFF4D
:104770000000FF000000000000000000FFFFFFFF3E
:1047800002000001010000001FC50100FFFF000042
:10479000A0470300FFFFFFFF000000000000000033
:1047A00000F00240AC47030001000000B4470300E2
:1047B000030000002F0000042E0000062D0000055D
:1047C000084103000B0001000000000099CF010028
:1047D00089D9010021D6010000000000245B0300FC
:1047E0008200000082000000CA0200009DB00000AC
:1047F00049AE0000000000001000000003000000AF
:1048000000FF01001048030000000000000000004D
:104810005D6803006048030038480300284803002F
:104820001000022800000000745B0300BF67030053
:10483000216703003D310000200000005F000100FF
:10484000000000000000000000000200B0000000B6
:10485000F3F760008C570300000000003E000300E7
:1048600000000000000000000000C0030000000085
:104870000000C003030A00000F00800505050005C5
:104880001C00D0090A0A00004E00B008090F00FE03
:104890009200D00B0C0A0000CE00A0090A0B00FF0A
:1048A0000501F002030500050D01B004040E01FD31
:1048B0002901C004040E00FD4501A00506060005FF
:1048C000570120080807000273013003030500FEAA
:1048D0007B0160050503000383013003030300002F
:1048E0008801F004070EFFFFB9015009090A000012
:1048F000E6013005040A0000FA011008080A000069
:1049000022020008080A00004A0260090A0A0000A0
:104910007C021008080A0000A402A008090A00008E
:10492000D1026008080A0000F9020009090A000023
:104930002603A008080A00004E0330030308000005
:104940005A033003030B00FD6B0320080808000125
:104950008B03200808060002A303200808080001B2
:10496000C3030008080A0000EB03800E0E0D00FDD3
:104970004604400A0C0AFF008204A00A090A01004A
:10498000AF04200A0A0A0000E104900B0A0A0100A1
:1049900013056009080A01003B05E008080A010048
:1049A0006305D00A0A0A00009505600B090A010098
:1049B000C2055004020A0100CC053007070AFF00B7
:1049C000EF05100A0A0A010021065008080A010032
:1049D0004906600D0B0A01008006600B090A010000
:1049E000AD06C00B0C0A0000E906200A090A010006
:1049F0001607C00B0C0D00FD6407300A090A010000
:104A00009107B008090A0000BE073008090A000033
:104A1000EB07100B090A01001808F0090B0AFF0048
:104A20004F08C00F100A00009F0870090A0A000012
:104A3000D10810090B0AFF0008093009090A000013
:104A40003509B004040E01FD5109F004070EFFFF03
:104A50008209B004040E00FD9E0930080706010219
:104A6000B3090007070100FFB70960080502010943
:104A7000BC09600808080000DC099009080B010067
:104A8000080A000808080000280A9009090B00001D
:104A90005A0A9008080800007A0AF004060B000081
:104AA0009B0AB009090B00FDCD0A9009080B010013
:104AB000F90AE003020B0100040B0004050EFEFDE1
:104AC000270BA008080B0100530BE003020B0100A9
:104AD0005E0BD00E0D080100920B90090808010032
:104AE000B20BE00809080000D60B9009080B01FD85
:104AF000020C9009090B00FD340CC00505080100EB
:104B0000480C000707080000640CD005060A0000E6
:104B1000820C800908080100A20CD0070908FF00D8
:104B2000C60C900C0D080000FA0CC0070808000025
:104B30001A0DD007090BFFFD4C0D500707080000A8
:104B4000680DF004050E00FD8B0D3004020E01FD12
:104B5000990DF004050E00FDBC0D200808030003AC
:104B6000C80DE00506050006D70D60040403000328
:104B7000DD0D000E0F0FFFFE4E0E000E0E0B00009F
:104B80009B0E000E0E0D00FFF60E000E0E0B000029
:104B9000430FA0090A0B00007A0F000E0E0F00FE53
:104BA000E30F000E0E0F00FE4C10C00F100D00FFA3
:104BB000B410000E0E0F00FE1D11C00F100B0000F0
:104BC0007511000E0E0F00FEDE110007070C00FF2E
:104BD0000812800A0B0C00FF4A12C00F100E00FED4
:104BE000BA12000E0E0B00000713A0090A0F00FEF8
:104BF0005213400C0A0E01FE9813400C0D0F00FEDC
:104C0000FA13400C0D0D00FF4F14400C0D0D00FF6A
:104C1000A414400C0A0E01FEEA14400C0E0DFFFF16
:104C20004515C008090D00FF8015C008090D00FFDB
:104C3000BB15400C0D0D00FF1016400C0D040003B9
:104C40002A16C00F100B000082168011120F00FEF2
:104C50000917C00F110FFFFE8917000E0E0D00FF80
:104C6000E417400C0D0800011818400C0D08000155
:104C70004C188011120B0000AF18000E0E0B000034
:104C8000FC18000E0E0F00FE6519000E0F0FFFFE40
:104C9000D619400C0D0D00FF2B1A400C0D0F00FE15
:104CA0008D1A400C0D0D00FFE21A400C0D0C00FF98
:104CB000301B000E0E0B00007D1BC0080A0FFFFE0C
:104CC000C81B400C0D0F00FE2A1C400C0D0F00FEEF
:104CD0008C1CC00F100B0000E41C000E100FFFFE18
:104CE0005C1D800A0B0F00FEAF1D8011120D00FF2E
:104CF000241E8011120A00007E1E8011120A00007C
:104D0000D81E8011120A0000321F8011120A000002
:104D10008C1F8011120A0000E61F8011120C00FF88
:104D20005220400C0C0F00FEAC20400C0D0F00FE7A
:104D30000E21000E0F0FFFFE7F218011120B0000CD
:104D4000E221800A0B0F00FE3522100E0F0A000030
:104D500019BD020085E700004FBA0200FFBA020049
:104D60007FBC020031BC0200C7BB020075BB020061
:104D7000C9BA020059BA020021E7000019BD0200B9
:104D800041E700004FBA0200FFBA02007FBC0200F8
:104D900031BC0200C7BB020075BB0200C9BA0200E9
:104DA00059BA020021E7000019DE0200F7DD020017
:104DB000CFDD020007DF0200F7DC020085DE020023
:104DC000C1DC0200C84703002521010000000000EB
:104DD0009521010000000000098E03000000000082
:104DE0000000000001060000C8470300ABEF02000E
:104DF00025EF0200B12C010000000000108E03001E
:104E0000040100000D00000040070000C847030037
:104E10009BF0020000000000000000000000000005
:104E2000178E0300FFFFFF3FFFFFFF3FC40200009C
:104E3000C847030081330100D3F0020005340100AC
:104E400000000000218E0300040100008200000029
:104E500085040000318E0300368E03003B8E030074
:104E60009D940300408E0300458E03009E94030032
:104E70004D8E0300508E0300538E0300568E0300A8
:104E8000598E03005C8E03005F8E0300C847030049
:104E9000093A0100000000000000000000000000CE
:104EA000628E0300C3000000C3000000C44600007F
:104EB0007C8E0300848E03008D8E0300938E03008E
:104EC000998E03009D8E0300A28E0300A78E03001F
:104ED000AE8E0300B88E0300C08E0300C98E03009F
:104EE000C84703000D3B0100000000000000000067
:104EF00000000000D28E0300640000202B000000A0
:104F000000000000C8470300AD3C010000000000A5
:104F100000000000000000008091030064000020F9
:104F2000FFFFFF3F00000000C847030047F80200F2
:104F3000DBF702003D3D0100000000009C910300F2
:104F4000640000200401000080070000C84703003F
:104F500039450100BD000300794501000000000053
:104F6000AF910300FFFFFF3FFFFFFF3F440300003F
:104F7000C847030043030300D50203001D47010097
:104F800000000000DA9103000000000000000000B3
:104F900000030000C8470300A94601007503030091
:104FA000D948010000000000EB91030082000000DE
:104FB000FFFFFF3F05050000C8470300554A0100F9
:104FC000730B0300ED4A010000000000F79103009D
:104FD000FFFFFF3FFFFFFF3FC00500005A910300A6
:104FE0007E910300D89103000F9203009D9403006B
:104FF000438E0300CE93030025920300F98D030036
:105000009D940300FA590300C65A03002792030037
:105010001D9203009D940300219203004E5A030049
:10502000299203006E8E0300728E03009E9403008B
:105030005A9103007E910300D8910300438E030030
:10504000CE93030025920300FA590300C65A0300C9
:10505000279203004E5A03001D9203009D94030003
:10506000009203002B9203002D9203002F92030065
:10507000AC94030031920300339203003592030095
:105080003792030009920300399203003B92030018
:105090009D9403003D9203003F9203004192030060
:1050A00043920300A494030045920300F78D03008C
:1050B00047920300499203004B9203004D92030074
:1050C0004F9203009D9403000F9203006E8E030025
:1050D00051920300728E0300F98D03009E94030029
:1050E00008920300539203003D5B0300E98A03002A
:1050F000F68A030055920300579203005992030069
:105100005B9203005D9203005F9203001D92030017
:105110009D940300009203006192030063920300D8
:105120006592030067920300699203006B9203008B
:105130006D9203006F9203007192030019920300B5
:105140009D94030073920300239203007592030061
:105150007792030006920300799203007B9203008A
:10516000E38A03007D920300299203007F920300EB
:10517000819203009D9403000B9203006E8E030046
:1051800051920300728E0300F98D03009E94030078
:1051900008920300759403002F940300578E0300B8
:1051A0005D8E0300869303009B8E03004E8E0300EA
:1051B000245A0300518E0300339303001D92030011
:1051C0009D94030004920300608E03007A8E030016
:1051D0004B8E030083920300859203005A8E0300D6
:1051E000295B030087920300DE93030019920300FA
:1051F0009D9403007392030023920300899203009D
:105200002F8E0300029203008B9203008D92030005
:105210006C9403008F920300299203007F92030095
:10522000819203009D9403000F9203006E8E030091
:1052300051920300728E0300F98D03009E940300C7
:10524000304E0300A15001000000000000000000EB
:105250000000000091920300640000203200002052
:1052600001050000C84703009D5A01000511030015
:10527000F15A010000000000A2920300FFFFFF3F6F
:10528000FFFFFF3F80060000C847030041150300F1
:1052900000000000F95E010000000000AB92030076
:1052A0001A0000001A00000000030000C8470300B5
:1052B000A315030000000000D562010000000000FB
:1052C000B2920300FFFFFF3FFFFFFF3F800300009C
:1052D0006452030000000000000000000000000015
:1052E00000000000BA92030064000020FFFFFF3FAF
:1052F000000000000C4E0300000000000000000051
:105300000000000000000000C792030064000020BD
:10531000FFFFFF3F00000000C8470300000000003F
:10532000000000000000000000000000D692030012
:10533000C30000000401000000000000C847030093
:10534000000000000000000000000000000000005D
:10535000000000000000000000000000000000004D
:10536000C84703000000000000000000000000002B
:10537000000000000000000000000000000000002D
:1053800000000000C847030000000000000000000B
:10539000000000000000000000000000000000000D
:1053A0000000000000000000C847030000000000EB
:1053B00000000000000000000000000000000000ED
:1053C000000000000000000000000000C8470300CB
:1053D00000000000000000000000000000000000CD
:1053E000DE920300FFFFFF3FFFFFFF3F00000000D2
:1053F000C8470300C51503000000000000000000BE
:1054000000000000F092030064000020FFFFFF3F57
:1054100000000000C8470300DD1503000000000085
:105420000000000000000000009303006400002062
:10543000FFFFFF3F00000000C84703006D16030098
:105440005116030000000000000000000D9303004F
:1054500064000020FFFFFF3F40030000C847030037
:1054600071640100BD150300000000000000000091
:105470001A930300C300000004010000C0060000EE
:10548000C84703000000000000000000000000000A
:10549000000000002293030064000020640000204C
:1054A000C0020000C8470300000000000000000028
:1054B0000000000000000000359303002B000000F6
:1054C00064000020C4020000C84703000000000080
:1054D0000000000000000000000000004D930300E9
:1054E000FFFFFF3F64000020C4020000C847030024
:1054F00000000000000000000000000000000000AC
:1055000065930300640000202B000000C00200002F
:10551000C847030000000000000000000000000079
:10552000000000007693030064000020FFFFFF3FAF
:10553000C0020000C8470300000000000000000097
:1055400000000000000000008893030064000020B9
:105550002B000000C0020000C8470300000000004C
:10556000000000000000000000000000999303000C
:1055700004010000FFFFFF3FC0030000645203006E
:105580000000000000000000E566010000000000CF
:10559000D09303000000000000000000800600001F
:1055A000C84703006168010000000000AD68010009
:1055B00000000000E0930300FFFFFF3F82000000B7
:1055C00005040000C8470300FD6C0100951F03009F
:1055D0008574010000000000EA9303000000000051
:1055E0000000000041060000E84D030051270300C1
:1055F000000000000975010000000000F3930300A3
:105600000000000000000000450A0000C056030032
:10561000CD790100000000001D7A010000000000AB
:10562000FD930300820000000000000081080000DC
:10563000C44D03008D2D0300000000000000000099
:1056400000000000089403000000000000000000BB
:1056500000000000C8470300C32D0300BB2D03005A
:10566000257C0100000000001394030034000000BA
:105670001E00000044030000C8470300FF30030081
:10568000A9300300DD810100000000001D9403002B
:10569000FFFFFF3FFFFFFF3F85040000C8470300F7
:1056A0005D85010000000000A986010000000000E7
:1056B00026940300640000206400002040030000E2
:1056C000C84703000D8A010051340300918E010088
:1056D0000000000035940300040100008200000077
:1056E00045070000C84703006D930100000000005B
:1056F00000000000000000004194030000000000D2
:105700000000000000030000C84703002D930100C3
:1057100000000000000000000000000049940300A9
:10572000000000000000000000030000C847030064
:10573000899301000000000000000000000000004C
:10574000559403006400002064000020C0020000A3
:10575000E0010020000000000101010048400300BA
:10576000484003008840030090400300E0400300ED
:10577000E84003006E9403000001000000000000F8
:105780001000400000041000400000040000721FE0
:1057900051EF58EF5BEF5CEF5DEF61EF63EF65EFAB
:1057A00069EF6CEF71EF76EF77EF78EF8EEF93EFB5
:1057B00098EF9BEF9CEF9DEFA1EFA2EFA3EFA4EF7B
:1057C000B7EFB8EFBEEFC0EFC1EFC4EFC7EFC8EF60
:1057D000C9EFCBEFE3EFE5EF14F015F017F019F098
:1057E00030F037F03AF043F06CF074F0ABF03BF18E
:1057F00090F191F192F193F194F1D7F1E3F13DF24F
:1058000054F2AAF412F7F2F704001000000110009D
:105810004000000400003C027804B306EE08280BA8
:10582000610D990FD01106143A166C189D1ACB1CF5
:10583000F71E212148236C258E27AC29C72BDF2D8D
:10584000F32F0332103418361D381C3A183C0E3E24
:105850000040ED41D443B74594476B493D4B084D5B
:10586000CE4E8E504752FA53A6554C57EB58825A9B
:10587000135C9D5D1F5F9A600E627A63DE643A6618
:105880008E67DA681E6A5A6B8D6CB86DDA6EF46FCB
:1058900004710D720C730274EF74D375AE76807759
:1058A00048780779BC79687A0B7BA37B337CB87C1A
:1058B000347DA67D0E7E6D7EC17E0C7F4C7F837F06
:1058C000B07FD37FEC7FFB7F0080010001000100EF
:1058D0002203010001000100220301000100010078
:1058E00002000100010001000100010001040104A7
:1058F0000104010401040104010401040104010480
:105900000201220301040104010401040104010451
:10591000010401040104010401040104010401045F
:10592000010401040104010401040104010401044F
:1059300001042203020106000201220325030404DC
:105940000404040404040404040404040404040417
:1059500004040701260303040304030403040304EB
:105960000304030403040304070101050105010402
:1059700001040104010401040104010401050105FD
:10598000010522030201060002012203250304048B
:1059900004040404040404040404040404040404C7
:1059A000040407012603030403040304030403049B
:1059B00003040304030403040701010501050104B2
:1059C00001040104010401040104010401050105AD
:1059D00001052203020106000201220364697370BB
:1059E0006C6179206E6F742072656164790A00457C
:1059F0005120464F5243452037373700627579644E
:105A00006973706C61795F325F385F7466745F745C
:105A10006F7563685F61726475696E6F5F6D6970E1
:105A2000695F64626900464C4153485F30005352DD
:105A3000414D5F3000000001000000696E70757418
:105A400000636C6F636B4034303030303030300086
:105A5000696C69393334304030000100180A8227FC
:105A60002300003E28860F312B0C0E084EF137071D
:105A700010030E0900000E1403110731C148080F6E
:105A80000C31360F0072616E646F6D40343030300F
:105A900064303030006770696F40353030303033FB
:105AA0003030006770696F40353030303030303022
:105AB0000069326340343030303330303000667447
:105AC0003533333640333800627574746F6E73004B
:105AD000000102030405060770776D403430303151
:105AE00063303030007561727440343030303230A1
:105AF00030300073706940343030326630303000FE
:105B00000000000000010100000000000020303013
:105B10003030303030303030303030300001010043
:105B2000000000006C765F6F626A000204100810CB
:105B300040302C38506C6C6C4040443453570080DB
:105B40008080818182828384858687898A8C8D8FFB
:105B500091939597999B9EA0A2A5A7AAADAFB2B528
:105B60000055AAFF00112233445566778899AABBD5
:105B7000CCDDEEFF0001000000000000000100008D
:105B80000200000000020000000000000000000011
:105B90000000000000000100000000000000000004
:105BA0000000000000010A0006FB00000000F4F302
:105BB000020B0504F7020B010902070000000000B8
:105BC0000000000000000D02FE00000000000000C8
:105BD00000000000000400F90000000000FC0404C4
:105BE0000000FE00FE0200FE00FEFFFC00000000C0
:105BF000FE0000FDFD0000FE00FC000000000000B3
:105C0000000000FEFE00FD00FA00E50000FC0004BC
:105C1000070000FC02020704FC040000F30000007F
:105C20000000000000000000F8000000000000007C
:105C300000000000000000FAFDF500F7FE00000083
:105C400000000900F9FEFF0100FC0000FEEF00006B
:105C5000000000000000000000EEFE09000000004F
:105C60000000000000000000F7000000000000003D
:105C70000000000700020000FC000000000000001F
:105C80000000000000000000000009020100000008
:105C90000000000000000000000000000000000004
:105CA00000000000000000000000000000000000F4
:105CB00000000000F80000000000000000000000EC
:105CC000000000000000000000000002040207FEC7
:105CD000000004FEF9E102060400FD0008000700D0
:105CE0000700EB00FD070007FE0402000001FE00B4
:105CF00000FC12001200070009030407000000F86E
:105D00000000000001FE0002FCFDFC0200FE00009D
:105D100000F70000000000000000000000F100009B
:105D20000000000000000000000000000001F4007E
:105D3000F200000000FE0016FDFD0202FE00FD0262
:105D40000000F40000000000000000000000EA0075
:105D500002000000000000000000000000F2000D42
:105D60000000F8000700F1EAF1FC070000F1000371
:105D7000FB00FD0000000000000000000000000625
:105D800007E50000000000000000000000000B001C
:105D90000200000000000202FDFC00FFFFFE000008
:105DA000FE000000FC00FE00FBFC00FAF9F9FC001C
:105DB000FC00FC00000000FE0000020002FE0001EA
:105DC00000000002FE000000FE0202FF000000FCD6
:105DD00000FF0000000000010003FE00FD00FC00C9
:105DE00000FE00070000FE0000000000FF01FEFEB4
:105DF0000000FE00FE000000000000000000FFFFA9
:105E000000FEFD0000000000010000FE00FEFEFE9E
:105E1000000000000000000000FF00000000FEFD88
:105E200000FD00F9FEF9040000FC02040600FAFF80
:105E3000FD00FFF502FE02F402000001F400F4FE92
:105E4000EDFE00F50004060003000000000000FC69
:105E5000FD00F9000000FE000000FE000000000050
:105E6000FFFF00FFFD00000000000000FEFE00FE3E
:105E7000FDFE0000FE000000000000000000000029
:105E8000FEFE00FD00FE00FC020000FD010202001B
:105E90000000000000FE0000000000020000FE0004
:105EA000FEFEFD000000000000000200FE000000F9
:105EB00000FEFD00FC0007FE01F9000006F5F4F706
:105EC000FC0200FEF1FC00FC00FC03FCF200FA0006
:105ED0000001FF02FE000200F9F700F5FBFBFBF9F1
:105EE000FDFA00FCFA01000100FE000000020002C1
:105EF0000000000000000000000000FE00FF00FFA6
:105F0000FE00FCFBFBFF00F9000000000000FE00AB
:105F100000000001FF00000002000000000000007F
:105F2000000B00000000000002000000FE00000066
:105F30000000000000000000FC0002000000000063
:105F40000000000000000000FE000000FC00000057
:105F500000F5F9000000FDF50000FE0200FA000067
:105F60000000000000000000FC0000FC0000000039
:105F700000000000000000000200FC000000000320
:105F80000002FCFC00FEFEFD000000000000F90025
:105F9000FE00FDFE00FBFAF9FE00FC00F900000027
:105FA00000120000010000FD000200F600000000E9
:105FB00000EBFC0707FEF70002FD00F5FFFD02F015
:105FC000FE030003F8FDF8F9F70000F3000D0000F0
:105FD000FF000000FFFFFEFAF900EB0000000000E8
:105FE00000000000010000000000000000000000B0
:105FF0000000000000FE00FFFEFD0000FC00FE00AF
:106000000000000000000000000000000000FF0091
:10601000FC000004FF0300FB02FEFFFAFE00FDFE91
:10602000FE00FDFC0000FEFFFEFCFD0000FE000285
:10603000FE00FB000000FC00FC00FCFC0200000075
:106040000000000000FC0200FD00FEFDF9FEFEFE67
:10605000FFFEFDFF0000000000FEFEFE000000004D
:1060600003FE00FE000000FEFDFEFEFDFE00020934
:10607000FF00FA00FE0400FEF7FD030000F5FC023D
:10608000FC0200FEFEF900FD010000FC0000000221
:1060900002FCFC00FCFEFDFEFE00FC01FCFC070017
:1060A00000000000000000000200000000000000EE
:1060B00000000000000000000000000000000000E0
:1060C000FC000000000000000000000000000000D4
:1060D00000000000000000000000000000000000C0
:1060E000000000000000000000000000FE000000B2
:1060F00000000000000000000000000000000000A0
:1061000000000000000000000000FEFE0000000093
:106110000000000000000000FD0000FD0000FEFE89
:1061200000000000FE00000000FF0000000000FE74
:1061300000000000FD00FC000000F90002FB04006C
:10614000FEF50000FBFE00F7FAFA0000F6FEF7F796
:10615000F500FA00020FFD00FBFEFFFEFCFAFCF862
:10616000F7FBFE0000FE00010000F0FE0705FBF853
:106170000001F900F5FEFE04EBFD010000F1FDF465
:10618000FEF00000F0000D0100FE00000000FFFE28
:10619000F7FE00F100000000F900FE00FFFAF50034
:1061A00000FFFDF9FE00FE00000000F6FEF9F9FE1A
:1061B000FCFAFEFC00FCFEF9FD00FDFCFEFC00010B
:1061C00000FEF9000400FC00000000030002FC09CE
:1061D00000FEFEFD000000000000F900FE00FDFED4
:1061E00000FBFAF9FE00FC020900000000120000AA
:1061F000010000FD0002000000000000000000009F
:1062000000000000FEFC0000000000FF000000FE97
:10621000FE0000FCFE0000FC0004FF000000000087
:10622000000100000000030402FE00F9FC0007F971
:10623000F9FCFC090402EDFE04FE00FE02FEF8007B
:10624000FE02FDFEF9FE0000070400FA00F4FD0660
:10625000FDF701FDF9F9FE090200FD00FA00020751
:10626000FBF8F7FA070001F0FE02FCFEFB00FBF86A
:10627000FDFDFE0000FBFBFE000705FEF400F4FD43
:1062800000F8F3FFF9FCF9FA060000FD00FCFE003F
:10629000FEFC0004F9020000F400FEFBFCFEF9FA2B
:1062A000F9FB00F9FEFBFCF9FE0000010BFC00F914
:1062B000FE00FEFCFBFAFAF7FDFC0400FD00F5FD14
:1062C0000104F9F8FCF907FE01EBFC04FBFCF80003
:1062D000F9F7FDFEFEFEFBF9FF00000706FEF100E8
:1062E000F3FB05F7F1FCF8F7F5F90400000000FDF9
:1062F000000002FD0402FC040000F9FF00FF0001A1
:1063000001FE000000000000FE0000000002070087
:1063100000FD00000000FEFEFD0000000102000084
:1063200000000200FE000900040101FD000400005D
:10633000000200000000000000000000000700064E
:106340000000000000000000000000000000F3005A
:10635000FE04000700001603FCFC0202FE01F5002B
:10636000000BF30000000000000000000000F10935
:106370001F000000000000000000000000F300000B
:10638000000000000000000000000000000000000D
:106390000000000000000000FC0000FCFE00000007
:1063A00000000000000000000000000000000000ED
:1063B000FE00FA0000010000021DFCFE0706FA02C2
:1063C00000000202FD0000000000000000000000CC
:1063D000E3060000000000000000000000000000D4
:1063E000000000FA000000FA00000000FBFF0000BF
:1063F00000FB00FD00F500000000000000000000B0
:1064000000F10000000001000000000000FE00009C
:10641000FC00FD00FA000000FC02FD0000FAFEFB9B
:106420000000FA00FE00F500FE0000EEFCF7FEF8AA
:106430000000F100FAFF0000000000000000FDFC79
:10644000FEFC00000000FB00FB03FE0400FEFBFE60
:10645000FCFC00FDFFFE02FAFF000000ECFEFD0068
:10646000FB00FEF5FE0000FEFE000000000200FE44
:10647000FCFE04000000000000000000000000001E
:10648000000000000000000000000000000000000C
:1064900000000000000000000000000000000300F9
:1064A0000000000000FB00FE000000FC02000000F5
:1064B000FAFEFC0000FA00FE00F500000000EA0011
:1064C000FCF8F50000F100FEFD00000000000000F7
:1064D00000FEFDFFFD01000004FD00070BFEFEF9BC
:1064E000030B0405FA03090306050600000000007B
:1064F0000000000000000E0BFCFE00FE120A12005D
:106500000000020000080000FC0000000000000085
:106510000000FE000000000000000003000000007A
:10652000EDFDFEF7F50000F10000000000000000A6
:10653000000000000000000000FC0000000000005F
:10654000000000FE0000000000000000030000004A
:1065500000EDFDFEF7F50000F70000000000000070
:10656000000000000000000000000000FE0000002D
:10657000FB0200FE020402F90000FE02000200001D
:106580000000FA00FEFEFC00FEF7000EFE00FBFE1F
:1065900000FEFC00FEFAFCFD000000FC0000000014
:1065A0000000000000FE00000000000000000300EA
:1065B000000000EDFDFEF7F50000F1000000000016
:1065C000000B00000000000000000000FC00F9FDCE
:1065D000FE07FEFEF701FF01FEFA000500020102C0
:1065E000FBF7FD00F7FCFAF7F700FCFCFDFDFEFEF3
:1065F000FDFE00FEFF030003FE0007000000000098
:1066000000000000000000FEFEFE0000FA00FF0097
:10661000FC0000000000000000000000F30000008B
:106620000000000000000000FEFE00FD0000000071
:10663000FE0000FCFE0200FCFCFE00FAFEFBFEFD7C
:1066400000FC0000000000000000000000F1000756
:106650000000FC00000000FD00FE0000FF0000FE46
:1066600000FB000009FDF9F902020200FA02030230
:10667000070207FEFA0000F70000F9FA0000FC002C
:10668000FDFC00FD00FD00FE0300FEF9FE08000019
:10669000FE00FC000003FB0002FE020000F900FE09
:1066A000FF00FE02FE000000F7FDFB00F90000F510
:1066B0000008FE00FC000100FE00FEF900FE0200E2
:1066C000000000FE000002FD010000FDFE00FD00D4
:1066D00000000000000000000000000000000000BA
:1066E000F200050000FE000000000000FEFE0000B9
:1066F000000400050000000000F2F3010A0704F79F
:106700000209000800040000000000000000000072
:10671000000C00000000000000000000000000006D
:1067200000000001020003040502060708090A0927
:106730000A0B0C0D0E0F10110C121314151500007E
:106740000016171819171919191719191A191919DB
:106750001917191719031B1C1D1D1E1F2021222389
:106760000024002526272727002726282926262A31
:106770002A272A272A2B2C2D2E2E2F2E30000023BD
:1067800009310900000000000000000000000000C6
:1067900000000000000000000000000000000000F9
:1067A00000000000000000000000000000000000E9
:1067B00000000000000000000000000000000000D9
:1067C0000001020003040502060708090A090A0B72
:1067D0000C000D0E0F101112130C141400000015F4
:1067E00016171819161A1B1C1D1D1E1F201D1D16FD
:1067F00021222303241E2525262728292A2B002C85
:10680000002D2E2F303132332D343435302D2D2EB6
:106810002E36373839333A3A3B3A3C290000093DA5
:10682000090000000000000000000000000000005F
:106830000000000000000000000000000000000058
:106840000000000000000000000000000000000048
:10685000000000000000000000000000000EA0D9B1
:106860000D90C80C80B70A60110B80D91F0991F0F8
:10687000881F0880F088000000000D203C00000FF9
:106880000069002FFFFFFFF7015C11A610006900EF
:10689000C300008800D2009FFFFFFFF012C523E273
:1068A0002000D203C00000F004B00000007000001F
:1068B000000E00000000E0000019EFEA300CD6E600
:1068C000A702F40E00001F80E000006FEF500000F0
:1068D00016FFE500000E0AF00100E05F13F85E6E9F
:1068E000B005CFFE9100000E00000000700000080F
:1068F000DD3000A7004B02D004C0007700D01D207F
:10690000004B03D0A7000007DC34C4CC3000001DCE
:106910002D22D00000A63B00B30005C03A00A30022
:106920001D200D00D000A60004CC40004DFC30001E
:1069300000F718C00001F205D00000BB6E40000057
:106940005FF3000007E6DB03802F301DBAA05F0075
:1069500001DF401FB448FEC003BFFC40B20000008E
:1069600000001F01F01F00F0000003F10B900F402A
:106970004F007D009B00AA00AA009B007D004F00F5
:106980000F400B9003F15E000E6008C004F001F3AD
:1069900000F500E600E600F501F304F008C00E6023
:1069A0005E0000930088A6C209FE404DDDB142930F
:1069B00050005200000450000008A0000008A00091
:1069C0001FFFFFF30339B3300008A0000008A00048
:1069D0000103F61E60E12C00000003FFF9033310F1
:1069E0000003F52E4000000E400004E000009A0075
:1069F000000E400004F000009A00000E400003F07A
:106A000000009A00000E500003F000009A00000EF3
:106A1000500003F00000004CFE70004FB68F900D48
:106A2000B0005F32F40000E74F20000CA4F2000039
:106A3000CA2F40000E70DB0005F204FB68F9000469
:106A4000CFE700EFFB44CB00AB00AB00AB00AB00EB
:106A5000AB00AB00AB00AB07DFEA108E857EC00158
:106A60000006F1000006F000000D900000CC0000D0
:106A70001CC00001DB00001DE544427FFFFFF97FE1
:106A8000FFFFF024445F900000BC000009E100001B
:106A90003FD81000046DD0000002F4100002F4BDD5
:106AA000757DD019DFEA1000000DA0000000AC00D9
:106AB000000007E10000004F40100002F600F50062
:106AC0001DA000F5007FFFFFFFF3133333F7300005
:106AD0000000F500000000F50009FFFFF00AB444D3
:106AE000400C8000000E7000000FFFFC4003345C7F
:106AF000F2000000F7100000F78E856CF108DFFB54
:106B000030002AEFD5003FD657400CC0000002F4F9
:106B10000000004F5BFFA104FE845DD03F80003F7A
:106B200030E80003F206F845DC0005DFE9109FFFBE
:106B3000FFFD9D4444E99C0004F200000BB00000FE
:106B40002F400000AD000001F6000008E000000E3C
:106B50008000006F1000019EFE9100BE636EC00FAA
:106B600060006F00CC202BC002EFFFE200DC424C43
:106B7000D05F20001F55F20002F50ED535DE001A59
:106B8000EFEA1003BFEA202FA44BE18E0000E99D3D
:106B90000000DD4F7129FF07FFFC9E000210AC00D2
:106BA0000002F607658FB00AEFD7002E53F50000FC
:106BB000000000003F52E42E53F5000000000000EA
:106BC0002E52F60D21D001000000003100006CF2C1
:106BD000018ED6000FC300000AFB40000017EE70C4
:106BE000000005C3000000001FFFFFF30333333034
:106BF00000000000000000001FFFFFF303333330EC
:106C0000040000000ED71000005CF92000002AF2FA
:106C10000003AFB106DE82001C600000000000002F
:106C200007DFEA109E746EC0010006F0000009C084
:106C300000008E200006F200000870000000000036
:106C4000000B8000000C900000006CEFDA400000A8
:106C50003DA41016D90001E509EE98CA900A80BD3E
:106C600043AFC0D30F13F2000CC0693C06D000073D
:106C7000C03B4B06D00007C02C3C03F2000CC04ABE
:106C80000F10BD439EE3C50A8009EE91CF9001E548
:106C90000000000000003DA41028000000007CEF70
:106CA000D9100000000CF1000000003FD7000000E8
:106CB00000B96E00000002F20E50000009A007D0DB
:106CC00000001F3000F400007FFFFFFB0000E733EF
:106CD000334F2005F000000C900C90000006F18F5F
:106CE000FFFEC408E3334BF28E00001F58E000188B
:106CF000F18FFFFFF808E33337F68E000009C8E094
:106D000000009D8E33347F78FFFFFD700007CFFBBE
:106D10004000CF966AF50AE20000301F60000000D4
:106D20004F200000004F200000001F600000000AFC
:106D3000E200003001CF966AF50007DFFB408FFFCD
:106D4000FEA4008E4446CF708E000007F38E000034
:106D500000DA8E0000009D8E0000009D8E00000075
:106D6000DA8E000007F38E4446BF708FFFFEA4004A
:106D70008FFFFFF68E4444418E0000008E0000001D
:106D80008FFFFFC08E3333208E0000008E00000086
:106D90008E4444428FFFFFF98FFFFFF68E4444413B
:106DA0008E0000008E0000008E0000008FFFFFC0EC
:106DB0008E3333208E0000008E0000008E00000015
:106DC0000007CFFC5000CF966AF60AE20000201FB1
:106DD000600000004F200000004F200000B91F603D
:106DE0000000B90AE30000B900CF966AF80007DF97
:106DF000FC608E000008E8E000008E8E000008E8CD
:106E0000E000008E8FFFFFFFE8E333339E8E00002B
:106E100008E8E000008E8E000008E8E000008E8E9A
:106E20008E8E8E8E8E8E8E8E8E02FFFFC00444BCA0
:106E3000000009C000009C000009C000009C000088
:106E400009C02000BA0EB58F603CFE808E00004F56
:106E5000508E0004F6008E003F70008E03F8000094
:106E60008E2EC000008EECF600008FB07F30008EBA
:106E7000000AE1008E0000CC008E00001EA08E00F3
:106E800000008E0000008E0000008E0000008E00CA
:106E900000008E0000008E0000008E0000008E4476
:106EA00044408FFFFFF28E00000008E8F700000268
:106EB000FE8FF10000BFE8DCA0004F9E8D2F300D4B
:106EC00087E8D09C06E07E8D01E7E507E8D006FC68
:106ED000007E8D000A2007E8D00000007E8E1000A2
:106EE00008E8FC00008E8FF90008E8E6F6008E8EB8
:106EF00009F308E8E00CE18E8E001EB8E8E0003FE0
:106F0000EE8E00006FE8E00000AE0007CFEB50000F
:106F100000CF966BF9000AE200005F601F6000007E
:106F20000AD04F20000006F04F20000006F01F603E
:106F300000000AD00AE200005F6000CF966BFA0002
:106F40000007DFEB50008FFFFD7008E4458FB08E27
:106F500000005F38E00001F58E00003F48E0014D81
:106F6000D08FFFFFB208E33310008E00000008E06E
:106F70000000000007CFEB500000CF966BF9000A2D
:106F8000E200005F601F6000000AD04F2000000692
:106F9000F04F20000005F01F6000000AD00AE20058
:106FA000005F6001DF855AFA000008DFFC50000036
:106FB0000001EC21940000001BFFC1000000001242
:106FC000008FFFFD7008E4458FB08E00005F38E051
:106FD0000001F58E00003F38E0014DD08FFFFFC269
:106FE00008E333DA008E0002F608E00005F3019EA4
:106FF000FDA200CE646B702F40000001F80000007D
:1070000006FD950000016AEE500000009F00200080
:1070100005F13FA547EB004BEFE910FFFFFFFF2411
:1070200044BD44400009C00000009C00000009C0AD
:107030000000009C00000009C00000009C0000004F
:1070400009C00000009C00009C00000BA9C00000CB
:10705000BA9C00000BA9C00000BA9C00000BA9C09C
:107060000000BA8E00000D94F40003F50CF868FDE2
:107070000009EFE9100CB000000AC05F200001F524
:1070800000E900008E0008F0000E70001F6005F19E
:107090000000AD00C9000003F43F3000000CBAC08E
:1070A0000000005FF500000000EE00006F10000D12
:1070B000B00002F21F60003FF10008D00BB0008B5F
:1070C000E6000D7006F000E69B002F2001F503F1AD
:1070D0004F108D0000CA09B00E60D800006F0E601E
:1070E00009B2F300001F9F1004F9D000000CFB0050
:1070F00000EF80000007F600009F30003F50000DB9
:10710000A008F2009D0000CC04F300002F9E700048
:107110000006FC00000009FE1000004F4DB0000109
:10712000E802F7000BD0007F207F20000BD00CB0CE
:1071300000009C002F50002F30009E000C9000009B
:10714000E805F1000005F3E60000000CFD0000007A
:10715000003F4000000002F3000000002F3000005C
:107160000002F300004FFFFFFF9144444AF3000088
:1071700003F6000001EA000000CC0000009E1000B1
:10718000006F4000003F7000001ED4444436FFFFF3
:10719000FFFC8FF68D318D008D008D008D008D00F0
:1071A0008D008D008D008D008D008D318FF65D007E
:1071B0000000F200000B8000006D000001F20000F2
:1071C0000B8000006D000001F200000B7000006DEC
:1071D000000001F200000B7000006D000001F2BF22
:1071E000F325F302F302F302F302F302F302F302D4
:1071F000F302F302F302F325F3BFF300AD00001E28
:10720000C4000885A000E20E105B00970B5002E05E
:10721000EEEEEEE00BC00009B004CFEA100B745D97
:10722000B0000004F004CEEEF21F8214F24F1004FE
:10723000F21F703DF204DFD7F2BA000000BA00007E
:1072400000BA000000BA8EFC30BFD54BF3BE100070
:10725000CABA00007EBA00007EBE1000CABFD55B6D
:10726000F3B98EFC30007DFD6009F748F42F500023
:10727000205F0000005F0000002F50002009F74849
:10728000F4007DFD600000001F40000001F40000DC
:10729000001F4008EFC4F40AF748FF42F50007F466
:1072A0005F00002F45F00001F42F50006F40AE63E7
:1072B0007EF4008EFC4F40008EFC400AD538F42F3F
:1072C00020008C5FEEEEFF5F2111112F700010097E
:1072D000F846E4007DFE80009EE305F44108C0000E
:1072E000CFFFF029D32008D00008D00008D0000834
:1072F000D00008D00008D000007EFC4E60AF747F44
:10730000F62F50005F65F00000F65F00000F62F698
:107310000006F609F747FF5007EFC4F50000003FED
:1073200020CB646EB003AEFD8000BA000000BA004E
:107330000000BA000000BA8EFB20BFC56DD0BE00B1
:1073400003F2BA0000F4BA0000F5BA0000F5BA0082
:1073500000F5BA0000F5BAA800BABABABABABABA11
:10736000BA000AB0009900000000AB000AB000AB00
:10737000000AB000AB000AB000AB000AB000AA06D9
:107380004E71DFA0BA000000BA000000BA00000091
:10739000BA001CC0BA01CC00BA1CD100BBCF60003F
:1073A000BFDBE100BD11DC00BA003F70BA0007F39B
:1073B000BABABABABABABABABABABAB99EFA15DF8A
:1073C000D40BFB45EDE64AF2BE0006F6000E7BA0AC
:1073D000004F2000C9BA0003F1000C9BA0003F1031
:1073E00000C9BA0003F1000C9BA0003F1000C9B90E
:1073F0009EFB20BFB45DD0BE0003F2BA0000F4BA19
:107400000000F5BA0000F5BA0000F5BA0000F5007A
:107410007DFD60009F748F702F50007F05F000018C
:10742000F35F00002F32F50007F009F748F7000777
:10743000DFD600B98EFC30BFC43AF3BE1000CABA22
:1074400000007EBA00007EBE1000CABFD55BF3BA52
:107450007EFC30BA000000BA000000BA0000000054
:107460008EFC3F40AF748EF42F50007F45F000013A
:10747000F45F00002F42F50007F40AF748FF4008C8
:10748000EFC4F40000001F40000001F40000001FE2
:1074900040B98E4BFD71BE100BB000BA000BA000BE
:1074A000BA000BA00005DFEA13F735A06F0000015A
:1074B000EE9610016AEF300000D96C646F62AEFD89
:1074C0007008D00008D000CFFFF029D32008D000EA
:1074D00008D00008D00008D00005F551009FE3C88F
:1074E0000002F3C80002F3C80002F3C80002F3C9A7
:1074F0000003F3AB0007F35F837EF306DFC5F30DF4
:1075000090000AA06E0001F300F5007D0009C00E96
:1075100060003F24F00000C8B9000006FF30000002
:107520000FC000C80006F1000D56D000CF6003F078
:107530001F302F9C009A00B807B2F10E4005E0D62C
:107540000C74E0000F6F007C990000AFA001FF40B9
:107550000005F4000BE0004F3007E109D02F400098
:10756000D9D900003FD000004FE10001E7BB000B7C
:10757000B01E707E1005F30D90000AA06F0001F39D
:1075800000F6007D0009C00D60002F34F00000C936
:10759000A9000005FF2000000EC0000000E500006B
:1075A00094AD00001BFC2000005FFFFFA13337F407
:1075B0000001E70000CB00008E10004F40001EA32A
:1075C0003326FFFFFC006EA00F9201F4001F400164
:1075D000F4003F303FC0006F3001F4001F4001F461
:1075E000001F4000FA2005EA8B8B8B8B8B8B8B8BDB
:1075F0008B8B8B8B8B8BBE5002AE0005F0005F0037
:1076000005F0004F1000DF104F5005F0005F00053F
:10761000F0005F002AE00BE40007EC40B41E25DF19
:10762000C00100000004CC302B01C05700932B0197
:10763000C005CC3006A10FF60BE2000000000000F0
:10764000000000000000027BFB000000049DFFFF23
:10765000D00003AFFFFFFFFD0000AFFFFFFFDFD053
:10766000000AFFFFB610ED0000AF9400000ED0003E
:107670000AF1000000ED0000AF1000000ED0000A7B
:10768000F1000045FD0000AF1001EFFFD0179DF1A4
:10769000005FFFFC0EFFFF1000AFFD31FFFFE000B9
:1076A00000010003BDA30000000000501888888876
:1076B0008405FABFDDDDDDFDAFE47F100000CA4EBA
:1076C000E04F100000C80EFEEF100000CFEFE03FCB
:1076D000EEEEEEF80EF68F766666EB6FF8AF100002
:1076E00000CC8FE03F100000C80EFCDF655555EE62
:1076F000CFC25FFFFFFFF92C57750577777775FFCE
:10770000FF1FFFFFFFFFFFFF2FFFFFFFFFEFFF0E3A
:10771000FFFFFFFE01100011111110EFFE0EFFFF21
:10772000FFFEFFFF2FFFFFFFFFFFFF1FFFFFFFFF1A
:107730006887078888888668870788888886FFFF23
:107740001FFFFFFFFFFFFF2FFFFFFFFFDFFD0DFF0D
:10775000FFFFFD0000000000015000000000001DC0
:10776000F80000000001DFFD000000001DFFE22D19
:10777000600001DFFE20DFF7001DFFE2008FFF71D8
:10778000DFFE200008FFFEFFE20000008FFFFE206A
:1077900000000008FFE200000000007D2000000063
:1077A00000000000007F60000BE2EFF600BFF84F22
:1077B000FF6BFFD104FFFFFD10005FFFE10000BF82
:1077C000FFF6000BFFDFFF60BFFD14FFF5CFD10018
:1077D0004FF61710000360000000110000000000C9
:1077E00000FF000000006F21FF12F70006FF61FF9D
:1077F00016FF601FF901FF109FF16FE001FF100EEF
:10780000F6AF8001FF1008FACF6001FF1006FCAF51
:107810008000AA0008FB7FD00000000DF71FF800D1
:1078200000008FF107FF91002AFF70009FFFEEFF1D
:10783000F9000005CFFFFD500000000244200000C9
:107840000000000000000000000AFFA0000000008F
:107850000CFFC0000003D6DFFFFD6D300EFFFFFF01
:10786000FFFFE05FFFFFAAFFFFF51AFFF4004FFFE5
:10787000A103FFD0000DFF3004FFF0000FFF404FC9
:10788000FFFB22BFFFF42FFFFFFFFFFFF209FEFF08
:10789000FFFFEF9000505EFFE5050000000CFFC009
:1078A00000000000047740000000000003100341C6
:1078B000000000009FF50DF50000001BFDFF8DF599
:1078C000000002DFB12DFFF500004FF83EC2BFF50A
:1078D0000007FF55FFFE39FE409FE38FFFFFF56F66
:1078E000F6AC2AFFFFFFFF73E6005FFFFFFFFFF12B
:1078F00000006FFFD77FFFF200006FFF900DFFF2D7
:1079000000006FFF900DFFF200004FFF700BFFE1D2
:10791000000000003300000000000BFFB00000007A
:10792000000CFFC0000000000CFFC0000000000CB5
:10793000FFC0000000000CFFC00000008FFFFFFF31
:10794000F800002EFFFFFFE2000002EFFFFE200024
:1079500000002DFFE20000799982DE289997FFFF51
:10796000FB22BFFFFFFFFFFFFFFFFFFFFFFFFFFF48
:10797000FAB3CFACCCCCCCCCCCCA0006BBBBBBBA28
:107980003000004FFFFFFFFFE10000EF3000000676
:10799000FB0009F800000000CF504FD000000000AD
:1079A0002FE1DF84420000344BF9FFFFFD0001FFAF
:1079B000FFFBFFFFFF988BFFFFFCFFFFFFFFFFFFB9
:1079C000FFFCFFFFFFFFFFFFFFFB9FFFFFFFFFFF2E
:1079D000FFF60000000000003300018DFFC600EF3D
:1079E000004EFFFFFFE4DF04FFB3004CFFFF0EF982
:1079F0000000008FFF6FC00001FFFFFF8E500001ED
:107A0000DEEEED0000000000000022222200000057
:107A100021FFFFFF100008F8FFFBBC10001EF4FF61
:107A2000FC100001DFC0FEEFE8448EFE10FE1AFFDE
:107A3000FFFFC100FD0028BB9400000000027000A1
:107A400002EF0002EFFDFFFFFFFFFFFFFFFFFFFF61
:107A5000FFFFFFFFFFFFFF3447FFF00005FF0000BF
:107A600005C00000000000027000000002EF0000EE
:107A70000002EFF0000DFFFFFF0220FFFFFFF08E7E
:107A80001FFFFFFF00E7FFFFFFF03F5FFFFFFF0863
:107A9000903447FFF000000005FF0000000005C023
:107AA000000000000000000000000000077000005F
:107AB0000002700005FA0000002EF000814F600007
:107AC00002EFF001DD07F0DFFFFFF0321E80F6FF6E
:107AD000FFFFF08E27E0B9FFFFFFF00E73F19BFF71
:107AE000FFFFF03F54F09AFFFFFFF0890AC0D8343F
:107AF00047FFF0007F43F300005FF002F60CB00098
:107B00000005C00000BF10000000000009E30000F5
:107B10000000000002100037888888888873EFFF13
:107B2000FFFFFFFFFEFE32DFFFFFFFFFF9007FFFD9
:107B3000FDFFFFFD10CFFFA07FFFFFFFFFFA000753
:107B4000FFFFF35FA00000CFFF3003000000CFFC79
:107B50000000000000CFFFCCCCCCCCCCFFAFFFFFAF
:107B6000FFFFFFF900002000000001FA00000006FE
:107B7000FF1000000DFF7000006FFFF10001EFFF2C
:107B8000FA000BFFFFFF605FFFFFFFE0CFFFFFFF8B
:107B9000F6FEBFFFFFF9FD4FFFFFF9BF49FFFFF5FD
:107BA0003FE52EFFD006FFFFFD200028BA6000044D
:107BB000300000311FE00006F91FE0007FFA1FE0EF
:107BC00009FFFA1FE0AFFFFA1FEBFFFFFA1FFFFFED
:107BD000FFFA1FFFFFFFFA1FE6FFFFFA1FE05FFF3C
:107BE000FA1FE004FFFA1FE0003EFA0FD00002D7B0
:107BF00000000000000200000000000CFB2000005C
:107C00000000FFFF900000000FFFFFE6000000FFF4
:107C1000FFFFFC30000FFFFFFFFF9100FFFFFFFFA2
:107C2000FFE60FFFFFFFFFFFF2FFFFFFFFFFFD0F6C
:107C3000FFFFFFFFF800FFFFFFFFB2000FFFFFFD98
:107C4000400000FFFFF70000000FFFA10000000050
:107C50006A4000000000001444200144420DFFFF70
:107C600010DFFFF1FFFFF30FFFFF3FFFFF40FFFFBC
:107C7000F4FFFFF40FFFFF4FFFFF40FFFFF4FFFF94
:107C8000F40FFFFF4FFFFF40FFFFF4FFFFF40FFF74
:107C9000FF4FFFFF40FFFFF4FFFFF40FFFFF4FFF19
:107CA000FF30FFFFF39FFFC009FFFC001444444472
:107CB00044420DFFFFFFFFFFF1FFFFFFFFFFFF3F0C
:107CC000FFFFFFFFFFF4FFFFFFFFFFFF4FFFFFFF7F
:107CD000FFFFF4FFFFFFFFFFFF4FFFFFFFFFFFF47A
:107CE000FFFFFFFFFFFF4FFFFFFFFFFFF4FFFFFF5F
:107CF000FFFFFF4FFFFFFFFFFFF39FFFFFFFFFFCB3
:107D00000002100000420FE20003FB0FFE3004FBF4
:107D10000FFFF404FB0FFFFF54FB0FFFFFFAFB0FF5
:107D2000FFFFFFFB0FFFFFFFFB0FFFFFD6FB0FFF68
:107D3000FD14FB0FFFC104FB0FFB0004FB0CA000B4
:107D400003FA000000000000000012000000000024
:107D500003FF60000000002EFFF500000001EFFFB0
:107D6000FF4000001DFFFFFFF30000CFFFFFFFFEFD
:107D7000200AFFFFFFFFFFE00EFFFFFFFFFFF20300
:107D8000999999999950058888888888700FFFFF7C
:107D9000FFFFFFF30FFFFFFFFFFFF40BFFFFFFFFEE
:107DA000FFD1000000000000003F9000003FFC00F9
:107DB000003FFD10003FFD10003FFD10001FFD10B3
:107DC0000000CFF4000000CFF4000000CFF400006A
:107DD00000CFF4000000CFE0000000A4000000008D
:107DE0000000CD1000001FFD1000003FFD1000003E
:107DF0003FFD1000003FFD1000003FFD000008FFA8
:107E0000900008FF900008FF900008FF900002FF1C
:107E100090000007800000000000045000000000F7
:107E200002FF60000000003FF70000000003FF7049
:107E3000000000003FF7000006999AFFC99980FFF3
:107E4000FFFFFFFFFF3DFFFFFFFFFFF201113FF7C5
:107E50001110000003FF70000000003FF700000059
:107E60000003FF70000000000CD300000069999926
:107E70009999980FFFFFFFFFFFF3DFFFFFFFFFFF61
:107E80002000000000000000000156640000000017
:107E900003BFFEEFF91000007FFA1003DFE40008D3
:107EA000FFA009B41EFF504FFF200BFF26FFE1EF9C
:107EB000FF09CFFF63FFFABFFF09FFFF54FFF61E64
:107EC000FF51DFFB09FFB003EFE204305FFC10005D
:107ED0002CFF956AFF9000000049DFFD9200000032
:107EE0000000000000000000CD20000000000000A5
:107EF000008FF50014664000000004EFACFFEFFFB8
:107F0000910000001CFFA1004DFE300000009FF515
:107F1000AB31EFF40007B105FFFFE17FFE100FFE6C
:107F2000302DFFF54FFF900CFFE000AFF65FFF60D4
:107F300002FFF40006FFEFFB00004FFD10003EFFC4
:107F4000C0000002DFE85401BFE300000005AEFFFF
:107F50006007FF60000000000000004EF600000017
:107F60000000000001A1000000000000000000006F
:107F700000003ED00000000000000CFF8000000068
:107F8000000006FFFF200000000000EFFFFB0000E4
:107F90000000008FFCCFF4000000002FFB00FFD09A
:107FA0000000000BFFC00FFF70000004FFFD01FF89
:107FB000FF100000DFFFE02FFFFA00007FFFFF9BB4
:107FC000FFFFF3001FFFFFB00EFFFFC00AFFFFFE21
:107FD00024FFFFFF60FFFFFFFFFFFFFFFA06CCCC8F
:107FE000CCCCCCCCCB300000000000360000000030
:107FF00000007F80DDDB00008DEFF8FFFFB007FFA2
:10800000FFFD556FF46FF8AFE2000574FF907E201E
:1080100000003FFA0000000002EFB2504A00012EBB
:10802000FD1DF48FB0FFFFD10BFFFFFBFFFE200013
:10803000CFFFFB12210000029FC000000000005B88
:1080400000000007A00000000008FFB000000008CA
:10805000FFFFB0000008FF95FFB00008FF9005FF8C
:10806000B007FF900005FFB09F90000005FD0040A5
:1080700000000003104C20000000B60BFE200000A2
:10808000CFF02EFE2000CFF4002EFE20CFF4000013
:108090002EFECFF40000002EFFF4000000002EF4AE
:1080A0000000000000130000000008300000000085
:1080B000000000BFF308BBBBBB90000BFFFF39FF04
:1080C000FFFFF1008FCFCFF000000AF100382F94AE
:1080D0008000000AF100002F900000000AF100006B
:1080E0002F900000030AF130002F9000001FCBF802
:1080F000F8002FEBBBBB39FFFFE2001FFFFFFFB013
:108100009FFD2000000000000008D1003788870094
:10811000000000EFFFFFA0000000FFFFFFFDCCCC40
:10812000B6FFFFFFFFFFFFFFFFFFFFFFFFFFFFFFA8
:10813000FFFFFFFFFFFFFFFFFFFFFFFFFFFFFFFF4F
:10814000FFFFFFFFFFFFFFFFFFFFFFFFFFFFFFFF3F
:10815000FFFFAFFFFFFFFFFFF9000000000000007E
:10816000000001DD10000000001DFFD10000000133
:10817000DFFFFD1000001DFFFFFFD100009FFFFF8C
:10818000FFF90000011CFFC1100000000CFFC0003F
:108190000000000CFFC0000000000CFFC0000079D0
:1081A000993BFFB39997FFFFB2442BFFFFFFFFFE00
:1081B000DDEFFFFFFFFFFFFFFAB3CFACCCCCCCCCA1
:1081C000CCCA00000000000200000000000004FF14
:1081D000C70000000000AFFFF0000000001FFFFD1F
:1081E0000000000006FFFFC00000000008FFF700CD
:1081F000000000000CFF300000000004FFC0000081
:10820000000001EFF300004A3002DFF80005DFFE56
:1082100015EFFB0000EFFFFFFFFA00000BFFFFFF71
:10822000F70000007FFFFFA200000002BA850000F7
:1082300000000004860000001006FFFA0002DFD1F3
:10824000EF3CF101DFFA0EE0AF21DFFA009FEFF61D
:10825000DFFA00008DFFFFFB00000006FFFD0000BD
:108260000048EFFFF600006FFFFBFFF6000EF3CFB4
:1082700023FFF600EE0AF204FFF609FEFC0004FFFD
:10828000F108DA10000262000000000000000000A7
:108290006FFFF987000008FFFF98F708A68FFFF926
:1082A0005990FFA8FFFFFCCC0FFA8FFFFFFFF1FFF3
:1082B000A8FFFFFFFF1FFA8FFFFFFFF1FFA8FFFFDF
:1082C000FFFF1FFA8FFFFFFFF1FFA8FFFFFFFF1F58
:1082D000FA7FFFFFFFF0FFE3122222210FFFFFFFD3
:1082E000F90000ACCCCCCB5000004999999995008D
:1082F0000EFFFFFFFFF600FD2222224FF60FC00007
:108300000001FFF3FC0000001FFF6FC0000002FF30
:10831000F6FFFFFFFFFFFF6FFFFFDCFFFFF6FFFF32
:10832000B005FFFF6FFFF6000FFFF6FFFFC006FF6F
:10833000FF6FFFFFEDFFFFF69FFFFFFFFFFD10CD7B
:10834000DDDDDDDDDD2FFFFFFFFFFFF31222222247
:108350002222000000000000000000000000000FCA
:10836000FFFFFFFFFFF3DEEEEEEEEEEE200000007B
:108370000000000000000000000DEEEEEEEEEEE268
:10838000FFFFFFFFFFFF300000000000003788887C
:1083900088888873EFFFFFFFFFFFFEEFFFFFFFFFFF
:1083A000FFFE1CFFFFFFFFFFC1D28FFFFFFFF82D75
:1083B000FF64EFFFFE45FFFFFA2BFFB2AFFFFFFFA9
:1083C000D3553DFFFFFFFFFFBBFFFFFFFFFFFFFF99
:1083D000FFFFFFAFFFFFFFFFFFF9000000000001FC
:1083E000FFFFF00004FFFFD00006FFFF800008FF42
:1083F000FF30000AFFFFAAA60CFFFFFFF80EFFFFE9
:10840000FFE10BDDDFFF6000004FFD0000007FF3A8
:10841000000000BFA0000000FF10000003F80000F3
:108420000003C000000000200000000455EFB5521A
:108430000000FFFD1FFFB0000FFFFFFFFC0000FF6B
:10844000FF533320000FFF97FFFB5700FFF8AFFFEC
:10845000C6F80FFF8AFFFC4AA1FFF8AFFFE3220F27
:10846000FF8AFFFFFFF4FFF8AFFFFFFF4FFF8AFF18
:10847000FFFFF43552AFFFFFFF40000AFFFFFFF49C
:1084800000007FFFFFFE2000000110000000000040
:10849000AF00000000018FFA30000002EFFFFF5034
:1084A0000000BFFFFFFF10001FFFFFFFF50003FFED
:1084B000FFFFFF70005FFFFFFFF90008FFFFFFFFF6
:1084C000C000DFFFFFFFFF209FFFFFFFFFFD0EFF4C
:1084D000FFFFFFFFF2022222222221000008FFC03C
:1084E0000000000009A20000005BBBBBBBBBBBBB24
:1084F000A3FFFFFFFFFFFFFFFBFC0C30E11D0D1191
:10850000FCFC0B30E01D0D10FCFFFEFFEFFEFEEF4C
:10851000FCFFF15A0870A05FFCFFF37B2992C27F39
:10852000FCFFBFCBBBBBBFCBFCFC0B2000000D0096
:10853000FCFFCFCCCCCCCFCCFB9FFFFFFFFFFFFFDE
:10854000F60000000000000200000000000005DF4F
:10855000B00000000007EFFFD000000018FFFFFF91
:1085600070000029FFFFFFFF00003BFFFFFFFFF847
:10857000000AFFFFFFFFFFF1000FFFFFFFFFFFA05B
:1085800000049AAAAFFFFF20000000000EFFFB00CE
:10859000000000000EFFF400000000000EFFC0000D
:1085A000000000000EFF5000000000000DFD000064
:1085B0000000000004B300000035555502000FFF15
:1085C000FFF2F400FFFFFF2FF40FFFFFF2FFF3FFB6
:1085D000FFFF32221FFFFFFFFFF7FFFFFFFFFF8FAD
:1085E000FFFFFFFFF8FFFFFFFFFF8FFFFFFFFFF819
:1085F000FFFFFFFFFF8FFFFFFFFFF8FFFFFFFFFF02
:108600008FFFFFFFFFF88AAAAAAAAA300000002461
:1086100055310000000003AFFFFFFFC7000002BF9D
:10862000FFFEDEFFFFF6005FFFB51000038EFFB018
:10863000DFD300000000008FF5180005AEFEC81063
:1086400004600002DFFFFFFFF80000000CFF95341C
:108650007DFF40000002A200000077000000000043
:108660000296000000000000000DFF500000000016
:1086700000000EFF6000000000000005DA000000AE
:10868000005BBBBBBBBBBBBBBA20FFFFFFFFFFFF59
:10869000FFFF90FC1222222222220FF7FC5FFFFF35
:1086A000FFFFFF2CFAFC5FFFFFFFFFFF21FAFC5FDB
:1086B000FFFFFFFFFF27FAFC2666666666661FFA65
:1086C000FEBBBBBBBBBBBBBFB1AFFFFFFFFFFFFF31
:1086D000FF500000000000000000005BBBBBBBBB04
:1086E000BBBBBA20FFFFFFFFFFFFFFFF90FC122282
:1086F000222221000FF7FC5FFFFFFFF8000CFAFCBD
:108700005FFFFFFFF80001FAFC5FFFFFFFF80007C3
:10871000FAFC2666666663000FFAFEBBBBBBBBBBFA
:10872000BBBFB1AFFFFFFFFFFFFFFF500000000026
:1087300000000000005BBBBBBBBBBBBBBA20FFFFA4
:10874000FFFFFFFFFFFF90FC1222221000000FF737
:10875000FC5FFFFFD000000CFAFC5FFFFFD00000C1
:1087600001FAFC5FFFFFD0000007FAFC26666650A6
:1087700000000FFAFEBBBBBBBBBBBBBFB1AFFFFF73
:10878000FFFFFFFFFF500000000000000000005B43
:10879000BBBBBBBBBBBBBA20FFFFFFFFFFFFFFFFA5
:1087A00090FC1222000000000FF7FC5FFF30000079
:1087B000000CFAFC5FFF3000000001FAFC5FFF30A4
:1087C00000000007FAFC2666100000000FFAFEBB4E
:1087D000BBBBBBBBBBBFB1AFFFFFFFFFFFFFFF508A
:1087E0000000000000000000005BBBBBBBBBBBBBCC
:1087F000BA20FFFFFFFFFFFFFFFF90FC000000001B
:1088000000000FF7FC0000000000000CFAFC000064
:108810000000000001FAFC00000000000007FAFC64
:108820000000000000000FFAFEBBBBBBBBBBBBBF20
:10883000B1AFFFFFFFFFFFFFFF500000000000008F
:108840000000000000000007B20000000000000A65
:10885000DFFA000000000000A93DF5000000044020
:1088600002E00010000000AFF80B600000006C3068
:10887000FFFFFFFFFFFFFFFFF4AFF9000C50000008
:108880006D4005500004C00000100000000000C44E
:108890003EE80000000000002EEFFA00000000009B
:1088A00000004FFA0000000000000000000000007F
:1088B00000011000000007EFFFB30000AFFD8FFFC5
:1088C0002004FFFD09FFB00AFEFD12AFF00EF55DBA
:1088D0002C0EF30FFF33129FF50FFFF307FFF60F78
:1088E000FFE206FFF60FFE24137FF50DF57D2C0D3C
:1088F000F30AFFFD11BFF003FFFE0BFFA0007FFE98
:10890000BFFE100003ACDC81000000344300000512
:10891000667FFFF96650FFFFFFFFFFFF3566666663
:108920006666501CCCCCCCCCC402FFFFFFFFFF60BE
:108930002FF3FB7F6DF602FF2FB7F5DF602FF2FB01
:108940007F5DF602FF2FB7F5DF602FF2FB7F5DF64C
:1089500002FF2FB7F5DF602FF3FB7F6DF601FFFFFE
:10896000FFFFFF5007BCCCCCCC9000000000000003
:108970000120000000000004FF500000000002FF82
:10898000FF500000000439FFFE00000004FF39FF23
:10899000A0000004FFFF39B0000004FFFFFF20002B
:1089A0000004FFFFFFB0000004FFFFFFB000000461
:1089B000FFFFFFB0000004FFFFFFB0000000BFFF9B
:1089C000FFB00000000DFFFFB000000000FFFFB08F
:1089D0000000000009A860000000000000001788E7
:1089E00088888887400002EFFFFFFFFFFFF4003E0A
:1089F000FFFFCFFFCFFFF703EFFFF908F809FFF8FC
:108A00003EFFFFFE20402EFFF8DFFFFFFFE101EFFA
:108A1000FFF89FFFFFFF80008FFFF809FFFFF902BB
:108A2000C209FFF8009FFFFE4EFE4EFFF80009FF4F
:108A3000FFFFFFFFFFF700008FFFFFFFFFFFC100F9
:108A4000000000000003EFFFFFE203FBFBCEBFA42A
:108A5000FF1D03A1FAFFF1D03A1FAFFFFFFFFFFA9E
:108A6000FFFFFFFFFFAFFFFFFFFFFAFFFFFFFFFF6B
:108A7000AFFFFFFFFFFAFFFFFFFFFFAFFFFFFFFFAB
:108A8000FAFFFFFFFFFFADFFFFFFFFF829AAAAAA29
:108A9000A800000000000000030000000000000427
:108AA000F1000820000001FF100BF70000002FF17B
:108AB0000CFF94444445FF1BFFFFFFFFFFFFF18FB6
:108AC000FFFFFFFFFFFD007FF70000000000006FC9
:108AD0006000000000000030000000000062696ECD
:108AE0000042494E00494D41474500494D414745E7
:108AF0005F48454144455200080102040801020450
:108B00000818202010181010101008002010000065
:108B10000000000000000000100000000000000045
:108B20000000040606060C0C3539E52F2FD3282843
:108B3000C61C1CB7601BD85B18C25714AD4F0E88FB
:108B4000AA248EA21F7B9A1B6A8C144AB1355EA898
:108B50002D51A02745921B31AB49399F3F309335AA
:108B6000287E231AE5881ED27619C06515A1470D07
:108B7000E59B03D18802BD77029B5701C1AC00A7DA
:108B800097008F83006460007B89006B79005C69CB
:108B900000404D0047A0433C8E38327D2E205E1BA6
:108BA00042B37C389F682F8B551E693333CAC02B64
:108BB000B4AF249D9E17778235D8FD2DC0FB25A824
:108BC000F9177FF500B3FF00A0FF008FFF006FFFD4
:108BD000008CFB007CF5006CEF0051E61E51F4198F
:108BE0004AE61543D80C36BF414C6D37405D2E34F4
:108BF0004E23273E7A6E54645A454F473738322603
:108C00007575756161614242422121215053EF73B4
:108C100073E59A9AEFD2CDFFEEEBFF7A40EC9262C9
:108C2000F0B18FF4D0BBF8ECE4FCBC47ABC868BA39
:108C3000D893CEE7BEE1F5E5F3C2577ECD7595DB5F
:108C40009DB3E9C4D1F6E7EDC06B5CCB8679DAA8B9
:108C50009FE9CAC5F6EAE8F5A542F6B564F9CA90F7
:108C6000FBDEBBFDF2E3F6B629F7C34FFAD481FC75
:108C7000E5B3FEF5E1DAC626E1D04DEADE80F2EB9F
:108C8000B2FAF7E09AA626ACB64DC4CB80DBDFB2D1
:108C9000F1F2E06ABB6684C781A7D6A5C9E6C8E938
:108CA000F5E865CC9C81D5AEA5E1C5C8EDDCE9F859
:108CB000F157E1D475E7DC9CEEE6C3F4F0E7FBF98D
:108CC00058EEFF76F1FF9DF5FFC4F9FFE7FDFF28A1
:108CD000CAFF4FD5FF82E0FFB3ECFFE1F8FF26A704
:108CE000FF4DB7FF80CCFFB2E0FFE0F3FF4370FF22
:108CF000658AFF91ABFFBCCCFFE7E9FB636E8D7F1C
:108D000088A1A4AABCC8CCD7E9EBEF9C9078AEA40C
:108D100090C5BEB0DCD8CFF1EFECBDBDBDE0E0E06A
:108D2000EEEEEEF5F5F5FAFAFA3643F4631EE9B025
:108D3000279CB73A67B5513FF39621F4A903D4BCF9
:108D40000088960050AF4C4AC38B39DCCD3BEBFF1B
:108D500007C1FF0098FF2257FF4855798B7D609E21
:108D60009E9EFFFFFF0004040204040404040404A4
:108D700000000000000606060606060400060606B9
:108D800006000000000000000000000005020000D6
:108D900000000000000400000000000000020002CB
:108DA00002020002000202020000000000020000B5
:108DB00000000000000200000000000000010105AA
:108DC000050501050000000010010100000010224F
:108DD000220C0C323232000032321000000000044B
:108DE000040404040404040404040404040400202B
:108DF0002C2E3B3A2D5F297D00EF808C001D1C6AD4
:108E00006B6D6C706E6F7978006C765F6172630069
:108E10006C765F626172006C765F627574746F6EFF
:108E2000006C765F627574746F6E6D6174726978D0
:108E30000042746E310042746E320042746E330030
:108E400042746E340042746E350025640053750020
:108E50004D6F00547500576500546800467200530A
:108E600061006C765F63616C656E64617200EF81B6
:108E70009300EF8194002564202573004A616E758C
:108E8000617279004665627275617279004D617236
:108E9000636800417072696C004D6179004A756EBB
:108EA00065004A756C790041756775737400536588
:108EB0007074656D626572004F63746F62657200F5
:108EC0004E6F76656D62657200446563656D6265BF
:108ED00072006C765F63616C656E6461725F686579
:108EE000616465725F6172726F7700323032350A89
:108EF000323032340A323032330A323032320A32CD
:108F00003032310A323032300A323031390A3230BE
:108F100031380A323031370A323031360A323031A4
:108F2000350A323031340A323031330A323031329C
:108F30000A323031310A323031300A323030390AB7
:108F4000323030380A323030370A323030360A3276
:108F50003030350A323030340A323030330A323071
:108F600030320A323030310A323030300A31393959
:108F7000390A313939380A313939370A313939360C
:108F80000A313939350A313939340A313939330A34
:108F9000313939320A313939310A313939300A3106
:108FA0003938390A313938380A313938370A3139DC
:108FB00038360A313938350A313938340A313938D6
:108FC000330A313938320A313938310A31393830D7
:108FD0000A313937390A313937380A313937370ADE
:108FE000313937360A313937350A313937340A31B0
:108FF0003937330A313937320A313937310A3139A1
:1090000037300A313936390A313936380A3139368A
:10901000370A313936360A313936350A313936347C
:109020000A313936330A313936320A313936310AA2
:10903000313936300A313935390A313935380A3162
:109040003935370A313935360A313935350A31394A
:1090500035340A313935330A313935320A31393547
:10906000310A313935300A313934390A3139343835
:109070000A313934370A313934360A313934350A4C
:10908000313934340A313934330A313934320A311E
:109090003934310A313934300A313933390A313906
:1090A00033380A313933370A313933360A313933F3
:1090B000350A313933340A313933330A31393332ED
:1090C0000A313933310A313933300A313932390A08
:1090D000313932380A313932370A313932360A31C8
:1090E0003932350A313932340A313932330A3139B9
:1090F00032320A313932310A313932300A313931BA
:10910000390A313931380A313931370A3139313692
:109110000A313931350A313931340A313931330ABA
:10912000313931320A313931310A313931300A318C
:109130003930390A313930380A313930370A313962
:1091400030360A313930350A313930340A31393064
:10915000330A313930320A313930310030310A3096
:10916000320A30330A30340A30350A30360A3037A2
:109170000A30380A30390A31300A31310A313200C6
:109180006C765F63616C656E6461725F6865616473
:1091900065725F64726F70646F776E006C765F6388
:1091A0006861727400436865636B20626F78006C5D
:1091B000765F636865636B626F7800EF81B8004F1C
:1091C0007074696F6E20310A4F7074696F6E20324F
:1091D0000A4F7074696F6E2033006C765F64726F33
:1091E00070646F776E2D6C697374006C765F647257
:1091F0006F70646F776E006C765F696D6167650094
:109200006162630041424300312300EF808D00EF33
:10921000849C00456E74657200EFA2A200EF959ADF
:10922000002B2F2D00360039002E002B0026002F9A
:10923000003D00250021003F003C003E005C004056
:1092400000240028007B005B005D003B002200271B
:10925000002000510054005900550049004F0050B3
:10926000004100530044004600470048004A004BBC
:10927000004C005F005A005800560042004D002C80
:10928000003A00660067006B007A00760062006DAD
:10929000006C765F6B6579626F617264005465780B
:1092A00074006C765F6C6162656C006C765F6C65F7
:1092B00064006C765F6C696E65006C765F6C6973D8
:1092C000745F74657874006C765F6C6973745F6248
:1092D0007574746F6E006C765F6C697374006C7675
:1092E0005F6D656E755F736570617261746F72003A
:1092F0006C765F6D656E755F73656374696F6E0024
:109300006C765F6D656E755F636F6E74006C765F13
:109310006D656E755F70616765006C765F6D656E1B
:1093200075006C765F6D7367626F785F6261636B07
:1093300064726F70006C765F6D7367626F785F68E0
:1093400065616465725F627574746F6E006C765FE0
:109350006D7367626F785F666F6F7465725F627559
:1093600074746F6E006C765F6D7367626F785F66A2
:109370006F6F746572006C765F6D7367626F785F94
:10938000636F6E74656E74006C765F6D7367626F89
:10939000785F686561646572006C765F6D736762A3
:1093A0006F78004F7074696F6E20310A4F70746966
:1093B0006F6E20320A4F7074696F6E20330A4F70DF
:1093C00074696F6E20340A4F7074696F6E203500B7
:1093D0006C765F726F6C6C65725F6C6162656C005D
:1093E0006C765F726F6C6C6572006C765F73636134
:1093F0006C65006C765F736C69646572006C765F97
:109400007370696E626F78006C765F7370696E6EF0
:109410006572006C765F737769746368006C765F61
:109420007461626C65006C765F7461627669657701
:1094300000E280A2006C765F746578746172656189
:10944000006C765F74696C65006C765F74696C653E
:1094500076696577006C765F77696E006C76676C0D
:109460005F706F696E746572006D61696E0073790B
:1094700073776F726B71002A2A2A20426F6F7469AA
:109480006E67205A6570687972204F532062756943
:109490006C642076342E322E30202A2A2A0A0028A4
:1094A0006E756C6C29002A666C6F61742A0000006E
:1094B00095B7010000000000C7BB010000000000DC
:1094C000000000000000000018000020180000202C
:1094D00001000000010000002800002028000020FA
:1094E000000000000100000000000000000000007B
:1094F00000000000C0470300010000004C000020F5
:109500004C00002000000000010000005C00002072
:109510005C000020000000000100000000000000CE
:10952000000000000000000000000000000000003B
:10953000000000000000000000000000000000002B
:10954000C84103000000000000000000CACA01205A
:10955000C2CA01200000000000000000000000005E
:1095600000000000000000000000000000000000FB
:1095700000000000000000000000000000000000EB
:1095800000000000000000000000000000000000DB
:1095900000000000000000000000000000000000CB
:1095A00000000000000000000000000000000000BB
:1095B00000000000000000000000000000000000AB
:1095C0000000000008000000FF0000000000000094
:1095D0000300000000000000FFFF0F008C59030093
:1095E0003C590300EC580300CA5803008C5903008F
:1095F0008C5903008C5903008C59030000000000B3
:109600000000000090510300E050030030500300C0
:10961000DC4F030090510300905103009051030070
:1096200090510300000000000000000090020000C4
:089630008001002080010020F0
:109638000000000000000000000000000000000022
:0C96480000000000000000000000000016
:109654000000000080ED01200080000000000000F8
:049664000000000002
:10966800B8010020B80100200C0000001000000024
:10967800806D0220406E0220806D0220806D0220E5
:109688000000000000000000E0010020E0010020D0
:10969800340000000A000000406E022048700220DA
:1096A800406E0220406E0220000000000000000012
:0496B80015E015E0C4
:0400000300000AF1FE
:00000001FF
